Temperature (C),Heat Capacity (J/g-C),Enthalpy (J/g)
13,1.371,1.371
13.01,1.371,1.38471
13.01,1.371,1.38471
13.02,1.372,1.39843
13.03,1.372,1.41215
13.04,1.372,1.42587
13.05,1.373,1.4396
13.05,1.373,1.4396
13.06,1.373,1.45333
13.07,1.373,1.46706
13.08,1.373,1.48079
13.09,1.373,1.49452
13.1,1.373,1.50825
13.1,1.374,1.50825
13.11,1.374,1.52199
13.12,1.374,1.53573
13.13,1.374,1.54947
13.14,1.374,1.56321
13.15,1.374,1.57695
13.15,1.374,1.57695
13.16,1.374,1.59069
13.17,1.374,1.60443
13.18,1.374,1.61817
13.19,1.374,1.63191
13.2,1.375,1.64566
13.2,1.375,1.64566
13.21,1.375,1.65941
13.22,1.375,1.67316
13.23,1.375,1.68691
13.24,1.375,1.70066
13.25,1.376,1.71442
13.25,1.376,1.71442
13.26,1.376,1.72818
13.27,1.377,1.74195
13.28,1.377,1.75572
13.29,1.377,1.76949
13.3,1.378,1.78327
13.3,1.378,1.78327
13.31,1.378,1.79705
13.32,1.378,1.81083
13.33,1.378,1.82461
13.34,1.378,1.83839
13.35,1.378,1.85217
13.35,1.378,1.85217
13.36,1.378,1.86595
13.37,1.378,1.87973
13.38,1.378,1.89351
13.39,1.378,1.90729
13.4,1.379,1.92108
13.4,1.379,1.92108
13.41,1.379,1.93487
13.42,1.379,1.94866
13.43,1.379,1.96245
13.44,1.379,1.97624
13.44,1.38,1.97624
13.45,1.38,1.99004
13.46,1.38,2.00384
13.47,1.38,2.01764
13.48,1.38,2.03144
13.49,1.381,2.04525
13.5,1.381,2.05906
13.5,1.381,2.05906
13.51,1.381,2.07287
13.52,1.381,2.08668
13.53,1.381,2.10049
13.54,1.381,2.1143
13.54,1.381,2.1143
13.55,1.381,2.12811
13.56,1.381,2.14192
13.57,1.381,2.15573
13.58,1.382,2.16955
13.59,1.382,2.18337
13.59,1.382,2.18337
13.6,1.382,2.19719
13.61,1.382,2.21101
13.62,1.382,2.22483
13.63,1.382,2.23865
13.64,1.382,2.25247
13.64,1.383,2.25247
13.65,1.383,2.2663
13.66,1.383,2.28013
13.67,1.383,2.29396
13.68,1.384,2.3078
13.69,1.384,2.32164
13.69,1.384,2.32164
13.7,1.384,2.33548
13.71,1.384,2.34932
13.72,1.385,2.36317
13.73,1.385,2.37702
13.74,1.385,2.39087
13.74,1.385,2.39087
13.75,1.385,2.40472
13.76,1.385,2.41857
13.77,1.385,2.43242
13.78,1.385,2.44627
13.79,1.385,2.46012
13.79,1.385,2.46012
13.8,1.385,2.47397
13.81,1.385,2.48782
13.82,1.385,2.50167
13.83,1.385,2.51552
13.83,1.386,2.51552
13.84,1.386,2.52938
13.85,1.386,2.54324
13.86,1.386,2.5571
13.87,1.387,2.57097
13.88,1.387,2.58484
13.89,1.387,2.59871
13.89,1.387,2.59871
13.9,1.387,2.61258
13.91,1.387,2.62645
13.92,1.387,2.64032
13.93,1.387,2.65419
13.93,1.387,2.65419
13.94,1.387,2.66806
13.95,1.387,2.68193
13.96,1.387,2.6958
13.97,1.387,2.70967
13.98,1.387,2.72354
13.99,1.388,2.73742
13.99,1.388,2.73742
14,1.388,2.7513
14.01,1.388,2.76518
14.02,1.387,2.77905
14.03,1.387,2.79292
14.04,1.387,2.80679
14.04,1.387,2.80679
14.05,1.387,2.82066
14.06,1.387,2.83453
14.07,1.387,2.8484
14.08,1.387,2.86227
14.09,1.387,2.87614
14.09,1.388,2.87614
14.1,1.388,2.89002
14.11,1.388,2.9039
14.12,1.388,2.91778
14.13,1.388,2.93166
14.13,1.389,2.93166
14.14,1.389,2.94555
14.15,1.389,2.95944
14.16,1.39,2.97334
14.17,1.39,2.98724
14.18,1.39,3.00114
14.18,1.39,3.00114
14.19,1.39,3.01504
14.2,1.39,3.02894
14.21,1.391,3.04285
14.22,1.391,3.05676
14.23,1.391,3.07067
14.23,1.391,3.07067
14.24,1.391,3.08458
14.25,1.391,3.09849
14.26,1.391,3.1124
14.27,1.391,3.12631
14.28,1.391,3.14022
14.29,1.391,3.15413
14.29,1.391,3.15413
14.3,1.391,3.16804
14.31,1.391,3.18195
14.32,1.391,3.19586
14.33,1.391,3.20977
14.33,1.391,3.20977
14.34,1.392,3.22369
14.35,1.392,3.23761
14.36,1.392,3.25153
14.37,1.393,3.26546
14.38,1.393,3.27939
14.38,1.393,3.27939
14.39,1.393,3.29332
14.4,1.393,3.30725
14.41,1.393,3.32118
14.42,1.393,3.33511
14.43,1.393,3.34904
14.44,1.393,3.36297
14.44,1.393,3.36297
14.45,1.393,3.3769
14.46,1.393,3.39083
14.47,1.394,3.40477
14.48,1.394,3.41871
14.48,1.394,3.41871
14.49,1.395,3.43266
14.5,1.395,3.44661
14.51,1.395,3.46056
14.52,1.395,3.47451
14.53,1.395,3.48846
14.54,1.395,3.50241
14.54,1.395,3.50241
14.55,1.396,3.51637
14.56,1.396,3.53033
14.57,1.396,3.54429
14.58,1.396,3.55825
14.58,1.396,3.55825
14.59,1.396,3.57221
14.6,1.396,3.58617
14.61,1.396,3.60013
14.62,1.396,3.61409
14.63,1.396,3.62805
14.64,1.396,3.64201
14.64,1.396,3.64201
14.65,1.397,3.65598
14.66,1.397,3.66995
14.67,1.397,3.68392
14.68,1.397,3.69789
14.69,1.397,3.71186
14.69,1.397,3.71186
14.7,1.397,3.72583
14.71,1.397,3.7398
14.72,1.397,3.75377
14.73,1.398,3.76775
14.73,1.398,3.76775
14.74,1.398,3.78173
14.75,1.398,3.79571
14.76,1.399,3.8097
14.77,1.399,3.82369
14.78,1.399,3.83768
14.79,1.399,3.85167
14.79,1.4,3.85167
14.8,1.4,3.86567
14.81,1.4,3.87967
14.82,1.4,3.89367
14.83,1.4,3.90767
14.84,1.401,3.92168
14.84,1.401,3.92168
14.85,1.401,3.93569
14.86,1.401,3.9497
14.87,1.401,3.96371
14.88,1.401,3.97772
14.88,1.401,3.97772
14.89,1.401,3.99173
14.9,1.401,4.00574
14.91,1.401,4.01975
14.92,1.401,4.03376
14.93,1.401,4.04777
14.93,1.402,4.04777
14.94,1.402,4.06179
14.95,1.402,4.07581
14.96,1.403,4.08984
14.97,1.403,4.10387
14.98,1.403,4.1179
14.98,1.403,4.1179
14.99,1.404,4.13194
15,1.404,4.14598
15.01,1.404,4.16002
15.02,1.404,4.17406
15.03,1.404,4.1881
15.03,1.404,4.1881
15.04,1.404,4.20214
15.05,1.404,4.21618
15.06,1.404,4.23022
15.07,1.404,4.24426
15.08,1.404,4.2583
15.08,1.404,4.2583
15.09,1.404,4.27234
15.1,1.405,4.28639
15.11,1.405,4.30044
15.12,1.405,4.31449
15.12,1.405,4.31449
15.13,1.405,4.32854
15.14,1.406,4.3426
15.15,1.406,4.35666
15.16,1.406,4.37072
15.17,1.406,4.38478
15.18,1.406,4.39884
15.18,1.406,4.39884
15.19,1.406,4.4129
15.2,1.406,4.42696
15.21,1.406,4.44102
15.22,1.406,4.45508
15.23,1.406,4.46914
15.23,1.406,4.46914
15.24,1.406,4.4832
15.25,1.406,4.49726
15.26,1.407,4.51133
15.27,1.407,4.5254
15.28,1.407,4.53947
15.28,1.407,4.53947
15.29,1.407,4.55354
15.3,1.407,4.56761
15.31,1.408,4.58169
15.32,1.408,4.59577
15.33,1.408,4.60985
15.33,1.408,4.60985
15.34,1.407,4.62392
15.35,1.407,4.63799
15.36,1.407,4.65206
15.37,1.407,4.66613
15.38,1.407,4.6802
15.38,1.407,4.6802
15.39,1.408,4.69428
15.4,1.408,4.70836
15.41,1.408,4.72244
15.42,1.408,4.73652
15.43,1.408,4.7506
15.43,1.408,4.7506
15.44,1.408,4.76468
15.45,1.408,4.77876
15.46,1.408,4.79284
15.47,1.408,4.80692
15.47,1.408,4.80692
15.48,1.408,4.821
15.49,1.408,4.83508
15.5,1.408,4.84916
15.51,1.408,4.86324
15.52,1.408,4.87732
15.52,1.409,4.87732
15.53,1.409,4.89141
15.54,1.409,4.9055
15.55,1.409,4.91959
15.56,1.409,4.93368
15.57,1.409,4.94777
15.57,1.409,4.94777
15.58,1.409,4.96186
15.59,1.409,4.97595
15.6,1.409,4.99004
15.61,1.409,5.00413
15.62,1.409,5.01822
15.63,1.409,5.03231
15.63,1.409,5.03231
15.64,1.409,5.0464
15.65,1.409,5.06049
15.66,1.409,5.07458
15.67,1.409,5.08867
15.68,1.41,5.10277
15.68,1.41,5.10277
15.69,1.41,5.11687
15.7,1.41,5.13097
15.71,1.41,5.14507
15.72,1.41,5.15917
15.72,1.411,5.15917
15.73,1.411,5.17328
15.74,1.41,5.18738
15.75,1.41,5.20148
15.76,1.41,5.21558
15.77,1.41,5.22968
15.77,1.41,5.22968
15.78,1.41,5.24378
15.79,1.41,5.25788
15.8,1.41,5.27198
15.81,1.41,5.28608
15.82,1.411,5.30019
15.83,1.411,5.3143
15.83,1.411,5.3143
15.84,1.411,5.32841
15.85,1.411,5.34252
15.86,1.411,5.35663
15.87,1.411,5.37074
15.87,1.411,5.37074
15.88,1.411,5.38485
15.89,1.411,5.39896
15.9,1.411,5.41307
15.91,1.411,5.42718
15.92,1.411,5.44129
15.92,1.412,5.44129
15.93,1.412,5.45541
15.94,1.412,5.46953
15.95,1.412,5.48365
15.96,1.412,5.49777
15.97,1.412,5.51189
15.97,1.412,5.51189
15.98,1.412,5.52601
15.99,1.412,5.54013
16,1.412,5.55425
16.01,1.412,5.56837
16.02,1.412,5.58249
16.03,1.412,5.59661
16.03,1.413,5.59661
16.04,1.413,5.61074
16.05,1.413,5.62487
16.06,1.413,5.639
16.07,1.414,5.65314
16.07,1.414,5.65314
16.08,1.414,5.66728
16.09,1.414,5.68142
16.1,1.414,5.69556
16.11,1.414,5.7097
16.12,1.414,5.72384
16.13,1.414,5.73798
16.13,1.414,5.73798
16.14,1.415,5.75213
16.15,1.415,5.76628
16.16,1.415,5.78043
16.17,1.415,5.79458
16.17,1.415,5.79458
16.18,1.415,5.80873
16.19,1.415,5.82288
16.2,1.415,5.83703
16.21,1.415,5.85118
16.22,1.415,5.86533
16.22,1.416,5.86533
16.23,1.416,5.87949
16.24,1.416,5.89365
16.25,1.416,5.90781
16.26,1.416,5.92197
16.27,1.416,5.93613
16.28,1.415,5.95028
16.28,1.415,5.95028
16.29,1.416,5.96444
16.3,1.416,5.9786
16.31,1.416,5.99276
16.32,1.416,6.00692
16.32,1.416,6.00692
16.33,1.416,6.02108
16.34,1.416,6.03524
16.35,1.417,6.04941
16.36,1.417,6.06358
16.36,1.417,6.06358
16.37,1.417,6.07775
16.38,1.417,6.09192
16.39,1.417,6.10609
16.4,1.417,6.12026
16.41,1.418,6.13444
16.41,1.418,6.13444
16.42,1.418,6.14862
16.43,1.418,6.1628
16.44,1.418,6.17698
16.45,1.418,6.19116
16.46,1.418,6.20534
16.47,1.418,6.21952
16.47,1.418,6.21952
16.48,1.418,6.2337
16.49,1.418,6.24788
16.5,1.418,6.26206
16.51,1.418,6.27624
16.52,1.418,6.29042
16.52,1.418,6.29042
16.53,1.418,6.3046
16.54,1.418,6.31878
16.55,1.418,6.33296
16.56,1.418,6.34714
16.57,1.418,6.36132
16.57,1.418,6.36132
16.58,1.418,6.3755
16.59,1.418,6.38968
16.6,1.419,6.40387
16.61,1.419,6.41806
16.62,1.419,6.43225
16.62,1.419,6.43225
16.63,1.419,6.44644
16.64,1.419,6.46063
16.65,1.419,6.47482
16.66,1.419,6.48901
16.67,1.419,6.5032
16.67,1.419,6.5032
16.68,1.419,6.51739
16.69,1.419,6.53158
16.7,1.419,6.54577
16.71,1.419,6.55996
16.72,1.419,6.57415
16.72,1.419,6.57415
16.73,1.419,6.58834
16.74,1.419,6.60253
16.75,1.419,6.61672
16.76,1.419,6.63091
16.77,1.419,6.6451
16.77,1.419,6.6451
16.78,1.419,6.65929
16.79,1.419,6.67348
16.8,1.419,6.68767
16.81,1.42,6.70187
16.82,1.42,6.71607
16.82,1.42,6.71607
16.83,1.419,6.73026
16.84,1.419,6.74445
16.85,1.419,6.75864
16.86,1.419,6.77283
16.86,1.419,6.77283
16.87,1.419,6.78702
16.88,1.419,6.80121
16.89,1.42,6.81541
16.9,1.42,6.82961
16.91,1.42,6.84381
16.91,1.42,6.84381
16.92,1.42,6.85801
16.93,1.42,6.87221
16.94,1.42,6.88641
16.95,1.42,6.90061
16.96,1.42,6.91481
16.97,1.42,6.92901
16.97,1.42,6.92901
16.98,1.42,6.94321
16.99,1.42,6.95741
17,1.42,6.97161
17.01,1.421,6.98582
17.01,1.421,6.98582
17.02,1.421,7.00003
17.03,1.421,7.01424
17.04,1.421,7.02845
17.05,1.421,7.04266
17.06,1.421,7.05687
17.07,1.421,7.07108
17.07,1.421,7.07108
17.08,1.421,7.08529
17.09,1.421,7.0995
17.1,1.421,7.11371
17.11,1.421,7.12792
17.12,1.421,7.14213
17.12,1.421,7.14213
17.13,1.422,7.15635
17.14,1.421,7.17056
17.15,1.421,7.18477
17.16,1.421,7.19898
17.17,1.421,7.21319
17.17,1.421,7.21319
17.18,1.421,7.2274
17.19,1.421,7.24161
17.2,1.421,7.25582
17.21,1.421,7.27003
17.22,1.421,7.28424
17.22,1.421,7.28424
17.23,1.422,7.29846
17.24,1.422,7.31268
17.25,1.422,7.3269
17.26,1.422,7.34112
17.27,1.422,7.35534
17.27,1.423,7.35534
17.28,1.423,7.36957
17.29,1.423,7.3838
17.3,1.423,7.39803
17.31,1.422,7.41225
17.32,1.422,7.42647
17.32,1.422,7.42647
17.33,1.422,7.44069
17.34,1.422,7.45491
17.35,1.422,7.46913
17.36,1.422,7.48335
17.37,1.423,7.49758
17.37,1.423,7.49758
17.38,1.423,7.51181
17.39,1.423,7.52604
17.4,1.423,7.54027
17.41,1.423,7.5545
17.42,1.423,7.56873
17.42,1.423,7.56873
17.43,1.423,7.58296
17.44,1.423,7.59719
17.45,1.423,7.61142
17.46,1.423,7.62565
17.47,1.424,7.63989
17.47,1.424,7.63989
17.48,1.424,7.65413
17.49,1.424,7.66837
17.5,1.424,7.68261
17.51,1.424,7.69685
17.52,1.424,7.71109
17.52,1.425,7.71109
17.53,1.425,7.72534
17.54,1.425,7.73959
17.55,1.426,7.75385
17.56,1.426,7.76811
17.57,1.426,7.78237
17.57,1.426,7.78237
17.58,1.425,7.79662
17.59,1.425,7.81087
17.6,1.425,7.82512
17.61,1.425,7.83937
17.61,1.425,7.83937
17.62,1.425,7.85362
17.63,1.425,7.86787
17.64,1.425,7.88212
17.65,1.425,7.89637
17.66,1.425,7.91062
17.67,1.425,7.92487
17.67,1.425,7.92487
17.68,1.425,7.93912
17.69,1.425,7.95337
17.7,1.426,7.96763
17.71,1.426,7.98189
17.72,1.426,7.99615
17.72,1.426,7.99615
17.73,1.426,8.01041
17.74,1.426,8.02467
17.75,1.426,8.03893
17.76,1.426,8.05319
17.76,1.426,8.05319
17.77,1.426,8.06745
17.78,1.426,8.08171
17.79,1.426,8.09597
17.8,1.426,8.11023
17.81,1.426,8.12449
17.81,1.426,8.12449
17.82,1.426,8.13875
17.83,1.427,8.15302
17.84,1.427,8.16729
17.85,1.427,8.18156
17.86,1.427,8.19583
17.87,1.427,8.2101
17.87,1.427,8.2101
17.88,1.427,8.22437
17.89,1.427,8.23864
17.9,1.427,8.25291
17.91,1.427,8.26718
17.91,1.427,8.26718
17.92,1.427,8.28145
17.93,1.427,8.29572
17.94,1.427,8.30999
17.95,1.427,8.32426
17.96,1.428,8.33854
17.97,1.428,8.35282
17.97,1.428,8.35282
17.98,1.428,8.3671
17.99,1.428,8.38138
18,1.428,8.39566
18.01,1.428,8.40994
18.01,1.428,8.40994
18.02,1.428,8.42422
18.03,1.428,8.4385
18.04,1.428,8.45278
18.05,1.428,8.46706
18.06,1.428,8.48134
18.06,1.428,8.48134
18.07,1.428,8.49562
18.08,1.428,8.5099
18.09,1.428,8.52418
18.1,1.428,8.53846
18.11,1.428,8.55274
18.12,1.428,8.56702
18.12,1.428,8.56702
18.13,1.428,8.5813
18.14,1.428,8.59558
18.15,1.428,8.60986
18.16,1.428,8.62414
18.16,1.429,8.62414
18.17,1.429,8.63843
18.18,1.429,8.65272
18.19,1.429,8.66701
18.2,1.43,8.68131
18.21,1.43,8.69561
18.21,1.429,8.69561
18.22,1.429,8.7099
18.23,1.429,8.72419
18.24,1.429,8.73848
18.25,1.428,8.75276
18.26,1.428,8.76704
18.27,1.428,8.78132
18.27,1.428,8.78132
18.28,1.429,8.79561
18.29,1.429,8.8099
18.3,1.43,8.8242
18.31,1.43,8.8385
18.31,1.43,8.8385
18.32,1.43,8.8528
18.33,1.43,8.8671
18.34,1.43,8.8814
18.35,1.43,8.8957
18.36,1.43,8.91
18.36,1.43,8.91
18.37,1.43,8.9243
18.38,1.43,8.9386
18.39,1.43,8.9529
18.4,1.43,8.9672
18.41,1.43,8.9815
18.41,1.43,8.9815
18.42,1.43,8.9958
18.43,1.43,9.0101
18.44,1.43,9.0244
18.45,1.431,9.03871
18.46,1.431,9.05302
18.46,1.431,9.05302
18.47,1.431,9.06733
18.48,1.431,9.08164
18.49,1.432,9.09596
18.5,1.432,9.11028
18.51,1.432,9.1246
18.51,1.431,9.1246
18.52,1.431,9.13891
18.53,1.431,9.15322
18.54,1.43,9.16752
18.55,1.43,9.18182
18.56,1.43,9.19612
18.56,1.43,9.19612
18.57,1.43,9.21042
18.58,1.43,9.22472
18.59,1.43,9.23902
18.6,1.431,9.25333
18.61,1.431,9.26764
18.62,1.431,9.28195
18.62,1.431,9.28195
18.63,1.431,9.29626
18.64,1.431,9.31057
18.65,1.431,9.32488
18.66,1.431,9.33919
18.66,1.431,9.33919
18.67,1.432,9.35351
18.68,1.432,9.36783
18.69,1.432,9.38215
18.7,1.432,9.39647
18.71,1.432,9.41079
18.71,1.432,9.41079
18.72,1.432,9.42511
18.73,1.432,9.43943
18.74,1.433,9.45376
18.75,1.433,9.46809
18.76,1.433,9.48242
18.77,1.433,9.49675
18.77,1.433,9.49675
18.78,1.433,9.51108
18.79,1.433,9.52541
18.8,1.433,9.53974
18.81,1.433,9.55407
18.81,1.433,9.55407
18.82,1.433,9.5684
18.83,1.433,9.58273
18.84,1.433,9.59706
18.85,1.433,9.61139
18.86,1.433,9.62572
18.87,1.433,9.64005
18.87,1.433,9.64005
18.88,1.433,9.65438
18.89,1.433,9.66871
18.9,1.434,9.68305
18.91,1.434,9.69739
18.91,1.434,9.69739
18.92,1.434,9.71173
18.93,1.434,9.72607
18.94,1.434,9.74041
18.95,1.434,9.75475
18.96,1.434,9.76909
18.96,1.434,9.76909
18.97,1.434,9.78343
18.98,1.434,9.79777
18.99,1.434,9.81211
19,1.434,9.82645
19.01,1.434,9.84079
19.01,1.435,9.84079
19.02,1.435,9.85514
19.03,1.435,9.86949
19.04,1.435,9.88384
19.05,1.435,9.89819
19.06,1.435,9.91254
19.06,1.436,9.91254
19.07,1.436,9.9269
19.08,1.436,9.94126
19.09,1.436,9.95562
19.1,1.436,9.96998
19.11,1.436,9.98434
19.11,1.436,9.98434
19.12,1.436,9.9987
19.13,1.436,10.01306
19.14,1.436,10.02742
19.15,1.436,10.04178
19.16,1.436,10.05614
19.16,1.436,10.05614
19.17,1.436,10.0705
19.18,1.436,10.08486
19.19,1.436,10.09922
19.2,1.436,10.11358
19.21,1.436,10.12794
19.21,1.436,10.12794
19.22,1.436,10.1423
19.23,1.436,10.15666
19.24,1.436,10.17102
19.25,1.437,10.18539
19.25,1.437,10.18539
19.26,1.437,10.19976
19.27,1.437,10.21413
19.28,1.437,10.2285
19.29,1.437,10.24287
19.3,1.437,10.25724
19.31,1.437,10.27161
19.31,1.436,10.27161
19.32,1.436,10.28597
19.33,1.436,10.30033
19.34,1.436,10.31469
19.35,1.436,10.32905
19.36,1.436,10.34341
19.36,1.436,10.34341
19.37,1.436,10.35777
19.38,1.436,10.37213
19.39,1.437,10.3865
19.4,1.437,10.40087
19.41,1.437,10.41524
19.41,1.437,10.41524
19.42,1.437,10.42961
19.43,1.437,10.44398
19.44,1.438,10.45836
19.45,1.438,10.47274
19.46,1.438,10.48712
19.46,1.438,10.48712
19.47,1.438,10.5015
19.48,1.438,10.51588
19.49,1.438,10.53026
19.5,1.438,10.54464
19.5,1.438,10.54464
19.51,1.438,10.55902
19.52,1.438,10.5734
19.53,1.438,10.58778
19.54,1.437,10.60215
19.55,1.437,10.61652
19.56,1.437,10.63089
19.56,1.437,10.63089
19.57,1.437,10.64526
19.58,1.438,10.65964
19.59,1.438,10.67402
19.6,1.438,10.6884
19.61,1.438,10.70278
19.61,1.438,10.70278
19.62,1.438,10.71716
19.63,1.438,10.73154
19.64,1.437,10.74591
19.65,1.437,10.76028
19.66,1.437,10.77465
19.66,1.437,10.77465
19.67,1.437,10.78902
19.68,1.437,10.80339
19.69,1.437,10.81776
19.7,1.437,10.83213
19.71,1.437,10.8465
19.71,1.437,10.8465
19.72,1.437,10.86087
19.73,1.437,10.87524
19.74,1.436,10.8896
19.75,1.436,10.90396
19.76,1.436,10.91832
19.76,1.436,10.91832
19.77,1.437,10.93269
19.78,1.437,10.94706
19.79,1.437,10.96143
19.8,1.438,10.97581
19.81,1.438,10.99019
19.81,1.438,10.99019
19.82,1.439,11.00458
19.83,1.439,11.01897
19.84,1.439,11.03336
19.85,1.438,11.04774
19.86,1.438,11.06212
19.86,1.438,11.06212
19.87,1.438,11.0765
19.88,1.438,11.09088
19.89,1.438,11.10526
19.9,1.438,11.11964
19.91,1.439,11.13403
19.91,1.439,11.13403
19.92,1.439,11.14842
19.93,1.439,11.16281
19.94,1.439,11.1772
19.95,1.439,11.19159
19.96,1.439,11.20598
19.96,1.439,11.20598
19.97,1.439,11.22037
19.98,1.439,11.23476
19.99,1.439,11.24915
20,1.439,11.26354
20.01,1.439,11.27793
20.01,1.439,11.27793
20.02,1.439,11.29232
20.03,1.439,11.30671
20.04,1.439,11.3211
20.05,1.439,11.33549
20.06,1.439,11.34988
20.06,1.439,11.34988
20.07,1.439,11.36427
20.08,1.439,11.37866
20.09,1.44,11.39306
20.1,1.44,11.40746
20.11,1.44,11.42186
20.11,1.441,11.42186
20.12,1.441,11.43627
20.13,1.441,11.45068
20.14,1.441,11.46509
20.15,1.441,11.4795
20.16,1.441,11.49391
20.17,1.441,11.50832
20.17,1.441,11.50832
20.18,1.441,11.52273
20.19,1.441,11.53714
20.2,1.441,11.55155
20.21,1.441,11.56596
20.21,1.441,11.56596
20.22,1.441,11.58037
20.23,1.441,11.59478
20.24,1.441,11.60919
20.25,1.441,11.6236
20.26,1.441,11.63801
20.26,1.441,11.63801
20.27,1.442,11.65243
20.28,1.442,11.66685
20.29,1.442,11.68127
20.3,1.442,11.69569
20.31,1.442,11.71011
20.31,1.442,11.71011
20.32,1.442,11.72453
20.33,1.442,11.73895
20.34,1.442,11.75337
20.35,1.442,11.76779
20.36,1.442,11.78221
20.36,1.442,11.78221
20.37,1.442,11.79663
20.38,1.443,11.81106
20.39,1.443,11.82549
20.4,1.443,11.83992
20.41,1.443,11.85435
20.41,1.443,11.85435
20.42,1.443,11.86878
20.43,1.443,11.88321
20.44,1.443,11.89764
20.45,1.443,11.91207
20.46,1.443,11.9265
20.46,1.443,11.9265
20.47,1.443,11.94093
20.48,1.444,11.95537
20.49,1.444,11.96981
20.5,1.444,11.98425
20.51,1.444,11.99869
20.51,1.444,11.99869
20.52,1.444,12.01313
20.53,1.444,12.02757
20.54,1.444,12.04201
20.55,1.445,12.05646
20.56,1.445,12.07091
20.57,1.445,12.08536
20.57,1.445,12.08536
20.58,1.445,12.09981
20.59,1.445,12.11426
20.6,1.445,12.12871
20.61,1.445,12.14316
20.61,1.446,12.14316
20.62,1.446,12.15762
20.63,1.446,12.17208
20.64,1.446,12.18654
20.65,1.446,12.201
20.66,1.447,12.21547
20.66,1.447,12.21547
20.67,1.447,12.22994
20.68,1.447,12.24441
20.69,1.447,12.25888
20.7,1.447,12.27335
20.71,1.447,12.28782
20.71,1.447,12.28782
20.72,1.447,12.30229
20.73,1.447,12.31676
20.74,1.447,12.33123
20.75,1.447,12.3457
20.76,1.447,12.36017
20.76,1.447,12.36017
20.77,1.447,12.37464
20.78,1.447,12.38911
20.79,1.447,12.40358
20.8,1.447,12.41805
20.81,1.447,12.43252
20.81,1.447,12.43252
20.82,1.447,12.44699
20.83,1.447,12.46146
20.84,1.448,12.47594
20.85,1.448,12.49042
20.86,1.448,12.5049
20.87,1.448,12.51938
20.87,1.448,12.51938
20.88,1.448,12.53386
20.89,1.448,12.54834
20.9,1.448,12.56282
20.91,1.448,12.5773
20.91,1.448,12.5773
20.92,1.448,12.59178
20.93,1.449,12.60627
20.94,1.449,12.62076
20.95,1.449,12.63525
20.96,1.449,12.64974
20.96,1.449,12.64974
20.97,1.449,12.66423
20.98,1.449,12.67872
20.99,1.449,12.69321
21,1.45,12.70771
21.01,1.45,12.72221
21.01,1.45,12.72221
21.02,1.45,12.73671
21.03,1.45,12.75121
21.04,1.451,12.76572
21.05,1.451,12.78023
21.06,1.451,12.79474
21.06,1.45,12.79474
21.07,1.45,12.80924
21.08,1.45,12.82374
21.09,1.45,12.83824
21.1,1.45,12.85274
21.11,1.45,12.86724
21.11,1.45,12.86724
21.12,1.45,12.88174
21.13,1.45,12.89624
21.14,1.45,12.91074
21.15,1.45,12.92524
21.15,1.45,12.92524
21.16,1.45,12.93974
21.17,1.45,12.95424
21.18,1.45,12.96874
21.19,1.45,12.98324
21.2,1.451,12.99775
21.21,1.451,13.01226
21.21,1.451,13.01226
21.22,1.451,13.02677
21.23,1.451,13.04128
21.24,1.451,13.05579
21.25,1.451,13.0703
21.26,1.451,13.08481
21.26,1.451,13.08481
21.27,1.451,13.09932
21.28,1.451,13.11383
21.29,1.451,13.12834
21.3,1.451,13.14285
21.31,1.451,13.15736
21.31,1.451,13.15736
21.32,1.452,13.17188
21.33,1.452,13.1864
21.34,1.452,13.20092
21.35,1.452,13.21544
21.36,1.452,13.22996
21.36,1.452,13.22996
21.37,1.452,13.24448
21.38,1.452,13.259
21.39,1.452,13.27352
21.4,1.452,13.28804
21.41,1.452,13.30256
21.41,1.452,13.30256
21.42,1.452,13.31708
21.43,1.452,13.3316
21.44,1.452,13.34612
21.45,1.452,13.36064
21.46,1.452,13.37516
21.46,1.452,13.37516
21.47,1.452,13.38968
21.48,1.452,13.4042
21.49,1.452,13.41872
21.5,1.452,13.43324
21.51,1.452,13.44776
21.51,1.452,13.44776
21.52,1.453,13.46229
21.53,1.453,13.47682
21.54,1.453,13.49135
21.55,1.453,13.50588
21.56,1.453,13.52041
21.56,1.453,13.52041
21.57,1.453,13.53494
21.58,1.453,13.54947
21.59,1.453,13.564
21.6,1.453,13.57853
21.61,1.453,13.59306
21.62,1.453,13.60759
21.62,1.453,13.60759
21.63,1.454,13.62213
21.64,1.454,13.63667
21.65,1.454,13.65121
21.66,1.454,13.66575
21.66,1.454,13.66575
21.67,1.453,13.68028
21.68,1.453,13.69481
21.69,1.453,13.70934
21.7,1.454,13.72388
21.71,1.454,13.73842
21.71,1.454,13.73842
21.72,1.455,13.75297
21.73,1.455,13.76752
21.74,1.455,13.78207
21.75,1.456,13.79663
21.76,1.456,13.81119
21.76,1.456,13.81119
21.77,1.456,13.82575
21.78,1.456,13.84031
21.79,1.456,13.85487
21.8,1.455,13.86942
21.81,1.456,13.88398
21.81,1.456,13.88398
21.82,1.456,13.89854
21.83,1.456,13.9131
21.84,1.456,13.92766
21.85,1.456,13.94222
21.86,1.456,13.95678
21.86,1.456,13.95678
21.87,1.456,13.97134
21.88,1.456,13.9859
21.89,1.456,14.00046
21.9,1.456,14.01502
21.91,1.456,14.02958
21.91,1.456,14.02958
21.92,1.456,14.04414
21.93,1.456,14.0587
21.94,1.457,14.07327
21.95,1.457,14.08784
21.95,1.458,14.08784
21.96,1.458,14.10242
21.97,1.458,14.117
21.98,1.459,14.13159
21.99,1.459,14.14618
22,1.458,14.16076
22.01,1.458,14.17534
22.01,1.458,14.17534
22.02,1.458,14.18992
22.03,1.458,14.2045
22.04,1.458,14.21908
22.05,1.458,14.23366
22.06,1.458,14.24824
22.06,1.458,14.24824
22.07,1.458,14.26282
22.08,1.458,14.2774
22.09,1.459,14.29199
22.1,1.459,14.30658
22.11,1.459,14.32117
22.11,1.459,14.32117
22.12,1.46,14.33577
22.13,1.46,14.35037
22.14,1.46,14.36497
22.15,1.459,14.37956
22.16,1.459,14.39415
22.16,1.459,14.39415
22.17,1.459,14.40874
22.18,1.459,14.42333
22.19,1.459,14.43792
22.2,1.459,14.45251
22.21,1.459,14.4671
22.21,1.46,14.4671
22.22,1.46,14.4817
22.23,1.46,14.4963
22.24,1.46,14.5109
22.25,1.46,14.5255
22.26,1.46,14.5401
22.26,1.46,14.5401
22.27,1.46,14.5547
22.28,1.46,14.5693
22.29,1.46,14.5839
22.3,1.46,14.5985
22.31,1.46,14.6131
22.31,1.46,14.6131
22.32,1.46,14.6277
22.33,1.46,14.6423
22.34,1.459,14.65689
22.35,1.46,14.67149
22.36,1.46,14.68609
22.36,1.46,14.68609
22.37,1.46,14.70069
22.38,1.46,14.71529
22.39,1.461,14.7299
22.4,1.461,14.74451
22.41,1.461,14.75912
22.42,1.461,14.77373
22.42,1.461,14.77373
22.43,1.461,14.78834
22.44,1.461,14.80295
22.45,1.461,14.81756
22.46,1.461,14.83217
22.46,1.461,14.83217
22.47,1.461,14.84678
22.48,1.461,14.86139
22.49,1.461,14.876
22.5,1.461,14.89061
22.51,1.462,14.90523
22.51,1.462,14.90523
22.52,1.462,14.91985
22.53,1.463,14.93448
22.54,1.463,14.94911
22.55,1.463,14.96374
22.56,1.463,14.97837
22.56,1.463,14.97837
22.57,1.463,14.993
22.58,1.463,15.00763
22.59,1.463,15.02226
22.6,1.463,15.03689
22.61,1.463,15.05152
22.61,1.462,15.05152
22.62,1.463,15.06615
22.63,1.463,15.08078
22.64,1.463,15.09541
22.65,1.463,15.11004
22.66,1.463,15.12467
22.66,1.464,15.12467
22.67,1.464,15.13931
22.68,1.464,15.15395
22.69,1.464,15.16859
22.7,1.464,15.18323
22.71,1.464,15.19787
22.71,1.464,15.19787
22.72,1.464,15.21251
22.73,1.464,15.22715
22.74,1.464,15.24179
22.75,1.463,15.25642
22.76,1.463,15.27105
22.76,1.463,15.27105
22.77,1.464,15.28569
22.78,1.464,15.30033
22.79,1.464,15.31497
22.8,1.464,15.32961
22.81,1.464,15.34425
22.81,1.464,15.34425
22.82,1.465,15.3589
22.83,1.465,15.37355
22.84,1.465,15.3882
22.85,1.464,15.40284
22.86,1.464,15.41748
22.86,1.464,15.41748
22.87,1.465,15.43213
22.88,1.465,15.44678
22.89,1.465,15.46143
22.9,1.466,15.47609
22.91,1.466,15.49075
22.91,1.466,15.49075
22.92,1.466,15.50541
22.93,1.466,15.52007
22.94,1.466,15.53473
22.95,1.466,15.54939
22.96,1.465,15.56404
22.96,1.465,15.56404
22.97,1.465,15.57869
22.98,1.466,15.59335
22.99,1.466,15.60801
23,1.466,15.62267
23.01,1.466,15.63733
23.01,1.466,15.63733
23.02,1.467,15.652
23.03,1.467,15.66667
23.04,1.467,15.68134
23.05,1.467,15.69601
23.06,1.467,15.71068
23.06,1.468,15.71068
23.07,1.468,15.72536
23.08,1.468,15.74004
23.09,1.468,15.75472
23.1,1.468,15.7694
23.11,1.468,15.78408
23.11,1.467,15.78408
23.12,1.467,15.79875
23.13,1.467,15.81342
23.14,1.467,15.82809
23.15,1.468,15.84277
23.16,1.468,15.85745
23.16,1.468,15.85745
23.17,1.468,15.87213
23.18,1.468,15.88681
23.19,1.469,15.9015
23.2,1.469,15.91619
23.21,1.469,15.93088
23.21,1.469,15.93088
23.22,1.469,15.94557
23.23,1.469,15.96026
23.24,1.469,15.97495
23.25,1.47,15.98965
23.26,1.47,16.00435
23.26,1.47,16.00435
23.27,1.47,16.01905
23.28,1.47,16.03375
23.29,1.471,16.04846
23.3,1.471,16.06317
23.31,1.471,16.07788
23.31,1.471,16.07788
23.32,1.471,16.09259
23.33,1.471,16.1073
23.34,1.471,16.12201
23.35,1.471,16.13672
23.36,1.471,16.15143
23.36,1.471,16.15143
23.37,1.471,16.16614
23.38,1.471,16.18085
23.39,1.471,16.19556
23.4,1.471,16.21027
23.41,1.471,16.22498
23.41,1.471,16.22498
23.42,1.471,16.23969
23.43,1.472,16.25441
23.44,1.472,16.26913
23.45,1.472,16.28385
23.46,1.472,16.29857
23.47,1.472,16.31329
23.47,1.472,16.31329
23.48,1.472,16.32801
23.49,1.472,16.34273
23.5,1.472,16.35745
23.51,1.472,16.37217
23.51,1.472,16.37217
23.52,1.472,16.38689
23.53,1.472,16.40161
23.54,1.472,16.41633
23.55,1.472,16.43105
23.56,1.472,16.44577
23.56,1.473,16.44577
23.57,1.473,16.4605
23.58,1.473,16.47523
23.59,1.473,16.48996
23.6,1.474,16.5047
23.61,1.474,16.51944
23.61,1.474,16.51944
23.62,1.474,16.53418
23.63,1.474,16.54892
23.64,1.473,16.56365
23.65,1.473,16.57838
23.66,1.473,16.59311
23.66,1.473,16.59311
23.67,1.473,16.60784
23.68,1.473,16.62257
23.69,1.474,16.63731
23.7,1.474,16.65205
23.71,1.474,16.66679
23.71,1.474,16.66679
23.72,1.474,16.68153
23.73,1.474,16.69627
23.74,1.474,16.71101
23.75,1.474,16.72575
23.76,1.475,16.7405
23.76,1.475,16.7405
23.77,1.475,16.75525
23.78,1.475,16.77
23.79,1.475,16.78475
23.8,1.476,16.79951
23.8,1.476,16.79951
23.81,1.476,16.81427
23.82,1.476,16.82903
23.83,1.477,16.8438
23.84,1.477,16.85857
23.85,1.477,16.87334
23.86,1.478,16.88812
23.86,1.478,16.88812
23.87,1.478,16.9029
23.88,1.478,16.91768
23.89,1.478,16.93246
23.9,1.478,16.94724
23.91,1.478,16.96202
23.91,1.478,16.96202
23.92,1.478,16.9768
23.93,1.477,16.99157
23.94,1.477,17.00634
23.95,1.478,17.02112
23.96,1.478,17.0359
23.96,1.478,17.0359
23.97,1.478,17.05068
23.98,1.477,17.06545
23.99,1.477,17.08022
24,1.477,17.09499
24.01,1.477,17.10976
24.01,1.477,17.10976
24.02,1.478,17.12454
24.03,1.478,17.13932
24.04,1.478,17.1541
24.05,1.478,17.16888
24.06,1.479,17.18367
24.06,1.479,17.18367
24.07,1.479,17.19846
24.08,1.479,17.21325
24.09,1.479,17.22804
24.1,1.479,17.24283
24.11,1.479,17.25762
24.11,1.479,17.25762
24.12,1.479,17.27241
24.13,1.48,17.28721
24.14,1.48,17.30201
24.15,1.48,17.31681
24.16,1.48,17.33161
24.16,1.48,17.33161
24.17,1.48,17.34641
24.18,1.481,17.36122
24.19,1.481,17.37603
24.2,1.481,17.39084
24.21,1.481,17.40565
24.22,1.481,17.42046
24.22,1.481,17.42046
24.23,1.481,17.43527
24.24,1.481,17.45008
24.25,1.481,17.46489
24.26,1.481,17.4797
24.26,1.481,17.4797
24.27,1.481,17.49451
24.28,1.481,17.50932
24.29,1.481,17.52413
24.3,1.482,17.53895
24.31,1.482,17.55377
24.31,1.482,17.55377
24.32,1.483,17.5686
24.33,1.483,17.58343
24.34,1.483,17.59826
24.35,1.484,17.6131
24.36,1.484,17.62794
24.36,1.484,17.62794
24.37,1.484,17.64278
24.38,1.484,17.65762
24.39,1.484,17.67246
24.4,1.484,17.6873
24.41,1.484,17.70214
24.41,1.484,17.70214
24.42,1.484,17.71698
24.43,1.484,17.73182
24.44,1.484,17.74666
24.45,1.484,17.7615
24.46,1.484,17.77634
24.46,1.485,17.77634
24.47,1.485,17.79119
24.48,1.485,17.80604
24.49,1.486,17.8209
24.5,1.486,17.83576
24.51,1.486,17.85062
24.52,1.486,17.86548
24.52,1.486,17.86548
24.53,1.486,17.88034
24.54,1.486,17.8952
24.55,1.487,17.91007
24.56,1.487,17.92494
24.56,1.487,17.92494
24.57,1.487,17.93981
24.58,1.487,17.95468
24.59,1.487,17.96955
24.6,1.487,17.98442
24.61,1.487,17.99929
24.61,1.487,17.99929
24.62,1.487,18.01416
24.63,1.487,18.02903
24.64,1.487,18.0439
24.65,1.487,18.05877
24.66,1.488,18.07365
24.66,1.488,18.07365
24.67,1.488,18.08853
24.68,1.489,18.10342
24.69,1.489,18.11831
24.7,1.489,18.1332
24.71,1.489,18.14809
24.71,1.489,18.14809
24.72,1.489,18.16298
24.73,1.489,18.17787
24.74,1.489,18.19276
24.75,1.489,18.20765
24.76,1.489,18.22254
24.76,1.489,18.22254
24.77,1.489,18.23743
24.78,1.489,18.25232
24.79,1.489,18.26721
24.8,1.49,18.28211
24.81,1.49,18.29701
24.81,1.49,18.29701
24.82,1.49,18.31191
24.83,1.49,18.32681
24.84,1.49,18.34171
24.85,1.49,18.35661
24.85,1.49,18.35661
24.86,1.49,18.37151
24.87,1.49,18.38641
24.88,1.49,18.40131
24.89,1.49,18.41621
24.9,1.49,18.43111
24.9,1.49,18.43111
24.91,1.49,18.44601
24.92,1.491,18.46092
24.93,1.491,18.47583
24.94,1.491,18.49074
24.95,1.492,18.50566
24.96,1.492,18.52058
24.96,1.492,18.52058
24.97,1.492,18.5355
24.98,1.493,18.55043
24.99,1.493,18.56536
25,1.493,18.58029
25.01,1.493,18.59522
25.01,1.493,18.59522
25.02,1.492,18.61014
25.03,1.492,18.62506
25.04,1.492,18.63998
25.05,1.492,18.6549
25.06,1.492,18.66982
25.06,1.492,18.66982
25.07,1.492,18.68474
25.08,1.493,18.69967
25.09,1.493,18.7146
25.1,1.493,18.72953
25.11,1.493,18.74446
25.11,1.493,18.74446
25.12,1.494,18.7594
25.13,1.494,18.77434
25.14,1.494,18.78928
25.15,1.494,18.80422
25.16,1.494,18.81916
25.16,1.495,18.81916
25.17,1.495,18.83411
25.18,1.495,18.84906
25.19,1.495,18.86401
25.2,1.495,18.87896
25.21,1.495,18.89391
25.21,1.495,18.89391
25.22,1.495,18.90886
25.23,1.495,18.92381
25.24,1.495,18.93876
25.25,1.495,18.95371
25.25,1.495,18.95371
25.26,1.495,18.96866
25.27,1.495,18.98361
25.28,1.495,18.99856
25.29,1.495,19.01351
25.3,1.495,19.02846
25.31,1.495,19.04341
25.31,1.495,19.04341
25.32,1.495,19.05836
25.33,1.495,19.07331
25.34,1.495,19.08826
25.35,1.495,19.10321
25.36,1.496,19.11817
25.36,1.496,19.11817
25.37,1.496,19.13313
25.38,1.497,19.1481
25.39,1.497,19.16307
25.4,1.497,19.17804
25.41,1.497,19.19301
25.41,1.497,19.19301
25.42,1.498,19.20799
25.43,1.498,19.22297
25.44,1.498,19.23795
25.45,1.498,19.25293
25.46,1.498,19.26791
25.46,1.498,19.26791
25.47,1.498,19.28289
25.48,1.498,19.29787
25.49,1.498,19.31285
25.5,1.498,19.32783
25.51,1.498,19.34281
25.51,1.498,19.34281
25.52,1.498,19.35779
25.53,1.498,19.37277
25.54,1.499,19.38776
25.55,1.499,19.40275
25.56,1.499,19.41774
25.56,1.499,19.41774
25.57,1.499,19.43273
25.58,1.499,19.44772
25.59,1.499,19.46271
25.6,1.499,19.4777
25.61,1.5,19.4927
25.61,1.5,19.4927
25.62,1.5,19.5077
25.63,1.5,19.5227
25.64,1.501,19.53771
25.65,1.501,19.55272
25.65,1.501,19.55272
25.66,1.501,19.56773
25.67,1.501,19.58274
25.68,1.501,19.59775
25.69,1.501,19.61276
25.7,1.501,19.62777
25.7,1.501,19.62777
25.71,1.501,19.64278
25.72,1.501,19.65779
25.73,1.502,19.67281
25.74,1.502,19.68783
25.75,1.502,19.70285
25.75,1.502,19.70285
25.76,1.503,19.71788
25.77,1.503,19.73291
25.78,1.503,19.74794
25.79,1.504,19.76298
25.8,1.504,19.77802
25.81,1.504,19.79306
25.81,1.504,19.79306
25.82,1.505,19.80811
25.83,1.505,19.82316
25.84,1.505,19.83821
25.85,1.505,19.85326
25.85,1.505,19.85326
25.86,1.505,19.86831
25.87,1.505,19.88336
25.88,1.505,19.89841
25.89,1.505,19.91346
25.9,1.505,19.92851
25.9,1.505,19.92851
25.91,1.505,19.94356
25.92,1.506,19.95862
25.93,1.506,19.97368
25.94,1.506,19.98874
25.95,1.507,20.00381
25.96,1.507,20.01888
25.96,1.507,20.01888
25.97,1.507,20.03395
25.98,1.507,20.04902
25.99,1.507,20.06409
26,1.507,20.07916
26.01,1.507,20.09423
26.01,1.507,20.09423
26.02,1.507,20.1093
26.03,1.507,20.12437
26.04,1.507,20.13944
26.05,1.507,20.15451
26.05,1.507,20.15451
26.06,1.507,20.16958
26.07,1.507,20.18465
26.08,1.507,20.19972
26.09,1.507,20.21479
26.1,1.507,20.22986
26.1,1.507,20.22986
26.11,1.507,20.24493
26.12,1.507,20.26
26.13,1.507,20.27507
26.14,1.507,20.29014
26.15,1.507,20.30521
26.16,1.508,20.32029
26.16,1.508,20.32029
26.17,1.508,20.33537
26.18,1.508,20.35045
26.19,1.508,20.36553
26.2,1.508,20.38061
26.21,1.508,20.39569
26.21,1.509,20.39569
26.22,1.509,20.41078
26.23,1.509,20.42587
26.24,1.509,20.44096
26.25,1.509,20.45605
26.25,1.509,20.45605
26.26,1.509,20.47114
26.27,1.51,20.48624
26.28,1.51,20.50134
26.29,1.51,20.51644
26.3,1.511,20.53155
26.3,1.511,20.53155
26.31,1.511,20.54666
26.32,1.511,20.56177
26.33,1.512,20.57689
26.34,1.512,20.59201
26.35,1.512,20.60713
26.35,1.511,20.60713
26.36,1.511,20.62224
26.37,1.512,20.63736
26.38,1.512,20.65248
26.39,1.512,20.6676
26.4,1.512,20.68272
26.41,1.512,20.69784
26.41,1.512,20.69784
26.42,1.513,20.71297
26.43,1.513,20.7281
26.44,1.513,20.74323
26.45,1.513,20.75836
26.45,1.513,20.75836
26.46,1.513,20.77349
26.47,1.513,20.78862
26.48,1.513,20.80375
26.49,1.513,20.81888
26.5,1.513,20.83401
26.5,1.513,20.83401
26.51,1.513,20.84914
26.52,1.513,20.86427
26.53,1.513,20.8794
26.54,1.514,20.89454
26.55,1.514,20.90968
26.55,1.514,20.90968
26.56,1.514,20.92482
26.57,1.514,20.93996
26.58,1.514,20.9551
26.59,1.514,20.97024
26.6,1.514,20.98538
26.6,1.514,20.98538
26.61,1.515,21.00053
26.62,1.515,21.01568
26.63,1.515,21.03083
26.64,1.515,21.04598
26.65,1.515,21.06113
26.66,1.515,21.07628
26.66,1.515,21.07628
26.67,1.515,21.09143
26.68,1.515,21.10658
26.69,1.515,21.12173
26.7,1.515,21.13688
26.7,1.516,21.13688
26.71,1.516,21.15204
26.72,1.516,21.1672
26.73,1.517,21.18237
26.74,1.517,21.19754
26.75,1.517,21.21271
26.75,1.517,21.21271
26.76,1.517,21.22788
26.77,1.517,21.24305
26.78,1.517,21.25822
26.79,1.517,21.27339
26.8,1.517,21.28856
26.8,1.517,21.28856
26.81,1.517,21.30373
26.82,1.517,21.3189
26.83,1.517,21.33407
26.84,1.517,21.34924
26.85,1.518,21.36442
26.85,1.518,21.36442
26.86,1.518,21.3796
26.87,1.519,21.39479
26.88,1.519,21.40998
26.89,1.519,21.42517
26.9,1.52,21.44037
26.9,1.519,21.44037
26.91,1.519,21.45556
26.92,1.519,21.47075
26.93,1.519,21.48594
26.94,1.519,21.50113
26.95,1.519,21.51632
26.96,1.519,21.53151
26.96,1.519,21.53151
26.97,1.52,21.54671
26.98,1.52,21.56191
26.99,1.52,21.57711
27,1.521,21.59232
27.01,1.521,21.60753
27.01,1.521,21.60753
27.02,1.521,21.62274
27.03,1.521,21.63795
27.04,1.522,21.65317
27.05,1.522,21.66839
27.05,1.522,21.66839
27.06,1.522,21.68361
27.07,1.522,21.69883
27.08,1.523,21.71406
27.09,1.523,21.72929
27.1,1.523,21.74452
27.11,1.523,21.75975
27.11,1.524,21.75975
27.12,1.524,21.77499
27.13,1.524,21.79023
27.14,1.524,21.80547
27.15,1.524,21.82071
27.15,1.524,21.82071
27.16,1.524,21.83595
27.17,1.524,21.85119
27.18,1.524,21.86643
27.19,1.524,21.88167
27.2,1.524,21.89691
27.2,1.524,21.89691
27.21,1.524,21.91215
27.22,1.524,21.92739
27.23,1.524,21.94263
27.24,1.524,21.95787
27.25,1.524,21.97311
27.25,1.524,21.97311
27.26,1.525,21.98836
27.27,1.525,22.00361
27.28,1.525,22.01886
27.29,1.525,22.03411
27.3,1.526,22.04937
27.3,1.526,22.04937
27.31,1.526,22.06463
27.32,1.526,22.07989
27.33,1.526,22.09515
27.34,1.526,22.11041
27.35,1.526,22.12567
27.35,1.527,22.12567
27.36,1.527,22.14094
27.37,1.527,22.15621
27.38,1.527,22.17148
27.39,1.527,22.18675
27.4,1.527,22.20202
27.4,1.528,22.20202
27.41,1.528,22.2173
27.42,1.528,22.23258
27.43,1.528,22.24786
27.44,1.529,22.26315
27.45,1.529,22.27844
27.45,1.529,22.27844
27.46,1.529,22.29373
27.47,1.529,22.30902
27.48,1.53,22.32432
27.49,1.53,22.33962
27.5,1.53,22.35492
27.5,1.53,22.35492
27.51,1.531,22.37023
27.52,1.531,22.38554
27.53,1.531,22.40085
27.54,1.531,22.41616
27.55,1.531,22.43147
27.55,1.531,22.43147
27.56,1.531,22.44678
27.57,1.531,22.46209
27.58,1.531,22.4774
27.59,1.532,22.49272
27.6,1.532,22.50804
27.6,1.532,22.50804
27.61,1.532,22.52336
27.62,1.532,22.53868
27.63,1.532,22.554
27.64,1.532,22.56932
27.65,1.532,22.58464
27.65,1.533,22.58464
27.66,1.533,22.59997
27.67,1.533,22.6153
27.68,1.533,22.63063
27.69,1.534,22.64597
27.7,1.534,22.66131
27.7,1.534,22.66131
27.71,1.534,22.67665
27.72,1.534,22.69199
27.73,1.534,22.70733
27.74,1.533,22.72266
27.75,1.533,22.73799
27.75,1.533,22.73799
27.76,1.533,22.75332
27.77,1.534,22.76866
27.78,1.534,22.784
27.79,1.535,22.79935
27.8,1.535,22.8147
27.8,1.535,22.8147
27.81,1.536,22.83006
27.82,1.536,22.84542
27.83,1.536,22.86078
27.84,1.536,22.87614
27.85,1.536,22.8915
27.86,1.536,22.90686
27.86,1.536,22.90686
27.87,1.536,22.92222
27.88,1.536,22.93758
27.89,1.536,22.95294
27.9,1.536,22.9683
27.9,1.536,22.9683
27.91,1.536,22.98366
27.92,1.537,22.99903
27.93,1.537,23.0144
27.94,1.537,23.02977
27.95,1.538,23.04515
27.95,1.538,23.04515
27.96,1.538,23.06053
27.97,1.538,23.07591
27.98,1.538,23.09129
27.99,1.538,23.10667
28,1.539,23.12206
28,1.539,23.12206
28.01,1.539,23.13745
28.02,1.539,23.15284
28.03,1.539,23.16823
28.04,1.539,23.18362
28.05,1.539,23.19901
28.05,1.539,23.19901
28.06,1.539,23.2144
28.07,1.539,23.22979
28.08,1.539,23.24518
28.09,1.539,23.26057
28.1,1.54,23.27597
28.1,1.54,23.27597
28.11,1.54,23.29137
28.12,1.54,23.30677
28.13,1.541,23.32218
28.14,1.541,23.33759
28.15,1.541,23.353
28.15,1.542,23.353
28.16,1.542,23.36842
28.17,1.542,23.38384
28.18,1.542,23.39926
28.19,1.543,23.41469
28.2,1.543,23.43012
28.2,1.543,23.43012
28.21,1.543,23.44555
28.22,1.543,23.46098
28.23,1.543,23.47641
28.24,1.543,23.49184
28.25,1.543,23.50727
28.25,1.543,23.50727
28.26,1.543,23.5227
28.27,1.543,23.53813
28.28,1.544,23.55357
28.29,1.544,23.56901
28.3,1.544,23.58445
28.3,1.544,23.58445
28.31,1.544,23.59989
28.32,1.544,23.61533
28.33,1.545,23.63078
28.34,1.545,23.64623
28.34,1.545,23.64623
28.35,1.545,23.66168
28.36,1.545,23.67713
28.37,1.546,23.69259
28.38,1.546,23.70805
28.39,1.546,23.72351
28.4,1.545,23.73896
28.4,1.545,23.73896
28.41,1.545,23.75441
28.42,1.545,23.76986
28.43,1.545,23.78531
28.44,1.545,23.80076
28.45,1.545,23.81621
28.45,1.545,23.81621
28.46,1.546,23.83167
28.47,1.546,23.84713
28.48,1.546,23.86259
28.49,1.546,23.87805
28.49,1.546,23.87805
28.5,1.547,23.89352
28.51,1.547,23.90899
28.52,1.547,23.92446
28.53,1.548,23.93994
28.54,1.548,23.95542
28.55,1.548,23.9709
28.55,1.549,23.9709
28.56,1.549,23.98639
28.57,1.549,24.00188
28.58,1.549,24.01737
28.59,1.549,24.03286
28.6,1.549,24.04835
28.6,1.549,24.04835
28.61,1.549,24.06384
28.62,1.549,24.07933
28.63,1.549,24.09482
28.64,1.549,24.11031
28.65,1.549,24.1258
28.65,1.549,24.1258
28.66,1.549,24.14129
28.67,1.549,24.15678
28.68,1.549,24.17227
28.69,1.549,24.18776
28.69,1.549,24.18776
28.7,1.549,24.20325
28.71,1.55,24.21875
28.72,1.55,24.23425
28.73,1.55,24.24975
28.74,1.55,24.26525
28.75,1.551,24.28076
28.75,1.551,24.28076
28.76,1.551,24.29627
28.77,1.551,24.31178
28.78,1.551,24.32729
28.79,1.551,24.3428
28.8,1.551,24.35831
28.8,1.551,24.35831
28.81,1.551,24.37382
28.82,1.552,24.38934
28.83,1.552,24.40486
28.84,1.552,24.42038
28.85,1.552,24.4359
28.85,1.552,24.4359
28.86,1.552,24.45142
28.87,1.553,24.46695
28.88,1.553,24.48248
28.89,1.553,24.49801
28.9,1.553,24.51354
28.9,1.554,24.51354
28.91,1.554,24.52908
28.92,1.554,24.54462
28.93,1.554,24.56016
28.94,1.554,24.5757
28.95,1.554,24.59124
28.95,1.554,24.59124
28.96,1.554,24.60678
28.97,1.554,24.62232
28.98,1.554,24.63786
28.99,1.554,24.6534
29,1.554,24.66894
29,1.554,24.66894
29.01,1.555,24.68449
29.02,1.555,24.70004
29.03,1.555,24.71559
29.04,1.555,24.73114
29.05,1.556,24.7467
29.05,1.556,24.7467
29.06,1.557,24.76227
29.07,1.557,24.77784
29.08,1.557,24.79341
29.09,1.558,24.80899
29.09,1.558,24.80899
29.1,1.558,24.82457
29.11,1.558,24.84015
29.12,1.558,24.85573
29.13,1.558,24.87131
29.14,1.558,24.88689
29.14,1.558,24.88689
29.15,1.558,24.90247
29.16,1.558,24.91805
29.17,1.558,24.93363
29.18,1.558,24.94921
29.19,1.558,24.96479
29.19,1.558,24.96479
29.2,1.558,24.98037
29.21,1.558,24.99595
29.22,1.559,25.01154
29.23,1.559,25.02713
29.24,1.559,25.04272
29.25,1.56,25.05832
29.25,1.56,25.05832
29.26,1.56,25.07392
29.27,1.56,25.08952
29.28,1.56,25.10512
29.29,1.56,25.12072
29.29,1.56,25.12072
29.3,1.56,25.13632
29.31,1.56,25.15192
29.32,1.56,25.16752
29.33,1.56,25.18312
29.34,1.561,25.19873
29.34,1.561,25.19873
29.35,1.561,25.21434
29.36,1.561,25.22995
29.37,1.561,25.24556
29.38,1.561,25.26117
29.39,1.561,25.27678
29.4,1.561,25.29239
29.4,1.561,25.29239
29.41,1.562,25.30801
29.42,1.562,25.32363
29.43,1.562,25.33925
29.44,1.563,25.35488
29.45,1.563,25.37051
29.45,1.563,25.37051
29.46,1.563,25.38614
29.47,1.563,25.40177
29.48,1.564,25.41741
29.49,1.564,25.43305
29.49,1.564,25.43305
29.5,1.564,25.44869
29.51,1.564,25.46433
29.52,1.564,25.47997
29.53,1.564,25.49561
29.54,1.564,25.51125
29.54,1.564,25.51125
29.55,1.563,25.52688
29.56,1.563,25.54251
29.57,1.563,25.55814
29.58,1.563,25.57377
29.59,1.563,25.5894
29.59,1.564,25.5894
29.6,1.564,25.60504
29.61,1.564,25.62068
29.62,1.564,25.63632
29.63,1.565,25.65197
29.64,1.565,25.66762
29.64,1.565,25.66762
29.65,1.565,25.68327
29.66,1.565,25.69892
29.67,1.565,25.71457
29.68,1.565,25.73022
29.69,1.565,25.74587
29.7,1.565,25.76152
29.7,1.565,25.76152
29.71,1.565,25.77717
29.72,1.565,25.79282
29.73,1.565,25.80847
29.74,1.565,25.82412
29.75,1.565,25.83977
29.75,1.565,25.83977
29.76,1.565,25.85542
29.77,1.566,25.87108
29.78,1.566,25.88674
29.79,1.566,25.9024
29.8,1.566,25.91806
29.8,1.567,25.91806
29.81,1.567,25.93373
29.82,1.567,25.9494
29.83,1.568,25.96508
29.84,1.568,25.98076
29.84,1.568,25.98076
29.85,1.568,25.99644
29.86,1.568,26.01212
29.87,1.568,26.0278
29.88,1.567,26.04347
29.89,1.567,26.05914
29.89,1.567,26.05914
29.9,1.567,26.07481
29.91,1.568,26.09049
29.92,1.568,26.10617
29.93,1.568,26.12185
29.94,1.568,26.13753
29.94,1.568,26.13753
29.95,1.568,26.15321
29.96,1.568,26.16889
29.97,1.569,26.18458
29.98,1.569,26.20027
29.99,1.569,26.21596
29.99,1.569,26.21596
30,1.57,26.23166
30.01,1.57,26.24736
30.02,1.57,26.26306
30.03,1.57,26.27876
30.04,1.57,26.29446
30.04,1.57,26.29446
30.05,1.57,26.31016
30.06,1.57,26.32586
30.07,1.57,26.34156
30.08,1.57,26.35726
30.09,1.57,26.37296
30.09,1.57,26.37296
30.1,1.57,26.38866
30.11,1.57,26.40436
30.12,1.57,26.42006
30.13,1.57,26.43576
30.14,1.57,26.45146
30.15,1.57,26.46716
30.15,1.57,26.46716
30.16,1.57,26.48286
30.17,1.57,26.49856
30.18,1.571,26.51427
30.19,1.571,26.52998
30.2,1.572,26.5457
30.2,1.572,26.5457
30.21,1.572,26.56142
30.22,1.572,26.57714
30.23,1.573,26.59287
30.24,1.573,26.6086
30.24,1.573,26.6086
30.25,1.573,26.62433
30.26,1.573,26.64006
30.27,1.573,26.65579
30.28,1.573,26.67152
30.29,1.573,26.68725
30.29,1.573,26.68725
30.3,1.573,26.70298
30.31,1.573,26.71871
30.32,1.573,26.73444
30.33,1.573,26.75017
30.33,1.573,26.75017
30.34,1.573,26.7659
30.35,1.574,26.78164
30.36,1.574,26.79738
30.37,1.574,26.81312
30.38,1.574,26.82886
30.39,1.574,26.8446
30.39,1.574,26.8446
30.4,1.574,26.86034
30.41,1.574,26.87608
30.42,1.574,26.89182
30.43,1.575,26.90757
30.44,1.575,26.92332
30.44,1.575,26.92332
30.45,1.575,26.93907
30.46,1.576,26.95483
30.47,1.576,26.97059
30.48,1.576,26.98635
30.49,1.576,27.00211
30.5,1.576,27.01787
30.5,1.576,27.01787
30.51,1.576,27.03363
30.52,1.576,27.04939
30.53,1.576,27.06515
30.54,1.576,27.08091
30.54,1.576,27.08091
30.55,1.576,27.09667
30.56,1.576,27.11243
30.57,1.577,27.1282
30.58,1.577,27.14397
30.59,1.578,27.15975
30.59,1.578,27.15975
30.6,1.578,27.17553
30.61,1.578,27.19131
30.62,1.578,27.20709
30.63,1.578,27.22287
30.64,1.578,27.23865
30.64,1.578,27.23865
30.65,1.578,27.25443
30.66,1.578,27.27021
30.67,1.578,27.28599
30.68,1.578,27.30177
30.69,1.578,27.31755
30.69,1.578,27.31755
30.7,1.578,27.33333
30.71,1.578,27.34911
30.72,1.578,27.36489
30.73,1.579,27.38068
30.74,1.579,27.39647
30.75,1.579,27.41226
30.75,1.579,27.41226
30.76,1.579,27.42805
30.77,1.58,27.44385
30.78,1.58,27.45965
30.79,1.58,27.47545
30.79,1.58,27.47545
30.8,1.58,27.49125
30.81,1.58,27.50705
30.82,1.58,27.52285
30.83,1.58,27.53865
30.84,1.58,27.55445
30.84,1.58,27.55445
30.85,1.58,27.57025
30.86,1.58,27.58605
30.87,1.581,27.60186
30.88,1.581,27.61767
30.89,1.581,27.63348
30.9,1.581,27.64929
30.9,1.582,27.64929
30.91,1.582,27.66511
30.92,1.582,27.68093
30.93,1.582,27.69675
30.94,1.582,27.71257
30.94,1.582,27.71257
30.95,1.582,27.72839
30.96,1.582,27.74421
30.97,1.582,27.76003
30.98,1.582,27.77585
30.99,1.582,27.79167
31,1.582,27.80749
31,1.582,27.80749
31.01,1.582,27.82331
31.02,1.582,27.83913
31.03,1.583,27.85496
31.04,1.583,27.87079
31.04,1.583,27.87079
31.05,1.583,27.88662
31.06,1.584,27.90246
31.07,1.584,27.9183
31.08,1.584,27.93414
31.09,1.584,27.94998
31.09,1.584,27.94998
31.1,1.583,27.96581
31.11,1.583,27.98164
31.12,1.583,27.99747
31.13,1.584,28.01331
31.14,1.584,28.02915
31.14,1.584,28.02915
31.15,1.585,28.045
31.16,1.586,28.06086
31.17,1.586,28.07672
31.18,1.586,28.09258
31.19,1.586,28.10844
31.19,1.586,28.10844
31.2,1.586,28.1243
31.21,1.586,28.14016
31.22,1.586,28.15602
31.23,1.586,28.17188
31.24,1.587,28.18775
31.24,1.587,28.18775
31.25,1.587,28.20362
31.26,1.587,28.21949
31.27,1.587,28.23536
31.28,1.588,28.25124
31.29,1.588,28.26712
31.29,1.588,28.26712
31.3,1.588,28.283
31.31,1.588,28.29888
31.32,1.588,28.31476
31.33,1.588,28.33064
31.34,1.588,28.34652
31.34,1.588,28.34652
31.35,1.588,28.3624
31.36,1.589,28.37829
31.37,1.589,28.39418
31.38,1.589,28.41007
31.39,1.59,28.42597
31.39,1.59,28.42597
31.4,1.59,28.44187
31.41,1.59,28.45777
31.42,1.591,28.47368
31.43,1.591,28.48959
31.44,1.591,28.5055
31.44,1.59,28.5055
31.45,1.59,28.5214
31.46,1.59,28.5373
31.47,1.59,28.5532
31.48,1.591,28.56911
31.49,1.591,28.58502
31.49,1.591,28.58502
31.5,1.591,28.60093
31.51,1.591,28.61684
31.52,1.592,28.63276
31.53,1.592,28.64868
31.54,1.592,28.6646
31.54,1.591,28.6646
31.55,1.591,28.68051
31.56,1.591,28.69642
31.57,1.591,28.71233
31.58,1.591,28.72824
31.59,1.591,28.74415
31.59,1.591,28.74415
31.6,1.591,28.76006
31.61,1.591,28.77597
31.62,1.592,28.79189
31.63,1.592,28.80781
31.64,1.592,28.82373
31.64,1.592,28.82373
31.65,1.592,28.83965
31.66,1.593,28.85558
31.67,1.593,28.87151
31.68,1.593,28.88744
31.69,1.593,28.90337
31.69,1.593,28.90337
31.7,1.594,28.91931
31.71,1.594,28.93525
31.72,1.594,28.95119
31.73,1.595,28.96714
31.74,1.595,28.98309
31.74,1.595,28.98309
31.75,1.595,28.99904
31.76,1.595,29.01499
31.77,1.595,29.03094
31.78,1.595,29.04689
31.79,1.595,29.06284
31.79,1.595,29.06284
31.8,1.596,29.0788
31.81,1.596,29.09476
31.82,1.596,29.11072
31.83,1.596,29.12668
31.84,1.596,29.14264
31.84,1.596,29.14264
31.85,1.597,29.15861
31.86,1.597,29.17458
31.87,1.597,29.19055
31.88,1.597,29.20652
31.88,1.598,29.20652
31.89,1.598,29.2225
31.9,1.598,29.23848
31.91,1.598,29.25446
31.92,1.598,29.27044
31.93,1.599,29.28643
31.93,1.599,29.28643
31.94,1.599,29.30242
31.95,1.599,29.31841
31.96,1.599,29.3344
31.97,1.599,29.35039
31.98,1.599,29.36638
31.99,1.599,29.38237
31.99,1.6,29.38237
32,1.6,29.39837
32.01,1.6,29.41437
32.02,1.601,29.43038
32.03,1.601,29.44639
32.03,1.601,29.44639
32.04,1.601,29.4624
32.05,1.601,29.47841
32.06,1.601,29.49442
32.07,1.602,29.51044
32.08,1.602,29.52646
32.09,1.602,29.54248
32.09,1.602,29.54248
32.1,1.603,29.55851
32.11,1.603,29.57454
32.12,1.603,29.59057
32.13,1.603,29.6066
32.14,1.603,29.62263
32.14,1.603,29.62263
32.15,1.603,29.63866
32.16,1.602,29.65468
32.17,1.602,29.6707
32.18,1.602,29.68672
32.19,1.602,29.70274
32.19,1.602,29.70274
32.2,1.602,29.71876
32.21,1.602,29.73478
32.22,1.603,29.75081
32.23,1.603,29.76684
32.23,1.604,29.76684
32.24,1.604,29.78288
32.25,1.604,29.79892
32.26,1.604,29.81496
32.27,1.604,29.831
32.28,1.604,29.84704
32.28,1.605,29.84704
32.29,1.605,29.86309
32.3,1.605,29.87914
32.31,1.605,29.89519
32.32,1.606,29.91125
32.33,1.606,29.92731
32.33,1.606,29.92731
32.34,1.607,29.94338
32.35,1.607,29.95945
32.36,1.607,29.97552
32.37,1.607,29.99159
32.38,1.608,30.00767
32.38,1.608,30.00767
32.39,1.608,30.02375
32.4,1.608,30.03983
32.41,1.608,30.05591
32.42,1.608,30.07199
32.43,1.609,30.08808
32.43,1.609,30.08808
32.44,1.609,30.10417
32.45,1.609,30.12026
32.46,1.609,30.13635
32.47,1.609,30.15244
32.48,1.609,30.16853
32.48,1.61,30.16853
32.49,1.61,30.18463
32.5,1.61,30.20073
32.51,1.61,30.21683
32.52,1.611,30.23294
32.53,1.611,30.24905
32.53,1.611,30.24905
32.54,1.612,30.26517
32.55,1.612,30.28129
32.56,1.613,30.29742
32.57,1.613,30.31355
32.58,1.613,30.32968
32.58,1.614,30.32968
32.59,1.614,30.34582
32.6,1.614,30.36196
32.61,1.614,30.3781
32.62,1.614,30.39424
32.63,1.614,30.41038
32.63,1.614,30.41038
32.64,1.614,30.42652
32.65,1.615,30.44267
32.66,1.615,30.45882
32.67,1.615,30.47497
32.68,1.615,30.49112
32.68,1.615,30.49112
32.69,1.615,30.50727
32.7,1.615,30.52342
32.71,1.616,30.53958
32.72,1.616,30.55574
32.73,1.616,30.5719
32.74,1.616,30.58806
32.74,1.616,30.58806
32.75,1.616,30.60422
32.76,1.616,30.62038
32.77,1.616,30.63654
32.78,1.617,30.65271
32.78,1.617,30.65271
32.79,1.617,30.66888
32.8,1.617,30.68505
32.81,1.618,30.70123
32.82,1.618,30.71741
32.83,1.618,30.73359
32.83,1.619,30.73359
32.84,1.619,30.74978
32.85,1.62,30.76598
32.86,1.62,30.78218
32.87,1.62,30.79838
32.88,1.62,30.81458
32.88,1.62,30.81458
32.89,1.62,30.83078
32.9,1.62,30.84698
32.91,1.62,30.86318
32.92,1.62,30.87938
32.93,1.621,30.89559
32.93,1.621,30.89559
32.94,1.621,30.9118
32.95,1.621,30.92801
32.96,1.622,30.94423
32.97,1.622,30.96045
32.98,1.622,30.97667
32.98,1.623,30.97667
32.99,1.623,30.9929
33,1.623,31.00913
33.01,1.623,31.02536
33.02,1.623,31.04159
33.03,1.623,31.05782
33.03,1.623,31.05782
33.04,1.623,31.07405
33.05,1.624,31.09029
33.06,1.624,31.10653
33.07,1.625,31.12278
33.08,1.625,31.13903
33.08,1.625,31.13903
33.09,1.625,31.15528
33.1,1.626,31.17154
33.11,1.626,31.1878
33.12,1.626,31.20406
33.12,1.626,31.20406
33.13,1.626,31.22032
33.14,1.626,31.23658
33.15,1.627,31.25285
33.16,1.627,31.26912
33.17,1.627,31.28539
33.18,1.628,31.30167
33.18,1.628,31.30167
33.19,1.629,31.31796
33.2,1.629,31.33425
33.21,1.629,31.35054
33.22,1.63,31.36684
33.23,1.63,31.38314
33.23,1.63,31.38314
33.24,1.63,31.39944
33.25,1.63,31.41574
33.26,1.63,31.43204
33.27,1.63,31.44834
33.28,1.63,31.46464
33.28,1.63,31.46464
33.29,1.63,31.48094
33.3,1.63,31.49724
33.31,1.631,31.51355
33.32,1.631,31.52986
33.33,1.631,31.54617
33.33,1.632,31.54617
33.34,1.632,31.56249
33.35,1.632,31.57881
33.36,1.633,31.59514
33.37,1.633,31.61147
33.38,1.633,31.6278
33.38,1.633,31.6278
33.39,1.633,31.64413
33.4,1.634,31.66047
33.41,1.634,31.67681
33.42,1.634,31.69315
33.43,1.634,31.70949
33.43,1.634,31.70949
33.44,1.635,31.72584
33.45,1.635,31.74219
33.46,1.635,31.75854
33.47,1.636,31.7749
33.47,1.636,31.7749
33.48,1.636,31.79126
33.49,1.636,31.80762
33.5,1.636,31.82398
33.51,1.636,31.84034
33.52,1.636,31.8567
33.53,1.637,31.87307
33.53,1.637,31.87307
33.54,1.638,31.88945
33.55,1.639,31.90584
33.56,1.64,31.92224
33.57,1.641,31.93865
33.57,1.641,31.93865
33.58,1.642,31.95507
33.59,1.642,31.97149
33.6,1.643,31.98792
33.61,1.643,32.00435
33.62,1.643,32.02078
33.63,1.643,32.03721
33.63,1.644,32.03721
33.64,1.644,32.05365
33.65,1.644,32.07009
33.66,1.644,32.08653
33.67,1.645,32.10298
33.68,1.645,32.11943
33.68,1.645,32.11943
33.69,1.646,32.13589
33.7,1.646,32.15235
33.71,1.647,32.16882
33.72,1.648,32.1853
33.72,1.648,32.1853
33.73,1.648,32.20178
33.74,1.648,32.21826
33.75,1.648,32.23474
33.76,1.648,32.25122
33.77,1.648,32.2677
33.78,1.649,32.28419
33.78,1.649,32.28419
33.79,1.649,32.30068
33.8,1.649,32.31717
33.81,1.65,32.33367
33.82,1.651,32.35018
33.83,1.651,32.36669
33.83,1.652,32.36669
33.84,1.652,32.38321
33.85,1.652,32.39973
33.86,1.653,32.41626
33.87,1.653,32.43279
33.87,1.653,32.43279
33.88,1.653,32.44932
33.89,1.653,32.46585
33.9,1.653,32.48238
33.91,1.654,32.49892
33.92,1.654,32.51546
33.93,1.654,32.532
33.93,1.655,32.532
33.94,1.655,32.54855
33.95,1.655,32.5651
33.96,1.656,32.58166
33.97,1.656,32.59822
33.97,1.656,32.59822
33.98,1.657,32.61479
33.99,1.657,32.63136
34,1.658,32.64794
34.01,1.658,32.66452
34.02,1.659,32.68111
34.02,1.659,32.68111
34.03,1.66,32.69771
34.04,1.66,32.71431
34.05,1.66,32.73091
34.06,1.661,32.74752
34.07,1.661,32.76413
34.07,1.661,32.76413
34.08,1.661,32.78074
34.09,1.661,32.79735
34.1,1.662,32.81397
34.11,1.662,32.83059
34.12,1.662,32.84721
34.12,1.663,32.84721
34.13,1.663,32.86384
34.14,1.663,32.88047
34.15,1.664,32.89711
34.16,1.664,32.91375
34.17,1.665,32.9304
34.18,1.665,32.94705
34.18,1.666,32.94705
34.19,1.666,32.96371
34.2,1.666,32.98037
34.21,1.666,32.99703
34.22,1.666,33.01369
34.22,1.667,33.01369
34.23,1.667,33.03036
34.24,1.667,33.04703
34.25,1.667,33.0637
34.26,1.668,33.08038
34.27,1.668,33.09706
34.27,1.669,33.09706
34.28,1.669,33.11375
34.29,1.67,33.13045
34.3,1.671,33.14716
34.31,1.672,33.16388
34.32,1.672,33.1806
34.32,1.673,33.1806
34.33,1.673,33.19733
34.34,1.673,33.21406
34.35,1.673,33.23079
34.36,1.673,33.24752
34.37,1.673,33.26425
34.37,1.674,33.26425
34.38,1.674,33.28099
34.39,1.675,33.29774
34.4,1.676,33.3145
34.41,1.676,33.33126
34.42,1.677,33.34803
34.42,1.677,33.34803
34.43,1.677,33.3648
34.44,1.677,33.38157
34.45,1.678,33.39835
34.46,1.678,33.41513
34.47,1.678,33.43191
34.47,1.678,33.43191
34.48,1.679,33.4487
34.49,1.679,33.46549
34.5,1.68,33.48229
34.51,1.681,33.4991
34.51,1.681,33.4991
34.52,1.681,33.51591
34.53,1.682,33.53273
34.54,1.682,33.54955
34.55,1.682,33.56637
34.56,1.682,33.58319
34.57,1.683,33.60002
34.57,1.683,33.60002
34.58,1.683,33.61685
34.59,1.683,33.63368
34.6,1.683,33.65051
34.61,1.683,33.66734
34.62,1.683,33.68417
34.62,1.683,33.68417
34.63,1.684,33.70101
34.64,1.684,33.71785
34.65,1.684,33.73469
34.66,1.685,33.75154
34.66,1.685,33.75154
34.67,1.686,33.7684
34.68,1.686,33.78526
34.69,1.686,33.80212
34.7,1.686,33.81898
34.71,1.687,33.83585
34.71,1.687,33.83585
34.72,1.687,33.85272
34.73,1.687,33.86959
34.74,1.687,33.88646
34.75,1.688,33.90334
34.76,1.688,33.92022
34.76,1.688,33.92022
34.77,1.689,33.93711
34.78,1.689,33.954
34.79,1.689,33.97089
34.8,1.69,33.98779
34.8,1.69,33.98779
34.81,1.69,34.00469
34.82,1.69,34.02159
34.83,1.691,34.0385
34.84,1.692,34.05542
34.85,1.694,34.07236
34.86,1.695,34.08931
34.86,1.696,34.08931
34.87,1.696,34.10627
34.88,1.697,34.12324
34.89,1.697,34.14021
34.9,1.698,34.15719
34.91,1.698,34.17417
34.91,1.698,34.17417
34.92,1.699,34.19116
34.93,1.699,34.20815
34.94,1.699,34.22514
34.95,1.699,34.24213
34.96,1.699,34.25912
34.96,1.7,34.25912
34.97,1.7,34.27612
34.98,1.7,34.29312
34.99,1.701,34.31013
35,1.701,34.32714
35.01,1.701,34.34415
35.01,1.702,34.34415
35.02,1.702,34.36117
35.03,1.702,34.37819
35.04,1.702,34.39521
35.05,1.702,34.41223
35.06,1.703,34.42926
35.06,1.703,34.42926
35.07,1.703,34.44629
35.08,1.703,34.46332
35.09,1.704,34.48036
35.1,1.705,34.49741
35.11,1.705,34.51446
35.11,1.706,34.51446
35.12,1.706,34.53152
35.13,1.707,34.54859
35.14,1.708,34.56567
35.15,1.709,34.58276
35.16,1.709,34.59985
35.16,1.71,34.59985
35.17,1.71,34.61695
35.18,1.71,34.63405
35.19,1.71,34.65115
35.2,1.711,34.66826
35.21,1.711,34.68537
35.21,1.711,34.68537
35.22,1.712,34.70249
35.23,1.712,34.71961
35.24,1.712,34.73673
35.25,1.713,34.75386
35.26,1.713,34.77099
35.26,1.714,34.77099
35.27,1.715,34.78814
35.28,1.715,34.80529
35.29,1.716,34.82245
35.3,1.717,34.83962
35.31,1.718,34.8568
35.31,1.719,34.8568
35.32,1.719,34.87399
35.33,1.72,34.89119
35.34,1.72,34.90839
35.35,1.72,34.92559
35.35,1.721,34.92559
35.36,1.721,34.9428
35.37,1.722,34.96002
35.38,1.722,34.97724
35.39,1.723,34.99447
35.4,1.724,35.01171
35.41,1.724,35.02895
35.41,1.724,35.02895
35.42,1.725,35.0462
35.43,1.725,35.06345
35.44,1.725,35.0807
35.45,1.726,35.09796
35.46,1.726,35.11522
35.46,1.726,35.11522
35.47,1.727,35.13249
35.48,1.728,35.14977
35.49,1.729,35.16706
35.5,1.73,35.18436
35.5,1.731,35.18436
35.51,1.731,35.20167
35.52,1.731,35.21898
35.53,1.732,35.2363
35.54,1.732,35.25362
35.55,1.732,35.27094
35.55,1.732,35.27094
35.56,1.733,35.28827
35.57,1.733,35.3056
35.58,1.733,35.32293
35.59,1.734,35.34027
35.6,1.734,35.35761
35.6,1.735,35.35761
35.61,1.735,35.37496
35.62,1.736,35.39232
35.63,1.736,35.40968
35.64,1.737,35.42705
35.65,1.737,35.44442
35.65,1.738,35.44442
35.66,1.738,35.4618
35.67,1.738,35.47918
35.68,1.739,35.49657
35.69,1.739,35.51396
35.7,1.739,35.53135
35.7,1.74,35.53135
35.71,1.741,35.54876
35.72,1.741,35.56617
35.73,1.741,35.58358
35.74,1.741,35.60099
35.75,1.742,35.61841
35.75,1.742,35.61841
35.76,1.743,35.63584
35.77,1.743,35.65327
35.78,1.744,35.67071
35.79,1.744,35.68815
35.8,1.744,35.70559
35.8,1.745,35.70559
35.81,1.746,35.72305
35.82,1.746,35.74051
35.83,1.747,35.75798
35.84,1.747,35.77545
35.84,1.748,35.77545
35.85,1.748,35.79293
35.86,1.748,35.81041
35.87,1.749,35.8279
35.88,1.749,35.84539
35.89,1.749,35.86288
35.89,1.749,35.86288
35.9,1.749,35.88037
35.91,1.749,35.89786
35.92,1.749,35.91535
35.93,1.75,35.93285
35.94,1.75,35.95035
35.95,1.751,35.96786
35.95,1.752,35.96786
35.96,1.753,35.98539
35.97,1.754,36.00293
35.98,1.756,36.02049
35.99,1.757,36.03806
36,1.757,36.05563
36,1.757,36.05563
36.01,1.757,36.0732
36.02,1.758,36.09078
36.03,1.758,36.10836
36.04,1.759,36.12595
36.05,1.759,36.14354
36.05,1.76,36.14354
36.06,1.761,36.16115
36.07,1.761,36.17876
36.08,1.761,36.19637
36.09,1.762,36.21399
36.1,1.762,36.23161
36.1,1.762,36.23161
36.11,1.763,36.24924
36.12,1.763,36.26687
36.13,1.765,36.28452
36.14,1.766,36.30218
36.14,1.767,36.30218
36.15,1.769,36.31987
36.16,1.769,36.33756
36.17,1.77,36.35526
36.18,1.77,36.37296
36.19,1.771,36.39067
36.19,1.771,36.39067
36.2,1.771,36.40838
36.21,1.772,36.4261
36.22,1.772,36.44382
36.23,1.772,36.46154
36.24,1.772,36.47926
36.24,1.772,36.47926
36.25,1.773,36.49699
36.26,1.773,36.51472
36.27,1.774,36.53246
36.28,1.774,36.5502
36.28,1.775,36.5502
36.29,1.775,36.56795
36.3,1.776,36.58571
36.31,1.776,36.60347
36.32,1.776,36.62123
36.33,1.777,36.639
36.34,1.777,36.65677
36.34,1.777,36.65677
36.35,1.777,36.67454
36.36,1.778,36.69232
36.37,1.778,36.7101
36.38,1.779,36.72789
36.38,1.779,36.72789
36.39,1.779,36.74568
36.4,1.78,36.76348
36.41,1.78,36.78128
36.42,1.781,36.79909
36.43,1.782,36.81691
36.44,1.782,36.83473
36.44,1.783,36.83473
36.45,1.783,36.85256
36.46,1.784,36.8704
36.47,1.784,36.88824
36.48,1.784,36.90608
36.49,1.784,36.92392
36.49,1.785,36.92392
36.5,1.785,36.94177
36.51,1.785,36.95962
36.52,1.786,36.97748
36.53,1.786,36.99534
36.53,1.787,36.99534
36.54,1.788,37.01322
36.55,1.79,37.03112
36.56,1.791,37.04903
36.57,1.791,37.06694
36.58,1.792,37.08486
36.58,1.793,37.08486
36.59,1.793,37.10279
36.6,1.794,37.12073
36.61,1.794,37.13867
36.62,1.794,37.15661
36.63,1.794,37.17455
36.63,1.795,37.17455
36.64,1.796,37.19251
36.65,1.797,37.21048
36.66,1.797,37.22845
36.67,1.797,37.24642
36.68,1.797,37.26439
36.68,1.797,37.26439
36.69,1.798,37.28237
36.7,1.798,37.30035
36.71,1.798,37.31833
36.72,1.799,37.33632
36.73,1.8,37.35432
36.74,1.801,37.37233
36.74,1.802,37.37233
36.75,1.804,37.39037
36.76,1.806,37.40843
36.77,1.807,37.4265
36.78,1.808,37.44458
36.78,1.808,37.44458
36.79,1.809,37.46267
36.8,1.809,37.48076
36.81,1.81,37.49886
36.82,1.811,37.51697
36.83,1.812,37.53509
36.83,1.812,37.53509
36.84,1.813,37.55322
36.85,1.814,37.57136
36.86,1.814,37.5895
36.87,1.815,37.60765
36.88,1.816,37.62581
36.88,1.817,37.62581
36.89,1.817,37.64398
36.9,1.818,37.66216
36.91,1.818,37.68034
36.92,1.819,37.69853
36.93,1.819,37.71672
36.93,1.82,37.71672
36.94,1.82,37.73492
36.95,1.82,37.75312
36.96,1.821,37.77133
36.97,1.821,37.78954
36.98,1.822,37.80776
36.98,1.822,37.80776
36.99,1.823,37.82599
37,1.825,37.84424
37.01,1.826,37.8625
37.02,1.828,37.88078
37.02,1.83,37.88078
37.03,1.831,37.89909
37.04,1.832,37.91741
37.05,1.833,37.93574
37.06,1.833,37.95407
37.07,1.833,37.9724
37.07,1.834,37.9724
37.08,1.834,37.99074
37.09,1.835,38.00909
37.1,1.835,38.02744
37.11,1.835,38.04579
37.12,1.836,38.06415
37.12,1.837,38.06415
37.13,1.837,38.08252
37.14,1.838,38.1009
37.15,1.838,38.11928
37.16,1.839,38.13767
37.17,1.839,38.15606
37.17,1.839,38.15606
37.18,1.839,38.17445
37.19,1.839,38.19284
37.2,1.84,38.21124
37.21,1.84,38.22964
37.22,1.841,38.24805
37.22,1.841,38.24805
37.23,1.841,38.26646
37.24,1.842,38.28488
37.25,1.843,38.30331
37.26,1.843,38.32174
37.27,1.844,38.34018
37.28,1.845,38.35863
37.28,1.846,38.35863
37.29,1.847,38.3771
37.3,1.848,38.39558
37.31,1.85,38.41408
37.32,1.85,38.43258
37.32,1.851,38.43258
37.33,1.851,38.45109
37.34,1.852,38.46961
37.35,1.852,38.48813
37.36,1.852,38.50665
37.37,1.853,38.52518
37.37,1.853,38.52518
37.38,1.853,38.54371
37.39,1.854,38.56225
37.4,1.854,38.58079
37.41,1.855,38.59934
37.42,1.856,38.6179
37.42,1.856,38.6179
37.43,1.857,38.63647
37.44,1.858,38.65505
37.45,1.86,38.67365
37.46,1.861,38.69226
37.47,1.862,38.71088
37.47,1.862,38.71088
37.48,1.862,38.7295
37.49,1.863,38.74813
37.5,1.863,38.76676
37.51,1.864,38.7854
37.52,1.864,38.80404
37.52,1.865,38.80404
37.53,1.866,38.8227
37.54,1.868,38.84138
37.55,1.87,38.86008
37.56,1.871,38.87879
37.57,1.872,38.89751
37.57,1.873,38.89751
37.58,1.873,38.91624
37.59,1.874,38.93498
37.6,1.874,38.95372
37.61,1.875,38.97247
37.62,1.876,38.99123
37.62,1.876,38.99123
37.63,1.878,39.01001
37.64,1.878,39.02879
37.65,1.879,39.04758
37.66,1.879,39.06637
37.66,1.88,39.06637
37.67,1.88,39.08517
37.68,1.881,39.10398
37.69,1.881,39.12279
37.7,1.882,39.14161
37.71,1.883,39.16044
37.71,1.885,39.16044
37.72,1.886,39.1793
37.73,1.887,39.19817
37.74,1.888,39.21705
37.75,1.888,39.23593
37.76,1.889,39.25482
37.77,1.89,39.27372
37.77,1.89,39.27372
37.78,1.891,39.29263
37.79,1.894,39.31157
37.8,1.896,39.33053
37.81,1.899,39.34952
37.81,1.901,39.34952
37.82,1.902,39.36854
37.83,1.903,39.38757
37.84,1.903,39.4066
37.85,1.903,39.42563
37.86,1.904,39.44467
37.86,1.905,39.44467
37.87,1.905,39.46372
37.88,1.905,39.48277
37.89,1.905,39.50182
37.9,1.906,39.52088
37.91,1.906,39.53994
37.91,1.907,39.53994
37.92,1.908,39.55902
37.93,1.909,39.57811
37.94,1.909,39.5972
37.95,1.91,39.6163
37.96,1.911,39.63541
37.96,1.912,39.63541
37.97,1.912,39.65453
37.98,1.913,39.67366
37.99,1.914,39.6928
38,1.915,39.71195
38.01,1.916,39.73111
38.01,1.918,39.73111
38.02,1.919,39.7503
38.03,1.92,39.7695
38.04,1.922,39.78872
38.05,1.924,39.80796
38.05,1.925,39.80796
38.06,1.926,39.82722
38.07,1.928,39.8465
38.08,1.929,39.86579
38.09,1.929,39.88508
38.1,1.93,39.90438
38.1,1.93,39.90438
38.11,1.93,39.92368
38.12,1.93,39.94298
38.13,1.93,39.96228
38.14,1.93,39.98158
38.15,1.93,40.00088
38.15,1.931,40.00088
38.16,1.932,40.0202
38.17,1.933,40.03953
38.18,1.934,40.05887
38.19,1.935,40.07822
38.2,1.936,40.09758
38.2,1.938,40.09758
38.21,1.939,40.11697
38.22,1.94,40.13637
38.23,1.94,40.15577
38.24,1.941,40.17518
38.25,1.942,40.1946
38.25,1.943,40.1946
38.26,1.944,40.21404
38.27,1.945,40.23349
38.28,1.945,40.25294
38.29,1.946,40.2724
38.3,1.947,40.29187
38.3,1.948,40.29187
38.31,1.948,40.31135
38.32,1.949,40.33084
38.33,1.95,40.35034
38.34,1.951,40.36985
38.34,1.951,40.36985
38.35,1.952,40.38937
38.36,1.953,40.4089
38.37,1.955,40.42845
38.38,1.956,40.44801
38.39,1.957,40.46758
38.4,1.958,40.48716
38.4,1.958,40.48716
38.41,1.959,40.50675
38.42,1.96,40.52635
38.43,1.96,40.54595
38.44,1.961,40.56556
38.45,1.961,40.58517
38.45,1.961,40.58517
38.46,1.962,40.60479
38.47,1.962,40.62441
38.48,1.963,40.64404
38.49,1.963,40.66367
38.49,1.963,40.66367
38.5,1.964,40.68331
38.51,1.965,40.70296
38.52,1.966,40.72262
38.53,1.967,40.74229
38.54,1.969,40.76198
38.54,1.971,40.76198
38.55,1.973,40.78171
38.56,1.973,40.80144
38.57,1.974,40.82118
38.58,1.976,40.84094
38.59,1.976,40.8607
38.59,1.978,40.8607
38.6,1.98,40.8805
38.61,1.981,40.90031
38.62,1.983,40.92014
38.63,1.984,40.93998
38.64,1.986,40.95984
38.65,1.987,40.97971
38.65,1.988,40.97971
38.66,1.988,40.99959
38.67,1.989,41.01948
38.68,1.99,41.03938
38.69,1.992,41.0593
38.69,1.993,41.0593
38.7,1.996,41.07926
38.71,1.997,41.09923
38.72,1.999,41.11922
38.73,2,41.13922
38.73,2.001,41.13922
38.74,2.001,41.15923
38.75,2.002,41.17925
38.76,2.002,41.19927
38.77,2.003,41.2193
38.78,2.003,41.23933
38.78,2.004,41.23933
38.79,2.005,41.25938
38.8,2.006,41.27944
38.81,2.008,41.29952
38.82,2.009,41.31961
38.83,2.01,41.33971
38.83,2.011,41.33971
38.84,2.012,41.35983
38.85,2.012,41.37995
38.86,2.013,41.40008
38.87,2.014,41.42022
38.88,2.016,41.44038
38.88,2.018,41.44038
38.89,2.019,41.46057
38.9,2.021,41.48078
38.91,2.022,41.501
38.92,2.023,41.52123
38.93,2.024,41.54147
38.93,2.025,41.54147
38.94,2.026,41.56173
38.95,2.026,41.58199
38.96,2.027,41.60226
38.97,2.029,41.62255
38.98,2.03,41.64285
38.99,2.032,41.66317
38.99,2.034,41.66317
39,2.036,41.68353
39.01,2.038,41.70391
39.02,2.04,41.72431
39.03,2.041,41.74472
39.03,2.042,41.74472
39.04,2.042,41.76514
39.05,2.042,41.78556
39.06,2.042,41.80598
39.07,2.043,41.82641
39.08,2.043,41.84684
39.08,2.043,41.84684
39.09,2.043,41.86727
39.1,2.045,41.88772
39.11,2.046,41.90818
39.12,2.047,41.92865
39.13,2.048,41.94913
39.13,2.049,41.94913
39.14,2.049,41.96962
39.15,2.05,41.99012
39.16,2.051,42.01063
39.17,2.053,42.03116
39.17,2.055,42.03116
39.18,2.057,42.05173
39.19,2.06,42.07233
39.2,2.063,42.09296
39.21,2.064,42.1136
39.22,2.065,42.13425
39.22,2.066,42.13425
39.23,2.066,42.15491
39.24,2.066,42.17557
39.25,2.066,42.19623
39.26,2.067,42.2169
39.27,2.067,42.23757
39.27,2.068,42.23757
39.28,2.069,42.25826
39.29,2.07,42.27896
39.3,2.072,42.29968
39.31,2.073,42.32041
39.32,2.074,42.34115
39.32,2.076,42.34115
39.33,2.077,42.36192
39.34,2.078,42.3827
39.35,2.079,42.40349
39.36,2.08,42.42429
39.37,2.081,42.4451
39.37,2.081,42.4451
39.38,2.081,42.46591
39.39,2.082,42.48673
39.4,2.083,42.50756
39.41,2.084,42.5284
39.42,2.086,42.54926
39.42,2.088,42.54926
39.43,2.089,42.57015
39.44,2.091,42.59106
39.45,2.092,42.61198
39.46,2.093,42.63291
39.46,2.094,42.63291
39.47,2.095,42.65386
39.48,2.096,42.67482
39.49,2.097,42.69579
39.5,2.097,42.71676
39.51,2.098,42.73774
39.51,2.098,42.73774
39.52,2.099,42.75873
39.53,2.1,42.77973
39.54,2.102,42.80075
39.55,2.104,42.82179
39.56,2.106,42.84285
39.56,2.107,42.84285
39.57,2.107,42.86392
39.58,2.108,42.885
39.59,2.108,42.90608
39.6,2.109,42.92717
39.61,2.109,42.94826
39.61,2.109,42.94826
39.62,2.109,42.96935
39.63,2.11,42.99045
39.64,2.111,43.01156
39.65,2.112,43.03268
39.66,2.113,43.05381
39.66,2.115,43.05381
39.67,2.116,43.07497
39.68,2.117,43.09614
39.69,2.118,43.11732
39.7,2.119,43.13851
39.71,2.119,43.1597
39.71,2.119,43.1597
39.72,2.119,43.18089
39.73,2.12,43.20209
39.74,2.12,43.22329
39.75,2.121,43.2445
39.75,2.123,43.2445
39.76,2.125,43.26575
39.77,2.127,43.28702
39.78,2.13,43.30832
39.79,2.132,43.32964
39.8,2.133,43.35097
39.8,2.134,43.35097
39.81,2.135,43.37232
39.82,2.135,43.39367
39.83,2.136,43.41503
39.84,2.136,43.43639
39.85,2.136,43.45775
39.85,2.136,43.45775
39.86,2.136,43.47911
39.87,2.136,43.50047
39.88,2.136,43.52183
39.89,2.136,43.54319
39.9,2.137,43.56456
39.9,2.137,43.56456
39.91,2.138,43.58594
39.92,2.138,43.60732
39.93,2.139,43.62871
39.94,2.139,43.6501
39.95,2.14,43.6715
39.95,2.141,43.6715
39.96,2.143,43.69293
39.97,2.144,43.71437
39.98,2.146,43.73583
39.99,2.147,43.7573
39.99,2.149,43.7573
40,2.15,43.7788
40.01,2.151,43.80031
40.02,2.152,43.82183
40.03,2.152,43.84335
40.04,2.153,43.86488
40.04,2.153,43.86488
40.05,2.154,43.88642
40.06,2.154,43.90796
40.07,2.155,43.92951
40.08,2.156,43.95107
40.09,2.156,43.97263
40.09,2.156,43.97263
40.1,2.157,43.9942
40.11,2.158,44.01578
40.12,2.159,44.03737
40.13,2.16,44.05897
40.14,2.161,44.08058
40.14,2.162,44.08058
40.15,2.163,44.10221
40.16,2.164,44.12385
40.17,2.164,44.14549
40.18,2.165,44.16714
40.19,2.165,44.18879
40.19,2.166,44.18879
40.2,2.166,44.21045
40.21,2.167,44.23212
40.22,2.167,44.25379
40.23,2.168,44.27547
40.23,2.168,44.27547
40.24,2.169,44.29716
40.25,2.17,44.31886
40.26,2.17,44.34056
40.27,2.17,44.36226
40.28,2.17,44.38396
40.28,2.17,44.38396
40.29,2.17,44.40566
40.3,2.171,44.42737
40.31,2.171,44.44908
40.32,2.172,44.4708
40.33,2.173,44.49253
40.33,2.173,44.49253
40.34,2.174,44.51427
40.35,2.174,44.53601
40.36,2.174,44.55775
40.37,2.175,44.5795
40.38,2.175,44.60125
40.39,2.175,44.623
40.39,2.175,44.623
40.4,2.174,44.64474
40.41,2.175,44.66649
40.42,2.176,44.68825
40.43,2.177,44.71002
40.44,2.178,44.7318
40.44,2.179,44.7318
40.45,2.18,44.7536
40.46,2.181,44.77541
40.47,2.182,44.79723
40.48,2.182,44.81905
40.48,2.182,44.81905
40.49,2.182,44.84087
40.5,2.183,44.8627
40.51,2.183,44.88453
40.52,2.184,44.90637
40.53,2.184,44.92821
40.54,2.184,44.95005
40.54,2.184,44.95005
40.55,2.185,44.9719
40.56,2.185,44.99375
40.57,2.185,45.0156
40.58,2.186,45.03746
40.58,2.187,45.03746
40.59,2.187,45.05933
40.6,2.188,45.08121
40.61,2.189,45.1031
40.62,2.19,45.125
40.63,2.19,45.1469
40.63,2.189,45.1469
40.64,2.19,45.1688
40.65,2.189,45.19069
40.66,2.189,45.21258
40.67,2.189,45.23447
40.68,2.19,45.25637
40.68,2.191,45.25637
40.69,2.192,45.27829
40.7,2.194,45.30023
40.71,2.195,45.32218
40.72,2.196,45.34414
40.72,2.196,45.34414
40.73,2.197,45.36611
40.74,2.197,45.38808
40.75,2.198,45.41006
40.76,2.198,45.43204
40.77,2.198,45.45402
40.78,2.198,45.476
40.78,2.199,45.476
40.79,2.199,45.49799
40.8,2.199,45.51998
40.81,2.199,45.54197
40.82,2.199,45.56396
40.82,2.199,45.56396
40.83,2.199,45.58595
40.84,2.2,45.60795
40.85,2.2,45.62995
40.86,2.2,45.65195
40.87,2.201,45.67396
40.87,2.201,45.67396
40.88,2.202,45.69598
40.89,2.202,45.718
40.9,2.203,45.74003
40.91,2.203,45.76206
40.92,2.203,45.78409
40.93,2.203,45.80612
40.93,2.203,45.80612
40.94,2.203,45.82815
40.95,2.202,45.85017
40.96,2.202,45.87219
40.97,2.202,45.89421
40.98,2.202,45.91623
40.98,2.203,45.91623
40.99,2.203,45.93826
41,2.204,45.9603
41.01,2.204,45.98234
41.02,2.205,46.00439
41.03,2.205,46.02644
41.03,2.205,46.02644
41.04,2.206,46.0485
41.05,2.206,46.07056
41.06,2.206,46.09262
41.07,2.206,46.11468
41.08,2.206,46.13674
41.08,2.205,46.13674
41.09,2.205,46.15879
41.1,2.205,46.18084
41.11,2.206,46.2029
41.12,2.206,46.22496
41.13,2.206,46.24702
41.13,2.206,46.24702
41.14,2.206,46.26908
41.15,2.206,46.29114
41.16,2.206,46.3132
41.17,2.206,46.33526
41.18,2.206,46.35732
41.18,2.206,46.35732
41.19,2.206,46.37938
41.2,2.205,46.40143
41.21,2.205,46.42348
41.22,2.205,46.44553
41.22,2.205,46.44553
41.23,2.204,46.46757
41.24,2.204,46.48961
41.25,2.204,46.51165
41.26,2.204,46.53369
41.27,2.204,46.55573
41.27,2.204,46.55573
41.28,2.204,46.57777
41.29,2.204,46.59981
41.3,2.204,46.62185
41.31,2.204,46.64389
41.32,2.204,46.66593
41.33,2.203,46.68796
41.33,2.203,46.68796
41.34,2.203,46.70999
41.35,2.204,46.73203
41.36,2.204,46.75407
41.37,2.204,46.77611
41.38,2.204,46.79815
41.38,2.204,46.79815
41.39,2.204,46.82019
41.4,2.204,46.84223
41.41,2.205,46.86428
41.42,2.205,46.88633
41.43,2.206,46.90839
41.43,2.206,46.90839
41.44,2.207,46.93046
41.45,2.207,46.95253
41.46,2.207,46.9746
41.47,2.207,46.99667
41.47,2.207,46.99667
41.48,2.207,47.01874
41.49,2.207,47.04081
41.5,2.207,47.06288
41.51,2.206,47.08494
41.52,2.206,47.107
41.52,2.205,47.107
41.53,2.205,47.12905
41.54,2.205,47.1511
41.55,2.205,47.17315
41.56,2.205,47.1952
41.57,2.205,47.21725
41.58,2.205,47.2393
41.58,2.205,47.2393
41.59,2.205,47.26135
41.6,2.205,47.2834
41.61,2.205,47.30545
41.62,2.204,47.32749
41.63,2.204,47.34953
41.63,2.205,47.34953
41.64,2.205,47.37158
41.65,2.205,47.39363
41.66,2.205,47.41568
41.67,2.205,47.43773
41.68,2.206,47.45979
41.68,2.206,47.45979
41.69,2.206,47.48185
41.7,2.206,47.50391
41.71,2.205,47.52596
41.72,2.205,47.54801
41.73,2.204,47.57005
41.73,2.204,47.57005
41.74,2.204,47.59209
41.75,2.204,47.61413
41.76,2.204,47.63617
41.77,2.204,47.65821
41.78,2.204,47.68025
41.78,2.204,47.68025
41.79,2.205,47.7023
41.8,2.205,47.72435
41.81,2.205,47.7464
41.82,2.205,47.76845
41.83,2.205,47.7905
41.83,2.205,47.7905
41.84,2.205,47.81255
41.85,2.205,47.8346
41.86,2.205,47.85665
41.87,2.205,47.8787
41.88,2.205,47.90075
41.88,2.205,47.90075
41.89,2.205,47.9228
41.9,2.205,47.94485
41.91,2.205,47.9669
41.92,2.205,47.98895
41.93,2.206,48.01101
41.93,2.206,48.01101
41.94,2.206,48.03307
41.95,2.206,48.05513
41.96,2.206,48.07719
41.97,2.206,48.09925
41.98,2.206,48.12131
41.98,2.206,48.12131
41.99,2.206,48.14337
42,2.207,48.16544
42.01,2.207,48.18751
42.02,2.207,48.20958
42.03,2.208,48.23166
42.03,2.209,48.23166
42.04,2.209,48.25375
42.05,2.209,48.27584
42.06,2.21,48.29794
42.07,2.21,48.32004
42.08,2.21,48.34214
42.08,2.21,48.34214
42.09,2.211,48.36425
42.1,2.211,48.38636
42.11,2.211,48.40847
42.12,2.211,48.43058
42.13,2.211,48.45269
42.14,2.212,48.47481
42.14,2.212,48.47481
42.15,2.213,48.49694
42.16,2.213,48.51907
42.17,2.213,48.5412
42.17,2.214,48.5412
42.18,2.214,48.56334
42.19,2.215,48.58549
42.2,2.216,48.60765
42.21,2.216,48.62981
42.22,2.217,48.65198
42.23,2.217,48.67415
42.23,2.218,48.67415
42.24,2.218,48.69633
42.25,2.219,48.71852
42.26,2.219,48.74071
42.27,2.219,48.7629
42.28,2.219,48.78509
42.28,2.22,48.78509
42.29,2.22,48.80729
42.3,2.221,48.8295
42.31,2.221,48.85171
42.32,2.222,48.87393
42.33,2.222,48.89615
42.33,2.223,48.89615
42.34,2.223,48.91838
42.35,2.224,48.94062
42.36,2.224,48.96286
42.37,2.225,48.98511
42.38,2.226,49.00737
42.38,2.227,49.00737
42.39,2.228,49.02965
42.4,2.229,49.05194
42.41,2.23,49.07424
42.42,2.231,49.09655
42.43,2.233,49.11888
42.43,2.235,49.11888
42.44,2.237,49.14125
42.45,2.238,49.16363
42.46,2.238,49.18601
42.47,2.238,49.20839
42.48,2.238,49.23077
42.48,2.238,49.23077
42.49,2.238,49.25315
42.5,2.238,49.27553
42.51,2.238,49.29791
42.52,2.239,49.3203
42.53,2.241,49.34271
42.53,2.243,49.34271
42.54,2.245,49.36516
42.55,2.247,49.38763
42.56,2.248,49.41011
42.57,2.25,49.43261
42.58,2.251,49.45512
42.58,2.251,49.45512
42.59,2.252,49.47764
42.6,2.252,49.50016
42.61,2.253,49.52269
42.62,2.254,49.54523
42.63,2.254,49.56777
42.63,2.254,49.56777
42.64,2.255,49.59032
42.65,2.256,49.61288
42.66,2.257,49.63545
42.67,2.258,49.65803
42.68,2.258,49.68061
42.68,2.26,49.68061
42.69,2.261,49.70322
42.7,2.263,49.72585
42.71,2.264,49.74849
42.72,2.266,49.77115
42.72,2.268,49.77115
42.73,2.269,49.79384
42.74,2.271,49.81655
42.75,2.271,49.83926
42.76,2.272,49.86198
42.77,2.273,49.88471
42.78,2.275,49.90746
42.78,2.276,49.90746
42.79,2.278,49.93024
42.8,2.279,49.95303
42.81,2.279,49.97582
42.82,2.28,49.99862
42.82,2.28,49.99862
42.83,2.281,50.02143
42.84,2.281,50.04424
42.85,2.282,50.06706
42.86,2.282,50.08988
42.86,2.283,50.08988
42.87,2.284,50.11272
42.88,2.286,50.13558
42.89,2.287,50.15845
42.9,2.289,50.18134
42.91,2.29,50.20424
42.91,2.291,50.20424
42.92,2.291,50.22715
42.93,2.292,50.25007
42.94,2.292,50.27299
42.95,2.293,50.29592
42.96,2.293,50.31885
42.96,2.294,50.31885
42.97,2.294,50.34179
42.98,2.294,50.36473
42.99,2.294,50.38767
43,2.295,50.41062
43.01,2.296,50.43358
43.02,2.297,50.45655
43.02,2.3,50.45655
43.03,2.301,50.47956
43.04,2.303,50.50259
43.05,2.304,50.52563
43.06,2.304,50.54867
43.06,2.304,50.54867
43.07,2.304,50.57171
43.08,2.304,50.59475
43.09,2.305,50.6178
43.1,2.305,50.64085
43.11,2.306,50.66391
43.11,2.308,50.66391
43.12,2.309,50.687
43.13,2.31,50.7101
43.14,2.311,50.73321
43.15,2.312,50.75633
43.16,2.312,50.77945
43.16,2.313,50.77945
43.17,2.314,50.80259
43.18,2.314,50.82573
43.19,2.315,50.84888
43.2,2.315,50.87203
43.21,2.316,50.89519
43.21,2.317,50.89519
43.22,2.317,50.91836
43.23,2.318,50.94154
43.24,2.318,50.96472
43.25,2.319,50.98791
43.26,2.319,51.0111
43.26,2.32,51.0111
43.27,2.321,51.03431
43.28,2.321,51.05752
43.29,2.322,51.08074
43.3,2.322,51.10396
43.31,2.323,51.12719
43.31,2.323,51.12719
43.32,2.323,51.15042
43.33,2.324,51.17366
43.34,2.324,51.1969
43.35,2.325,51.22015
43.36,2.325,51.2434
43.36,2.326,51.2434
43.37,2.328,51.26668
43.38,2.329,51.28997
43.39,2.331,51.31328
43.4,2.331,51.33659
43.4,2.332,51.33659
43.41,2.332,51.35991
43.42,2.332,51.38323
43.43,2.333,51.40656
43.44,2.333,51.42989
43.45,2.333,51.45322
43.45,2.334,51.45322
43.46,2.335,51.47657
43.47,2.336,51.49993
43.48,2.337,51.5233
43.49,2.338,51.54668
43.5,2.34,51.57008
43.51,2.341,51.59349
43.51,2.342,51.59349
43.52,2.342,51.61691
43.53,2.343,51.64034
43.54,2.343,51.66377
43.55,2.343,51.6872
43.55,2.343,51.6872
43.56,2.343,51.71063
43.57,2.343,51.73406
43.58,2.343,51.75749
43.59,2.344,51.78093
43.6,2.345,51.80438
43.61,2.346,51.82784
43.61,2.347,51.82784
43.62,2.348,51.85132
43.63,2.349,51.87481
43.64,2.35,51.89831
43.65,2.351,51.92182
43.65,2.351,51.92182
43.66,2.352,51.94534
43.67,2.353,51.96887
43.68,2.354,51.99241
43.69,2.355,52.01596
43.7,2.355,52.03951
43.7,2.356,52.03951
43.71,2.356,52.06307
43.72,2.356,52.08663
43.73,2.356,52.11019
43.74,2.355,52.13374
43.75,2.356,52.1573
43.75,2.356,52.1573
43.76,2.357,52.18087
43.77,2.357,52.20444
43.78,2.357,52.22801
43.79,2.357,52.25158
43.8,2.358,52.27516
43.8,2.358,52.27516
43.81,2.358,52.29874
43.82,2.358,52.32232
43.83,2.359,52.34591
43.84,2.36,52.36951
43.85,2.361,52.39312
43.85,2.362,52.39312
43.86,2.363,52.41675
43.87,2.364,52.44039
43.88,2.365,52.46404
43.89,2.365,52.48769
43.89,2.366,52.48769
43.9,2.366,52.51135
43.91,2.366,52.53501
43.92,2.366,52.55867
43.93,2.366,52.58233
43.94,2.366,52.60599
43.94,2.367,52.60599
43.95,2.367,52.62966
43.96,2.368,52.65334
43.97,2.368,52.67702
43.98,2.368,52.7007
43.99,2.369,52.72439
43.99,2.369,52.72439
44,2.369,52.74808
44.01,2.369,52.77177
44.02,2.369,52.79546
44.03,2.369,52.81915
44.03,2.37,52.81915
44.04,2.37,52.84285
44.05,2.371,52.86656
44.06,2.371,52.89027
44.07,2.372,52.91399
44.08,2.373,52.93772
44.09,2.374,52.96146
44.09,2.375,52.96146
44.1,2.376,52.98522
44.11,2.376,53.00898
44.12,2.377,53.03275
44.13,2.377,53.05652
44.14,2.377,53.08029
44.14,2.377,53.08029
44.15,2.377,53.10406
44.16,2.377,53.12783
44.17,2.378,53.15161
44.18,2.379,53.1754
44.19,2.38,53.1992
44.19,2.382,53.1992
44.2,2.382,53.22302
44.21,2.383,53.24685
44.22,2.384,53.27069
44.23,2.385,53.29454
44.23,2.386,53.29454
44.24,2.387,53.31841
44.25,2.388,53.34229
44.26,2.389,53.36618
44.27,2.39,53.39008
44.28,2.392,53.414
44.29,2.393,53.43793
44.29,2.393,53.43793
44.3,2.394,53.46187
44.31,2.395,53.48582
44.32,2.396,53.50978
44.33,2.396,53.53374
44.33,2.397,53.53374
44.34,2.399,53.55773
44.35,2.401,53.58174
44.36,2.404,53.60578
44.37,2.407,53.62985
44.38,2.409,53.65394
44.39,2.41,53.67804
44.39,2.412,53.67804
44.4,2.413,53.70217
44.41,2.414,53.72631
44.42,2.415,53.75046
44.43,2.416,53.77462
44.43,2.417,53.77462
44.44,2.418,53.7988
44.45,2.419,53.82299
44.46,2.421,53.8472
44.47,2.424,53.87144
44.48,2.426,53.8957
44.48,2.428,53.8957
44.49,2.429,53.91999
44.5,2.431,53.9443
44.51,2.432,53.96862
44.52,2.433,53.99295
44.53,2.434,54.01729
44.53,2.435,54.01729
44.54,2.435,54.04164
44.55,2.436,54.066
44.56,2.437,54.09037
44.57,2.438,54.11475
44.58,2.439,54.13914
44.58,2.441,54.13914
44.59,2.442,54.16356
44.6,2.444,54.188
44.61,2.445,54.21245
44.62,2.446,54.23691
44.63,2.448,54.26139
44.63,2.45,54.26139
44.64,2.451,54.2859
44.65,2.453,54.31043
44.66,2.455,54.33498
44.67,2.458,54.35956
44.68,2.46,54.38416
44.68,2.463,54.38416
44.69,2.465,54.40881
44.7,2.467,54.43348
44.71,2.47,54.45818
44.72,2.473,54.48291
44.73,2.477,54.50768
44.73,2.48,54.50768
44.74,2.483,54.53251
44.75,2.484,54.55735
44.76,2.486,54.58221
44.77,2.488,54.60709
44.77,2.489,54.60709
44.78,2.49,54.63199
44.79,2.491,54.6569
44.8,2.492,54.68182
44.81,2.493,54.70675
44.82,2.496,54.73171
44.82,2.498,54.73171
44.83,2.501,54.75672
44.84,2.504,54.78176
44.85,2.507,54.80683
44.86,2.511,54.83194
44.87,2.515,54.85709
44.87,2.518,54.85709
44.88,2.521,54.8823
44.89,2.523,54.90753
44.9,2.524,54.93277
44.91,2.525,54.95802
44.91,2.526,54.95802
44.92,2.528,54.9833
44.93,2.529,55.00859
44.94,2.531,55.0339
44.95,2.533,55.05923
44.96,2.535,55.08458
44.96,2.537,55.08458
44.97,2.54,55.10998
44.98,2.543,55.13541
44.99,2.545,55.16086
45,2.547,55.18633
45.01,2.549,55.21182
45.01,2.551,55.21182
45.02,2.553,55.23735
45.03,2.556,55.26291
45.04,2.559,55.2885
45.05,2.562,55.31412
45.06,2.565,55.33977
45.06,2.568,55.33977
45.07,2.57,55.36547
45.08,2.572,55.39119
45.09,2.573,55.41692
45.1,2.574,55.44266
45.11,2.576,55.46842
45.11,2.577,55.46842
45.12,2.579,55.49421
45.13,2.58,55.52001
45.14,2.582,55.54583
45.15,2.584,55.57167
45.15,2.585,55.57167
45.16,2.587,55.59754
45.17,2.589,55.62343
45.18,2.592,55.64935
45.19,2.595,55.6753
45.2,2.598,55.70128
45.2,2.603,55.70128
45.21,2.607,55.72735
45.22,2.611,55.75346
45.23,2.613,55.77959
45.24,2.616,55.80575
45.24,2.617,55.80575
45.25,2.618,55.83193
45.26,2.618,55.85811
45.27,2.62,55.88431
45.28,2.621,55.91052
45.29,2.622,55.93674
45.29,2.624,55.93674
45.3,2.627,55.96301
45.31,2.631,55.98932
45.32,2.637,56.01569
45.33,2.643,56.04212
45.34,2.649,56.06861
45.35,2.654,56.09515
45.35,2.657,56.09515
45.36,2.662,56.12177
45.37,2.666,56.14843
45.38,2.669,56.17512
45.39,2.672,56.20184
45.39,2.674,56.20184
45.4,2.676,56.2286
45.41,2.678,56.25538
45.42,2.68,56.28218
45.43,2.683,56.30901
45.43,2.686,56.30901
45.44,2.688,56.33589
45.45,2.69,56.36279
45.46,2.693,56.38972
45.47,2.696,56.41668
45.48,2.698,56.44366
45.48,2.7,56.44366
45.49,2.702,56.47068
45.5,2.703,56.49771
45.51,2.705,56.52476
45.52,2.707,56.55183
45.52,2.709,56.55183
45.53,2.712,56.57895
45.54,2.715,56.6061
45.55,2.719,56.63329
45.56,2.722,56.66051
45.57,2.726,56.68777
45.58,2.729,56.71506
45.58,2.732,56.71506
45.59,2.734,56.7424
45.6,2.736,56.76976
45.61,2.737,56.79713
45.61,2.738,56.79713
45.62,2.739,56.82452
45.63,2.742,56.85194
45.64,2.745,56.87939
45.65,2.749,56.90688
45.66,2.753,56.93441
45.66,2.756,56.93441
45.67,2.759,56.962
45.68,2.761,56.98961
45.69,2.763,57.01724
45.7,2.765,57.04489
45.71,2.767,57.07256
45.71,2.77,57.07256
45.72,2.773,57.10029
45.73,2.778,57.12807
45.74,2.782,57.15589
45.75,2.786,57.18375
45.76,2.79,57.21165
45.76,2.793,57.21165
45.77,2.796,57.23961
45.78,2.797,57.26758
45.79,2.798,57.29556
45.8,2.799,57.32355
45.8,2.802,57.32355
45.81,2.805,57.3516
45.82,2.808,57.37968
45.83,2.812,57.4078
45.84,2.816,57.43596
45.85,2.822,57.46418
45.85,2.829,57.46418
45.86,2.834,57.49252
45.87,2.838,57.5209
45.88,2.841,57.54931
45.89,2.842,57.57773
45.89,2.845,57.57773
45.9,2.848,57.60621
45.91,2.85,57.63471
45.92,2.852,57.66323
45.93,2.854,57.69177
45.94,2.856,57.72033
45.94,2.861,57.72033
45.95,2.865,57.74898
45.96,2.868,57.77766
45.97,2.871,57.80637
45.98,2.874,57.83511
45.99,2.877,57.86388
45.99,2.881,57.86388
46,2.885,57.89273
46.01,2.887,57.9216
46.02,2.891,57.95051
46.03,2.894,57.97945
46.03,2.898,57.97945
46.04,2.903,58.00848
46.05,2.907,58.03755
46.06,2.91,58.06665
46.07,2.913,58.09578
46.08,2.916,58.12494
46.08,2.919,58.12494
46.09,2.923,58.15417
46.1,2.925,58.18342
46.11,2.928,58.2127
46.12,2.93,58.242
46.12,2.933,58.242
46.13,2.936,58.27136
46.14,2.939,58.30075
46.15,2.942,58.33017
46.16,2.947,58.35964
46.17,2.951,58.38915
46.17,2.956,58.38915
46.18,2.963,58.41878
46.19,2.966,58.44844
46.2,2.971,58.47815
46.21,2.973,58.50788
46.22,2.975,58.53763
46.22,2.977,58.53763
46.23,2.979,58.56742
46.24,2.981,58.59723
46.25,2.984,58.62707
46.26,2.987,58.65694
46.27,2.991,58.68685
46.27,2.996,58.68685
46.28,3,58.71685
46.29,3.004,58.74689
46.3,3.007,58.77696
46.31,3.011,58.80707
46.31,3.014,58.80707
46.32,3.017,58.83724
46.33,3.021,58.86745
46.34,3.026,58.89771
46.35,3.032,58.92803
46.35,3.037,58.92803
46.36,3.042,58.95845
46.37,3.047,58.98892
46.38,3.052,59.01944
46.39,3.057,59.05001
46.4,3.06,59.08061
46.4,3.064,59.08061
46.41,3.066,59.11127
46.42,3.069,59.14196
46.43,3.072,59.17268
46.44,3.075,59.20343
46.44,3.077,59.20343
46.45,3.08,59.23423
46.46,3.084,59.26507
46.47,3.09,59.29597
46.48,3.095,59.32692
46.49,3.101,59.35793
46.49,3.105,59.35793
46.5,3.108,59.38901
46.51,3.111,59.42012
46.52,3.114,59.45126
46.53,3.117,59.48243
46.53,3.121,59.48243
46.54,3.124,59.51367
46.55,3.127,59.54494
46.56,3.133,59.57627
46.57,3.14,59.60767
46.57,3.147,59.60767
46.58,3.152,59.63919
46.59,3.155,59.67074
46.6,3.158,59.70232
46.61,3.161,59.73393
46.62,3.165,59.76558
46.62,3.168,59.76558
46.63,3.173,59.79731
46.64,3.177,59.82908
46.65,3.181,59.86089
46.66,3.186,59.89275
46.66,3.19,59.89275
46.67,3.194,59.92469
46.68,3.196,59.95665
46.69,3.199,59.98864
46.7,3.201,60.02065
46.71,3.204,60.05269
46.71,3.208,60.05269
46.72,3.213,60.08482
46.73,3.219,60.11701
46.74,3.226,60.14927
46.75,3.233,60.1816
46.75,3.24,60.1816
46.76,3.247,60.21407
46.77,3.251,60.24658
46.78,3.255,60.27913
46.79,3.258,60.31171
46.8,3.261,60.34432
46.8,3.264,60.34432
46.81,3.267,60.37699
46.82,3.273,60.40972
46.83,3.28,60.44252
46.84,3.286,60.47538
46.84,3.294,60.47538
46.85,3.301,60.50839
46.86,3.308,60.54147
46.87,3.313,60.5746
46.88,3.316,60.60776
46.89,3.319,60.64095
46.89,3.322,60.64095
46.9,3.324,60.67419
46.91,3.328,60.70747
46.92,3.332,60.74079
46.93,3.335,60.77414
46.93,3.338,60.77414
46.94,3.342,60.80756
46.95,3.348,60.84104
46.96,3.353,60.87457
46.97,3.359,60.90816
46.98,3.366,60.94182
46.98,3.371,60.94182
46.99,3.377,60.97559
47,3.382,61.00941
47.01,3.387,61.04328
47.02,3.392,61.0772
47.02,3.397,61.0772
47.03,3.402,61.11122
47.04,3.408,61.1453
47.05,3.413,61.17943
47.06,3.419,61.21362
47.06,3.424,61.21362
47.07,3.428,61.2479
47.08,3.434,61.28224
47.09,3.439,61.31663
47.1,3.443,61.35106
47.11,3.446,61.38552
47.11,3.451,61.38552
47.12,3.456,61.42008
47.13,3.461,61.45469
47.14,3.465,61.48934
47.15,3.468,61.52402
47.15,3.476,61.52402
47.16,3.484,61.55886
47.17,3.49,61.59376
47.18,3.495,61.62871
47.19,3.5,61.66371
47.19,3.507,61.66371
47.2,3.512,61.69883
47.21,3.517,61.734
47.22,3.522,61.76922
47.23,3.526,61.80448
47.23,3.53,61.80448
47.24,3.536,61.83984
47.25,3.543,61.87527
47.26,3.545,61.91072
47.27,3.546,61.94618
47.28,3.549,61.98167
47.28,3.553,61.98167
47.29,3.559,62.01726
47.3,3.567,62.05293
47.31,3.572,62.08865
47.32,3.58,62.12445
47.33,3.589,62.16034
47.33,3.602,62.16034
47.34,3.61,62.19644
47.35,3.613,62.23257
47.36,3.617,62.26874
47.36,3.621,62.26874
47.37,3.625,62.30499
47.38,3.63,62.34129
47.39,3.635,62.37764
47.4,3.638,62.41402
47.41,3.643,62.45045
47.41,3.649,62.45045
47.42,3.655,62.487
47.43,3.66,62.5236
47.44,3.665,62.56025
47.45,3.673,62.59698
47.45,3.681,62.59698
47.46,3.687,62.63385
47.47,3.694,62.67079
47.48,3.703,62.70782
47.49,3.712,62.74494
47.49,3.719,62.74494
47.5,3.725,62.78219
47.51,3.732,62.81951
47.52,3.736,62.85687
47.53,3.738,62.89425
47.54,3.743,62.93168
47.54,3.748,62.93168
47.55,3.754,62.96922
47.56,3.76,63.00682
47.57,3.767,63.04449
47.58,3.77,63.08219
47.58,3.775,63.08219
47.59,3.781,63.12
47.6,3.79,63.1579
47.61,3.798,63.19588
47.62,3.807,63.23395
47.62,3.813,63.23395
47.63,3.818,63.27213
47.64,3.827,63.3104
47.65,3.835,63.34875
47.66,3.841,63.38716
47.66,3.849,63.38716
47.67,3.852,63.42568
47.68,3.854,63.46422
47.69,3.859,63.50281
47.7,3.864,63.54145
47.71,3.87,63.58015
47.71,3.881,63.58015
47.72,3.887,63.61902
47.73,3.897,63.65799
47.74,3.906,63.69705
47.75,3.916,63.73621
47.75,3.926,63.73621
47.76,3.931,63.77552
47.77,3.933,63.81485
47.78,3.937,63.85422
47.79,3.947,63.89369
47.79,3.954,63.89369
47.8,3.961,63.9333
47.81,3.964,63.97294
47.82,3.972,64.01266
47.83,3.979,64.05245
47.83,3.991,64.05245
47.84,3.996,64.09241
47.85,4.005,64.13246
47.86,4.011,64.17257
47.87,4.018,64.21275
47.87,4.027,64.21275
47.88,4.037,64.25312
47.89,4.043,64.29355
47.9,4.046,64.33401
47.91,4.049,64.3745
47.91,4.053,64.3745
47.92,4.063,64.41513
47.93,4.067,64.4558
47.94,4.075,64.49655
47.95,4.088,64.53743
47.96,4.093,64.57836
47.96,4.103,64.57836
47.97,4.115,64.61951
47.98,4.122,64.66073
47.99,4.132,64.70205
48,4.139,64.74344
48,4.148,64.74344
48.01,4.158,64.78502
48.02,4.163,64.82665
48.03,4.171,64.86836
48.04,4.181,64.91017
48.04,4.186,64.91017
48.05,4.192,64.95209
48.06,4.197,64.99406
48.07,4.201,65.03607
48.08,4.203,65.0781
48.08,4.209,65.0781
48.09,4.214,65.12024
48.1,4.223,65.16247
48.11,4.233,65.2048
48.12,4.245,65.24725
48.13,4.258,65.28983
48.13,4.269,65.28983
48.14,4.277,65.3326
48.15,4.289,65.37549
48.16,4.296,65.41845
48.16,4.303,65.41845
48.17,4.308,65.46153
48.18,4.312,65.50465
48.19,4.321,65.54786
48.2,4.33,65.59116
48.21,4.341,65.63457
48.21,4.348,65.63457
48.22,4.356,65.67813
48.23,4.366,65.72179
48.24,4.377,65.76556
48.24,4.384,65.76556
48.25,4.391,65.80947
48.26,4.399,65.85346
48.27,4.409,65.89755
48.28,4.418,65.94173
48.28,4.427,65.94173
48.29,4.436,65.98609
48.3,4.442,66.03051
48.31,4.448,66.07499
48.32,4.453,66.11952
48.32,4.463,66.11952
48.33,4.473,66.16425
48.34,4.477,66.20902
48.35,4.485,66.25387
48.36,4.497,66.29884
48.37,4.51,66.34394
48.37,4.525,66.34394
48.38,4.539,66.38933
48.39,4.55,66.43483
48.4,4.559,66.48042
48.41,4.565,66.52607
48.41,4.573,66.52607
48.42,4.578,66.57185
48.43,4.585,66.6177
48.44,4.59,66.6636
48.44,4.596,66.6636
48.45,4.609,66.70969
48.46,4.616,66.75585
48.47,4.624,66.80209
48.48,4.634,66.84843
48.48,4.647,66.84843
48.49,4.659,66.89502
48.5,4.67,66.94172
48.51,4.682,66.98854
48.52,4.697,67.03551
48.53,4.708,67.08259
48.53,4.716,67.08259
48.54,4.727,67.12986
48.55,4.733,67.17719
48.56,4.742,67.22461
48.57,4.75,67.27211
48.57,4.763,67.27211
48.58,4.772,67.31983
48.59,4.781,67.36764
48.6,4.788,67.41552
48.61,4.8,67.46352
48.61,4.809,67.46352
48.62,4.821,67.51173
48.63,4.828,67.56001
48.64,4.837,67.60838
48.65,4.852,67.6569
48.65,4.862,67.6569
48.66,4.875,67.70565
48.67,4.884,67.75449
48.68,4.891,67.8034
48.68,4.898,67.8034
48.69,4.905,67.85245
48.7,4.916,67.90161
48.71,4.927,67.95088
48.72,4.935,68.00023
48.72,4.946,68.00023
48.73,4.958,68.04981
48.74,4.973,68.09954
48.75,4.985,68.14939
48.76,4.996,68.19935
48.76,5.009,68.19935
48.77,5.018,68.24953
48.78,5.03,68.29983
48.79,5.045,68.35028
48.8,5.058,68.40086
48.8,5.069,68.40086
48.81,5.078,68.45164
48.82,5.089,68.50253
48.83,5.1,68.55353
48.84,5.111,68.60464
48.84,5.123,68.60464
48.85,5.139,68.65603
48.86,5.152,68.70755
48.87,5.164,68.75919
48.87,5.174,68.75919
48.88,5.188,68.81107
48.89,5.198,68.86305
48.9,5.205,68.9151
48.91,5.213,68.96723
48.91,5.218,68.96723
48.92,5.227,69.0195
48.93,5.238,69.07188
48.94,5.254,69.12442
48.95,5.27,69.17712
48.95,5.28,69.17712
48.96,5.289,69.23001
48.97,5.301,69.28302
48.98,5.314,69.33616
48.98,5.329,69.33616
48.99,5.34,69.38956
49,5.352,69.44308
49.01,5.366,69.49674
49.02,5.382,69.55056
49.03,5.395,69.60451
49.03,5.411,69.60451
49.04,5.423,69.65874
49.05,5.437,69.71311
49.06,5.452,69.76763
49.06,5.463,69.76763
49.07,5.474,69.82237
49.08,5.486,69.87723
49.09,5.497,69.9322
49.1,5.509,69.98729
49.1,5.525,69.98729
49.11,5.539,70.04268
49.12,5.549,70.09817
49.13,5.559,70.15376
49.13,5.572,70.15376
49.14,5.58,70.20956
49.15,5.598,70.26554
49.16,5.61,70.32164
49.17,5.621,70.37785
49.17,5.637,70.37785
49.18,5.656,70.43441
49.19,5.673,70.49114
49.2,5.688,70.54802
49.21,5.702,70.60504
49.21,5.715,70.60504
49.22,5.728,70.66232
49.23,5.739,70.71971
49.24,5.751,70.77722
49.25,5.766,70.83488
49.25,5.779,70.83488
49.26,5.794,70.89282
49.27,5.808,70.9509
49.28,5.826,71.00916
49.28,5.84,71.00916
49.29,5.854,71.0677
49.3,5.868,71.12638
49.31,5.877,71.18515
49.32,5.888,71.24403
49.32,5.9,71.24403
49.33,5.915,71.30318
49.34,5.933,71.36251
49.35,5.952,71.42203
49.36,5.969,71.48172
49.36,5.988,71.48172
49.37,6.005,71.54177
49.38,6.022,71.60199
49.39,6.033,71.66232
49.39,6.041,71.66232
49.4,6.051,71.72283
49.41,6.061,71.78344
49.42,6.073,71.84417
49.43,6.09,71.90507
49.43,6.11,71.90507
49.44,6.13,71.96637
49.45,6.146,72.02783
49.46,6.165,72.08948
49.46,6.183,72.08948
49.47,6.199,72.15147
49.48,6.218,72.21365
49.49,6.238,72.27603
49.5,6.253,72.33856
49.5,6.271,72.33856
49.51,6.286,72.40142
49.52,6.302,72.46444
49.53,6.316,72.5276
49.53,6.327,72.5276
49.54,6.343,72.59103
49.55,6.356,72.65459
49.56,6.371,72.7183
49.57,6.386,72.78216
49.57,6.404,72.78216
49.58,6.42,72.84636
49.59,6.44,72.91076
49.6,6.458,72.97534
49.6,6.476,72.97534
49.61,6.491,73.04025
49.62,6.507,73.10532
49.63,6.532,73.17064
49.64,6.547,73.23611
49.64,6.565,73.23611
49.65,6.583,73.30194
49.66,6.597,73.36791
49.67,6.611,73.43402
49.67,6.631,73.43402
49.68,6.646,73.50048
49.69,6.665,73.56713
49.7,6.686,73.63399
49.7,6.708,73.63399
49.71,6.732,73.70131
49.72,6.749,73.7688
49.73,6.767,73.83647
49.74,6.788,73.90435
49.74,6.804,73.90435
49.75,6.818,73.97253
49.76,6.837,74.0409
49.77,6.849,74.10939
49.77,6.863,74.10939
49.78,6.879,74.17818
49.79,6.897,74.24715
49.8,6.915,74.3163
49.81,6.933,74.38563
49.81,6.953,74.38563
49.82,6.973,74.45536
49.83,6.995,74.52531
49.84,7.011,74.59542
49.84,7.032,74.59542
49.85,7.048,74.6659
49.86,7.069,74.73659
49.87,7.091,74.8075
49.88,7.115,74.87865
49.88,7.134,74.87865
49.89,7.155,74.9502
49.9,7.177,75.02197
49.91,7.2,75.09397
49.91,7.222,75.09397
49.92,7.241,75.16638
49.93,7.26,75.23898
49.94,7.278,75.31176
49.94,7.299,75.31176
49.95,7.32,75.38496
49.96,7.34,75.45836
49.97,7.362,75.53198
49.97,7.376,75.53198
49.98,7.396,75.60594
49.99,7.417,75.68011
50,7.439,75.7545
50,7.457,75.7545
50.01,7.481,75.82931
50.02,7.5,75.90431
50.03,7.524,75.97955
50.03,7.548,75.97955
50.04,7.572,76.05527
50.05,7.601,76.13128
50.06,7.619,76.20747
50.07,7.636,76.28383
50.07,7.656,76.28383
50.08,7.682,76.36065
50.09,7.705,76.4377
50.1,7.724,76.51494
50.1,7.747,76.51494
50.11,7.77,76.59264
50.12,7.791,76.67055
50.13,7.819,76.74874
50.13,7.846,76.74874
50.14,7.871,76.82745
50.15,7.891,76.90636
50.16,7.915,76.98551
50.16,7.94,76.98551
50.17,7.963,77.06514
50.18,7.981,77.14495
50.19,8.001,77.22496
50.19,8.021,77.22496
50.2,8.039,77.30535
50.21,8.061,77.38596
50.22,8.083,77.46679
50.22,8.112,77.46679
50.23,8.138,77.54817
50.24,8.164,77.62981
50.25,8.196,77.71177
50.25,8.222,77.71177
50.26,8.25,77.79427
50.27,8.278,77.87705
50.28,8.303,77.96008
50.28,8.326,77.96008
50.29,8.348,78.04356
50.3,8.368,78.12724
50.31,8.391,78.21115
50.31,8.415,78.21115
50.32,8.438,78.29553
50.33,8.466,78.38019
50.34,8.489,78.46508
50.34,8.519,78.46508
50.35,8.547,78.55055
50.36,8.582,78.63637
50.37,8.612,78.72249
50.37,8.64,78.72249
50.38,8.665,78.80914
50.39,8.695,78.89609
50.4,8.718,78.98327
50.4,8.745,78.98327
50.41,8.774,79.07101
50.42,8.797,79.15898
50.43,8.823,79.24721
50.44,8.846,79.33567
50.44,8.872,79.33567
50.45,8.895,79.42462
50.46,8.923,79.51385
50.46,8.95,79.51385
50.47,8.976,79.60361
50.48,9.005,79.69366
50.49,9.035,79.78401
50.49,9.069,79.78401
50.5,9.1,79.87501
50.51,9.13,79.96631
50.52,9.157,80.05788
50.52,9.189,80.05788
50.53,9.218,80.15006
50.54,9.251,80.24257
50.55,9.279,80.33536
50.55,9.303,80.33536
50.56,9.333,80.42869
50.57,9.358,80.52227
50.58,9.388,80.61615
50.58,9.416,80.61615
50.59,9.446,80.71061
50.6,9.473,80.80534
50.61,9.502,80.90036
50.61,9.529,80.90036
50.62,9.56,80.99596
50.63,9.59,81.09186
50.63,9.622,81.09186
50.64,9.654,81.1884
50.65,9.684,81.28524
50.66,9.719,81.38243
50.66,9.748,81.38243
50.67,9.78,81.48023
50.68,9.815,81.57838
50.69,9.844,81.67682
50.69,9.874,81.67682
50.7,9.9,81.77582
50.71,9.932,81.87514
50.72,9.962,81.97476
50.72,9.996,81.97476
50.73,10.029,82.07505
50.74,10.067,82.17572
50.75,10.096,82.27668
50.75,10.134,82.27668
50.76,10.172,82.3784
50.77,10.21,82.4805
50.77,10.25,82.4805
50.78,10.286,82.58336
50.79,10.323,82.68659
50.8,10.354,82.79013
50.8,10.388,82.79013
50.81,10.417,82.8943
50.82,10.45,82.9988
50.83,10.476,83.10356
50.83,10.507,83.10356
50.84,10.541,83.20897
50.85,10.579,83.31476
50.85,10.615,83.31476
50.86,10.647,83.42123
50.87,10.683,83.52806
50.88,10.722,83.63528
50.88,10.754,83.63528
50.89,10.785,83.74313
50.9,10.817,83.8513
50.91,10.848,83.95978
50.91,10.885,83.95978
50.92,10.921,84.06899
50.93,10.965,84.17864
50.93,11.012,84.17864
50.94,11.049,84.28913
50.95,11.086,84.39999
50.96,11.124,84.51123
50.96,11.16,84.51123
50.97,11.2,84.62323
50.98,11.237,84.7356
50.98,11.273,84.7356
50.99,11.309,84.84869
51,11.342,84.96211
51.01,11.377,85.07588
51.01,11.418,85.07588
51.02,11.455,85.19043
51.03,11.489,85.30532
51.04,11.525,85.42057
51.04,11.564,85.42057
51.05,11.609,85.53666
51.06,11.651,85.65317
51.06,11.695,85.65317
51.07,11.733,85.7705
51.08,11.774,85.88824
51.09,11.812,86.00636
51.09,11.849,86.00636
51.1,11.889,86.12525
51.11,11.928,86.24453
51.11,11.969,86.24453
51.12,12.013,86.36466
51.13,12.055,86.48521
51.14,12.097,86.60618
51.14,12.141,86.60618
51.15,12.183,86.72801
51.16,12.224,86.85025
51.16,12.265,86.85025
51.17,12.309,86.97334
51.18,12.355,87.09689
51.18,12.396,87.09689
51.19,12.439,87.22128
51.2,12.477,87.34605
51.21,12.512,87.47117
51.21,12.553,87.47117
51.22,12.593,87.5971
51.23,12.637,87.72347
51.24,12.679,87.85026
51.24,12.719,87.85026
51.25,12.769,87.97795
51.26,12.815,88.1061
51.26,12.859,88.1061
51.27,12.903,88.23513
51.28,12.944,88.36457
51.28,12.989,88.36457
51.29,13.033,88.4949
51.3,13.073,88.62563
51.31,13.117,88.7568
51.31,13.159,88.7568
51.32,13.205,88.88885
51.33,13.257,89.02142
51.33,13.307,89.02142
51.34,13.351,89.15493
51.35,13.395,89.28888
51.35,13.437,89.28888
51.36,13.487,89.42375
51.37,13.533,89.55908
51.38,13.575,89.69483
51.38,13.62,89.69483
51.39,13.666,89.83149
51.4,13.717,89.96866
51.4,13.769,89.96866
51.41,13.825,90.10691
51.42,13.873,90.24564
51.42,13.927,90.24564
51.43,13.979,90.38543
51.44,14.032,90.52575
51.44,14.082,90.52575
51.45,14.131,90.66706
51.46,14.183,90.80889
51.47,14.232,90.95121
51.47,14.288,90.95121
51.48,14.345,91.09466
51.49,14.396,91.23862
51.49,14.445,91.23862
51.5,14.501,91.38363
51.51,14.554,91.52917
51.51,14.598,91.52917
51.52,14.645,91.67562
51.53,14.693,91.82255
51.53,14.746,91.82255
51.54,14.796,91.97051
51.55,14.852,92.11903
51.56,14.904,92.26807
51.56,14.956,92.26807
51.57,15.009,92.41816
51.58,15.064,92.5688
51.58,15.111,92.5688
51.59,15.153,92.72033
51.6,15.192,92.87225
51.6,15.239,92.87225
51.61,15.291,93.02516
51.62,15.343,93.17859
51.62,15.393,93.17859
51.63,15.449,93.33308
51.64,15.503,93.48811
51.64,15.567,93.48811
51.65,15.624,93.64435
51.66,15.679,93.80114
51.66,15.731,93.80114
51.67,15.784,93.95898
51.68,15.839,94.11737
51.68,15.892,94.11737
51.69,15.947,94.27684
51.7,16.012,94.43696
51.7,16.071,94.43696
51.71,16.135,94.59831
51.72,16.194,94.76025
51.73,16.257,94.92282
51.73,16.32,94.92282
51.74,16.38,95.08662
51.75,16.441,95.25103
51.75,16.499,95.25103
51.76,16.551,95.41654
51.77,16.609,95.58263
51.77,16.673,95.58263
51.78,16.733,95.74996
51.79,16.795,95.91791
51.79,16.855,95.91791
51.8,16.915,96.08706
51.81,16.975,96.25681
51.81,17.038,96.25681
51.82,17.094,96.42775
51.83,17.155,96.5993
51.83,17.208,96.5993
51.84,17.268,96.77198
51.85,17.326,96.94524
51.85,17.383,96.94524
51.86,17.448,97.11972
51.87,17.512,97.29484
51.87,17.58,97.29484
51.88,17.648,97.47132
51.89,17.718,97.6485
51.89,17.776,97.6485
51.9,17.837,97.82687
51.91,17.903,98.0059
51.91,17.965,98.0059
51.92,18.033,98.18623
51.93,18.094,98.36717
51.93,18.157,98.36717
51.94,18.225,98.54942
51.95,18.293,98.73235
51.95,18.369,98.73235
51.96,18.441,98.91676
51.97,18.506,99.10182
51.97,18.574,99.10182
51.98,18.637,99.28819
51.98,18.701,99.28819
51.99,18.766,99.47585
52,18.831,99.66416
52,18.888,99.66416
52.01,18.951,99.85367
52.02,19.02,100.04387
52.02,19.088,100.04387
52.03,19.162,100.23549
52.04,19.233,100.42782
52.04,19.308,100.42782
52.05,19.376,100.62158
52.06,19.453,100.81611
52.06,19.523,100.81611
52.07,19.593,101.01204
52.08,19.659,101.20863
52.08,19.724,101.20863
52.09,19.793,101.40656
52.1,19.86,101.60516
52.1,19.931,101.60516
52.11,20.002,101.80518
52.12,20.076,102.00594
52.12,20.147,102.00594
52.13,20.221,102.20815
52.14,20.295,102.4111
52.14,20.365,102.4111
52.15,20.442,102.61552
52.15,20.514,102.61552
52.16,20.586,102.82138
52.17,20.659,103.02797
52.17,20.729,103.02797
52.18,20.806,103.23603
52.19,20.881,103.44484
52.19,20.955,103.44484
52.2,21.032,103.65516
52.21,21.111,103.86627
52.21,21.18,103.86627
52.22,21.26,104.07887
52.23,21.334,104.29221
52.23,21.41,104.29221
52.24,21.485,104.50706
52.25,21.56,104.72266
52.25,21.635,104.72266
52.26,21.709,104.93975
52.26,21.779,104.93975
52.27,21.858,105.15833
52.28,21.935,105.37768
52.28,22.007,105.37768
52.29,22.08,105.59848
52.29,22.151,105.59848
52.3,22.228,105.82076
52.31,22.308,106.04384
52.31,22.387,106.04384
52.32,22.469,106.26853
52.33,22.555,106.49408
52.33,22.635,106.49408
52.34,22.724,106.72132
52.34,22.814,106.72132
52.35,22.895,106.95027
52.36,22.981,107.18008
52.36,23.061,107.18008
52.37,23.145,107.41153
52.38,23.227,107.6438
52.38,23.312,107.6438
52.39,23.393,107.87773
52.4,23.473,108.11246
52.4,23.55,108.11246
52.41,23.636,108.34882
52.41,23.718,108.34882
52.42,23.798,108.5868
52.43,23.881,108.82561
52.43,23.96,108.82561
52.44,24.039,109.066
52.45,24.122,109.30722
52.45,24.204,109.30722
52.46,24.29,109.55012
52.46,24.373,109.55012
52.47,24.452,109.79464
52.48,24.535,110.03999
52.48,24.62,110.03999
52.49,24.71,110.28709
52.5,24.801,110.5351
52.5,24.893,110.5351
52.51,24.984,110.78494
52.51,25.077,110.78494
52.52,25.164,111.03658
52.53,25.253,111.28911
52.53,25.34,111.28911
52.54,25.426,111.54337
52.54,25.507,111.54337
52.55,25.598,111.79935
52.56,25.685,112.0562
52.56,25.778,112.0562
52.57,25.869,112.31489
52.58,25.962,112.57451
52.58,26.055,112.57451
52.59,26.141,112.83592
52.59,26.234,112.83592
52.6,26.324,113.09916
52.61,26.41,113.36326
52.61,26.497,113.36326
52.62,26.587,113.62913
52.62,26.676,113.62913
52.63,26.769,113.89682
52.64,26.856,114.16538
52.64,26.946,114.16538
52.65,27.036,114.43574
52.66,27.124,114.70698
52.66,27.214,114.70698
52.67,27.309,114.98007
52.67,27.403,114.98007
52.68,27.491,115.25498
52.69,27.587,115.53085
52.69,27.681,115.53085
52.7,27.778,115.80863
52.7,27.867,115.80863
52.71,27.959,116.08822
52.72,28.055,116.36877
52.72,28.147,116.36877
52.73,28.24,116.65117
52.73,28.345,116.65117
52.74,28.441,116.93558
52.74,28.537,116.93558
52.75,28.643,117.22201
52.76,28.74,117.50941
52.76,28.84,117.50941
52.77,28.938,117.79879
52.78,29.033,118.08912
52.78,29.123,118.08912
52.79,29.22,118.38132
52.79,29.316,118.38132
52.8,29.414,118.67546
52.8,29.508,118.67546
52.81,29.599,118.97145
52.82,29.704,119.26849
52.82,29.805,119.26849
52.83,29.906,119.56755
52.83,30.012,119.56755
52.84,30.115,119.8687
52.85,30.21,120.1708
52.85,30.307,120.1708
52.86,30.416,120.47496
52.86,30.518,120.47496
52.87,30.617,120.78113
52.88,30.714,121.08827
52.88,30.821,121.08827
52.89,30.926,121.39753
52.89,31.032,121.39753
52.9,31.135,121.70888
52.91,31.24,122.02128
52.91,31.345,122.02128
52.92,31.441,122.33569
52.92,31.542,122.33569
52.93,31.641,122.6521
52.93,31.729,122.6521
52.94,31.826,122.97036
52.95,31.93,123.28966
52.95,32.031,123.28966
52.96,32.134,123.611
52.96,32.236,123.611
52.97,32.339,123.93439
52.98,32.445,124.25884
52.98,32.548,124.25884
52.99,32.66,124.58544
52.99,32.774,124.58544
53,32.875,124.91419
53,32.978,124.91419
53.01,33.084,125.24503
53.02,33.193,125.57696
53.02,33.3,125.57696
53.03,33.402,125.91098
53.03,33.508,125.91098
53.04,33.614,126.24712
53.05,33.726,126.58438
53.05,33.84,126.58438
53.06,33.952,126.9239
53.06,34.052,126.9239
53.07,34.153,127.26543
53.07,34.257,127.26543
53.08,34.363,127.60906
53.09,34.47,127.95376
53.09,34.57,127.95376
53.1,34.672,128.30048
53.1,34.775,128.30048
53.11,34.878,128.64926
53.11,34.983,128.64926
53.12,35.092,129.00018
53.13,35.194,129.35212
53.13,35.297,129.35212
53.14,35.411,129.70623
53.14,35.524,129.70623
53.15,35.641,130.06264
53.16,35.753,130.42017
53.16,35.867,130.42017
53.17,35.987,130.78004
53.17,36.089,130.78004
53.18,36.193,131.14197
53.18,36.297,131.14197
53.19,36.402,131.50599
53.19,36.512,131.50599
53.2,36.627,131.87226
53.2,36.745,131.87226
53.21,36.854,132.2408
53.22,36.96,132.6104
53.22,37.07,132.6104
53.23,37.187,132.98227
53.23,37.298,132.98227
53.24,37.405,133.35632
53.24,37.51,133.35632
53.25,37.616,133.73248
53.26,37.725,134.10973
53.26,37.828,134.10973
53.27,37.937,134.4891
53.27,38.046,134.4891
53.28,38.152,134.87062
53.28,38.269,134.87062
53.29,38.386,135.25448
53.3,38.504,135.63952
53.3,38.625,135.63952
53.31,38.744,136.02696
53.31,38.859,136.02696
53.32,38.98,136.41676
53.32,39.089,136.41676
53.33,39.197,136.80873
53.34,39.305,137.20178
53.34,39.403,137.20178
53.35,39.51,137.59688
53.35,39.618,137.59688
53.36,39.73,137.99418
53.36,39.845,137.99418
53.37,39.959,138.39377
53.37,40.073,138.39377
53.38,40.194,138.79571
53.39,40.314,139.19885
53.39,40.431,139.19885
53.4,40.549,139.60434
53.4,40.657,139.60434
53.41,40.766,140.012
53.41,40.871,140.012
53.42,40.973,140.42173
53.42,41.081,140.42173
53.43,41.187,140.8336
53.44,41.295,141.24655
53.44,41.41,141.24655
53.45,41.522,141.66177
53.45,41.645,141.66177
53.46,41.766,142.07943
53.46,41.883,142.07943
53.47,42.004,142.49947
53.48,42.125,142.92072
53.48,42.238,142.92072
53.49,42.347,143.34419
53.49,42.461,143.34419
53.5,42.571,143.7699
53.5,42.683,143.7699
53.51,42.779,144.19769
53.51,42.887,144.19769
53.52,42.988,144.62757
53.52,43.082,144.62757
53.53,43.191,145.05948
53.54,43.291,145.49239
53.54,43.389,145.49239
53.55,43.487,145.92726
53.55,43.599,145.92726
53.56,43.711,146.36437
53.56,43.832,146.36437
53.57,43.948,146.80385
53.57,44.061,146.80385
53.58,44.172,147.24557
53.58,44.278,147.24557
53.59,44.388,147.68945
53.6,44.492,148.13437
53.6,44.601,148.13437
53.61,44.703,148.5814
53.61,44.814,148.5814
53.62,44.924,149.03064
53.62,45.031,149.03064
53.63,45.129,149.48193
53.63,45.221,149.48193
53.64,45.319,149.93512
53.64,45.422,149.93512
53.65,45.521,150.39033
53.66,45.616,150.84649
53.66,45.729,150.84649
53.67,45.834,151.30483
53.67,45.944,151.30483
53.68,46.064,151.76547
53.68,46.178,151.76547
53.69,46.287,152.22834
53.69,46.387,152.22834
53.7,46.491,152.69325
53.7,46.596,152.69325
53.71,46.696,153.16021
53.72,46.789,153.6281
53.72,46.88,153.6281
53.73,46.973,154.09783
53.73,47.067,154.09783
53.74,47.169,154.56952
53.74,47.264,154.56952
53.75,47.362,155.04314
53.76,47.459,155.51773
53.76,47.559,155.51773
53.77,47.658,155.99431
53.77,47.748,155.99431
53.78,47.834,156.47265
53.78,47.925,156.47265
53.79,48.017,156.95282
53.79,48.109,156.95282
53.8,48.208,157.4349
53.8,48.307,157.4349
53.81,48.405,157.91895
53.81,48.515,157.91895
53.82,48.62,158.40515
53.83,48.721,158.89236
53.83,48.808,158.89236
53.84,48.887,159.38123
53.84,48.971,159.38123
53.85,49.057,159.8718
53.85,49.138,159.8718
53.86,49.211,160.36391
53.86,49.276,160.36391
53.87,49.346,160.85737
53.87,49.429,160.85737
53.88,49.5,161.35237
53.89,49.581,161.84818
53.89,49.659,161.84818
53.9,49.732,162.3455
53.9,49.809,162.3455
53.91,49.89,162.8444
53.91,49.972,162.8444
53.92,50.055,163.34495
53.92,50.128,163.34495
53.93,50.211,163.84706
53.93,50.28,163.84706
53.94,50.356,164.35062
53.95,50.427,164.85489
53.95,50.492,164.85489
53.96,50.553,165.36042
53.96,50.617,165.36042
53.97,50.677,165.86719
53.97,50.737,165.86719
53.98,50.801,166.3752
53.98,50.861,166.3752
53.99,50.927,166.88447
54,50.989,167.39436
54,51.053,167.39436
54.01,51.12,167.90556
54.01,51.186,167.90556
54.02,51.243,168.41799
54.02,51.3,168.41799
54.03,51.36,168.93159
54.03,51.412,168.93159
54.04,51.463,169.44622
54.04,51.501,169.44622
54.05,51.547,169.96169
54.06,51.589,170.47758
54.06,51.631,170.47758
54.07,51.677,170.99435
54.07,51.73,170.99435
54.08,51.781,171.51216
54.08,51.822,171.51216
54.09,51.875,172.03091
54.09,51.923,172.03091
54.1,51.961,172.55052
54.11,51.983,173.07035
54.11,52.003,173.07035
54.12,52.021,173.59056
54.12,52.048,173.59056
54.13,52.072,174.11128
54.13,52.101,174.11128
54.14,52.136,174.63264
54.14,52.173,174.63264
54.15,52.216,175.1548
54.16,52.255,175.67735
54.16,52.288,175.67735
54.17,52.312,176.20047
54.17,52.331,176.20047
54.18,52.348,176.72395
54.18,52.368,176.72395
54.19,52.382,177.24777
54.2,52.4,177.77177
54.2,52.416,177.77177
54.21,52.45,178.29627
54.21,52.476,178.29627
54.22,52.49,178.82117
54.22,52.509,178.82117
54.23,52.523,179.3464
54.24,52.541,179.87181
54.24,52.55,179.87181
54.25,52.559,180.3974
54.25,52.566,180.3974
54.26,52.57,180.9231
54.26,52.566,180.9231
54.27,52.57,181.4488
54.28,52.574,181.97454
54.28,52.57,181.97454
54.29,52.572,182.50026
54.29,52.572,182.50026
54.3,52.577,183.02603
54.3,52.578,183.02603
54.31,52.581,183.55184
54.32,52.589,184.07773
54.32,52.598,184.07773
54.33,52.591,184.60364
54.33,52.581,184.60364
54.34,52.569,185.12933
54.35,52.549,185.65482
54.35,52.525,185.65482
54.36,52.497,186.17979
54.36,52.47,186.17979
54.37,52.442,186.70421
54.37,52.418,186.70421
54.38,52.398,187.22819
54.39,52.384,187.75203
54.39,52.374,187.75203
54.4,52.357,188.2756
54.4,52.343,188.2756
54.41,52.327,188.79887
54.42,52.303,189.3219
54.42,52.275,189.3219
54.43,52.25,189.8444
54.43,52.221,189.8444
54.44,52.192,190.36632
54.45,52.16,190.88792
54.45,52.13,190.88792
54.46,52.098,191.4089
54.46,52.067,191.4089
54.47,52.03,191.9292
54.48,51.987,192.44907
54.48,51.943,192.44907
54.49,51.893,192.968
54.5,51.84,193.4864
54.5,51.789,193.4864
54.51,51.744,194.00384
54.51,51.697,194.00384
54.52,51.654,194.52038
54.53,51.609,195.03647
54.53,51.557,195.03647
54.54,51.496,195.55143
54.54,51.429,195.55143
54.55,51.367,196.0651
54.56,51.299,196.57809
54.56,51.226,196.57809
54.57,51.151,197.0896
54.58,51.081,197.60041
54.58,51.003,197.60041
54.59,50.918,198.10959
54.59,50.836,198.10959
54.6,50.743,198.61702
54.61,50.649,199.12351
54.61,50.549,199.12351
54.62,50.449,199.628
54.63,50.347,200.13147
54.63,50.246,200.13147
54.64,50.154,200.63301
54.64,50.057,200.63301
54.65,49.964,201.13265
54.66,49.862,201.63127
54.66,49.76,201.63127
54.67,49.651,202.12778
54.68,49.544,202.62322
54.68,49.43,202.62322
54.69,49.306,203.11628
54.7,49.167,203.60795
54.7,49.025,203.60795
54.71,48.883,204.09678
54.72,48.738,204.58416
54.72,48.587,204.58416
54.73,48.432,205.06848
54.74,48.281,205.55129
54.74,48.125,205.55129
54.75,47.973,206.03102
54.76,47.818,206.5092
54.76,47.66,206.5092
54.77,47.492,206.98412
54.78,47.318,207.4573
54.78,47.14,207.4573
54.79,46.962,207.92692
54.8,46.776,208.39468
54.8,46.588,208.39468
54.81,46.395,208.85863
54.82,46.199,209.32062
54.82,46.006,209.32062
54.83,45.81,209.77872
54.84,45.614,210.23486
54.84,45.415,210.23486
54.85,45.213,210.68699
54.86,45.011,211.1371
54.86,44.805,211.1371
54.87,44.592,211.58302
54.88,44.376,212.02678
54.89,44.149,212.46827
54.89,43.914,212.46827
54.9,43.673,212.905
54.91,43.431,213.33931
54.91,43.184,213.33931
54.92,42.928,213.76859
54.93,42.662,214.19521
54.93,42.388,214.19521
54.94,42.109,214.6163
54.95,41.822,215.03452
54.96,41.523,215.44975
54.97,41.219,215.86194
54.97,40.909,215.86194
54.98,40.592,216.26786
54.99,40.268,216.67054
55,39.942,217.06996
55,39.612,217.06996
55.01,39.272,217.46268
55.02,38.926,217.85194
55.03,38.572,218.23766
55.03,38.213,218.23766
55.04,37.853,218.61619
55.05,37.488,218.99107
55.06,37.116,219.36223
55.07,36.739,219.72962
55.08,36.356,220.09318
55.08,35.97,220.09318
55.09,35.585,220.44903
55.1,35.197,220.801
55.11,34.809,221.14909
55.12,34.423,221.49332
55.12,34.035,221.49332
55.13,33.653,221.82985
55.14,33.277,222.16262
55.15,32.907,222.49169
55.16,32.542,222.81711
55.17,32.178,223.13889
55.18,31.818,223.45707
55.19,31.461,223.77168
55.19,31.109,223.77168
55.2,30.764,224.07932
55.21,30.42,224.38352
55.22,30.083,224.68435
55.23,29.752,224.98187
55.24,29.429,225.27616
55.25,29.119,225.56735
55.26,28.819,225.85554
55.27,28.525,226.14079
55.28,28.236,226.42315
55.29,27.953,226.70268
55.3,27.679,226.97947
55.31,27.411,227.25358
55.32,27.144,227.52502
55.33,26.876,227.79378
55.34,26.614,228.05992
55.35,26.351,228.32343
55.36,26.088,228.58431
55.37,25.827,228.84258
55.38,25.565,229.09823
55.39,25.301,229.35124
55.4,25.032,229.60156
55.41,24.762,229.84918
55.42,24.49,230.09408
55.44,24.212,230.57832
55.45,23.927,230.81759
55.46,23.637,231.05396
55.47,23.345,231.28741
55.48,23.049,231.5179
55.49,22.749,231.74539
55.51,22.446,232.19431
55.52,22.136,232.41567
55.53,21.827,232.63394
55.55,21.515,233.06424
55.56,21.195,233.27619
55.57,20.873,233.48492
55.59,20.547,233.89586
55.6,20.214,234.098
55.62,19.882,234.49564
55.63,19.547,234.69111
55.64,19.207,234.88318
55.66,18.867,235.26052
55.68,18.525,235.63102
55.69,18.19,235.81292
55.71,17.856,236.17004
55.73,17.525,236.52054
55.74,17.205,236.69259
55.76,16.892,237.03043
55.78,16.587,237.36217
55.79,16.295,237.52512
55.81,16.015,237.84542
55.83,15.745,238.16032
55.85,15.487,238.47006
55.87,15.24,238.77486
55.88,15.009,238.92495
55.9,14.787,239.22069
55.92,14.574,239.51217
55.94,14.37,239.79957
55.96,14.175,240.08307
55.97,13.989,240.22296
55.99,13.81,240.49916
56.01,13.638,240.77192
56.03,13.472,241.04136
56.05,13.312,241.3076
56.06,13.155,241.43915
56.08,13.004,241.69923
56.1,12.858,241.95639
56.12,12.714,242.21067
56.14,12.574,242.46215
56.15,12.436,242.58651
56.17,12.304,242.83259
56.19,12.173,243.07605
56.21,12.044,243.31693
56.22,11.916,243.43609
56.24,11.792,243.67193
56.26,11.669,243.90531
56.28,11.546,244.13623
56.29,11.424,244.25047
56.31,11.302,244.47651
56.33,11.184,244.70019
56.34,11.065,244.81084
56.36,10.949,245.02982
56.38,10.834,245.2465
56.4,10.718,245.46086
56.41,10.605,245.56691
56.43,10.494,245.77679
56.45,10.383,245.98445
56.46,10.273,246.08718
56.48,10.163,246.29044
56.5,10.056,246.49156
56.52,9.95,246.69056
56.53,9.846,246.78902
56.55,9.744,246.9839
56.57,9.644,247.17678
56.58,9.545,247.27223
56.6,9.446,247.46115
56.62,9.349,247.64813
56.64,9.25,247.83313
56.65,9.144,247.92457
56.67,9.037,248.10531
56.69,8.927,248.28385
56.7,8.808,248.37193
56.72,8.685,248.54563
56.74,8.555,248.71673
56.76,8.421,248.88515
56.77,8.286,248.96801
56.79,8.149,249.13099
56.81,8.013,249.29125
56.83,7.878,249.44881
56.85,7.746,249.60373
56.86,7.622,249.67995
56.88,7.502,249.82999
56.9,7.386,249.97771
56.92,7.276,250.12323
56.94,7.17,250.26663
56.96,7.069,250.40801
56.98,6.975,250.54751
56.99,6.884,250.61635
57.01,6.798,250.75231
57.03,6.713,250.88657
57.05,6.633,251.01923
57.07,6.554,251.15031
57.09,6.48,251.27991
57.1,6.408,251.34399
57.12,6.337,251.47073
57.14,6.267,251.59607
57.16,6.203,251.72013
57.18,6.141,251.84295
57.19,6.083,251.90378
57.21,6.025,252.02428
57.23,5.968,252.14364
57.25,5.915,252.26194
57.26,5.861,252.32055
57.28,5.808,252.43671
57.3,5.757,252.55185
57.32,5.707,252.66599
57.33,5.658,252.72257
57.35,5.61,252.83477
57.37,5.562,252.94601
57.38,5.519,253.0012
57.4,5.474,253.11068
57.42,5.43,253.21928
57.43,5.387,253.27315
57.45,5.346,253.38007
57.47,5.305,253.48617
57.48,5.263,253.5388
57.5,5.224,253.64328
57.52,5.186,253.747
57.53,5.147,253.79847
57.55,5.107,253.90061
57.56,5.069,253.9513
57.58,5.033,254.05196
57.6,5,254.15196
57.61,4.965,254.20161
57.63,4.93,254.30021
57.64,4.894,254.34915
57.66,4.86,254.44635
57.67,4.827,254.49462
57.69,4.796,254.59054
57.7,4.763,254.63817
57.72,4.73,254.73277
57.73,4.698,254.77975
57.75,4.668,254.87311
57.76,4.641,254.91952
57.78,4.614,255.0118
57.79,4.588,255.05768
57.81,4.56,255.14888
57.82,4.535,255.19423
57.84,4.509,255.28441
57.85,4.483,255.32924
57.86,4.46,255.37384
57.88,4.435,255.46254
57.89,4.413,255.50667
57.91,4.391,255.59449
57.92,4.372,255.63821
57.93,4.352,255.68173
57.95,4.337,255.76847
57.96,4.321,255.81168
57.97,4.303,255.85471
57.99,4.281,255.94033
58,4.256,255.98289
58.01,4.23,256.02519
58.03,4.204,256.10927
58.04,4.179,256.15106
58.06,4.156,256.23418
58.07,4.133,256.27551
58.08,4.115,256.31666
58.1,4.102,256.3987
58.11,4.091,256.43961
58.12,4.079,256.4804
58.14,4.067,256.56174
58.15,4.055,256.60229
58.16,4.039,256.64268
58.17,4.02,256.68288
58.19,3.999,256.76286
58.2,3.98,256.80266
58.21,3.958,256.84224
58.22,3.937,256.88161
58.24,3.916,256.95993
58.25,3.9,256.99893
58.26,3.883,257.03776
58.27,3.868,257.07644
58.29,3.855,257.15354
58.3,3.843,257.19197
58.31,3.827,257.23024
58.32,3.811,257.26835
58.34,3.795,257.34425
58.35,3.777,257.38202
58.36,3.76,257.41962
58.37,3.744,257.45706
58.38,3.726,257.49432
58.4,3.709,257.5685
58.41,3.692,257.60542
58.42,3.678,257.6422
58.43,3.663,257.67883
58.44,3.648,257.71531
58.46,3.636,257.78803
58.47,3.62,257.82423
58.48,3.602,257.86025
58.49,3.586,257.89611
58.5,3.57,257.93181
58.51,3.554,257.96735
58.52,3.541,258.00276
58.54,3.526,258.07328
58.55,3.509,258.10837
58.56,3.495,258.14332
58.57,3.479,258.17811
58.58,3.466,258.21277
58.59,3.453,258.2473
58.6,3.437,258.28167
58.61,3.424,258.31591
58.63,3.406,258.38403
58.64,3.39,258.41793
58.65,3.379,258.45172
58.66,3.363,258.48535
58.67,3.347,258.51882
58.68,3.336,258.55218
58.69,3.321,258.58539
58.7,3.307,258.61846
58.71,3.296,258.65142
58.73,3.287,258.71716
58.74,3.273,258.74989
58.75,3.259,258.78248
58.76,3.246,258.81494
58.77,3.23,258.84724
58.78,3.215,258.87939
58.79,3.201,258.9114
58.8,3.187,258.94327
58.81,3.175,258.97502
58.82,3.16,259.00662
58.83,3.148,259.0381
58.84,3.139,259.06949
58.85,3.124,259.10073
58.86,3.115,259.13188
58.87,3.103,259.16291
58.89,3.09,259.22471
58.9,3.076,259.25547
58.91,3.065,259.28612
58.92,3.052,259.31664
58.93,3.04,259.34704
58.94,3.027,259.37731
58.95,3.014,259.40745
58.96,3.001,259.43746
58.97,2.992,259.46738
58.98,2.983,259.49721
58.99,2.97,259.52691
59,2.96,259.55651
59.01,2.949,259.586
59.02,2.939,259.61539
59.03,2.926,259.64465
59.04,2.912,259.67377
59.05,2.902,259.70279
59.06,2.891,259.7317
59.07,2.879,259.76049
59.08,2.872,259.78921
59.09,2.861,259.81782
59.1,2.848,259.8463
59.11,2.836,259.87466
59.12,2.823,259.90289
59.13,2.813,259.93102
59.14,2.8,259.95902
59.15,2.79,259.98692
59.16,2.78,260.01472
59.17,2.771,260.04243
59.18,2.763,260.07006
59.19,2.754,260.0976
59.2,2.746,260.12506
59.21,2.739,260.15245
59.22,2.728,260.17973
59.23,2.717,260.2069
59.24,2.703,260.23393
59.25,2.691,260.26084
59.26,2.681,260.28765
59.26,2.674,260.28765
59.28,2.667,260.34099
59.29,2.658,260.36757
59.29,2.647,260.36757
59.3,2.638,260.39395
59.31,2.633,260.42028
59.32,2.625,260.44653
59.33,2.616,260.47269
59.34,2.607,260.49876
59.35,2.595,260.52471
59.36,2.587,260.55058
59.37,2.582,260.5764
59.38,2.575,260.60215
59.39,2.568,260.62783
59.4,2.56,260.65343
59.41,2.549,260.67892
59.42,2.539,260.70431
59.43,2.532,260.72963
59.44,2.523,260.75486
59.45,2.511,260.77997
59.46,2.503,260.805
59.47,2.496,260.82996
59.47,2.491,260.82996
59.48,2.483,260.85479
59.49,2.478,260.87957
59.5,2.47,260.90427
59.51,2.461,260.92888
59.52,2.452,260.9534
59.53,2.447,260.97787
59.54,2.439,261.00226
59.55,2.427,261.02653
59.56,2.421,261.05074
59.57,2.419,261.07493
59.58,2.412,261.09905
59.59,2.404,261.12309
59.59,2.4,261.12309
59.6,2.397,261.14706
59.61,2.391,261.17097
59.62,2.387,261.19484
59.63,2.381,261.21865
59.64,2.374,261.24239
59.65,2.366,261.26605
59.66,2.358,261.28963
59.67,2.349,261.31312
59.68,2.342,261.33654
59.69,2.329,261.35983
59.69,2.322,261.35983
59.7,2.315,261.38298
59.71,2.308,261.40606
59.72,2.302,261.42908
59.73,2.297,261.45205
59.74,2.293,261.47498
59.75,2.292,261.4979
59.76,2.294,261.52084
59.77,2.289,261.54373
59.78,2.281,261.56654
59.79,2.276,261.5893
59.79,2.27,261.5893
59.8,2.262,261.61192
59.81,2.255,261.63447
59.82,2.244,261.65691
59.83,2.237,261.67928
59.84,2.231,261.70159
59.85,2.227,261.72386
59.86,2.229,261.74615
59.87,2.225,261.7684
59.87,2.221,261.7684
59.88,2.214,261.79054
59.89,2.209,261.81263
59.9,2.202,261.83465
59.91,2.197,261.85662
59.92,2.192,261.87854
59.93,2.186,261.9004
59.94,2.18,261.9222
59.95,2.177,261.94397
59.96,2.176,261.96573
59.96,2.173,261.96573
59.97,2.168,261.98741
59.98,2.162,262.00903
59.99,2.157,262.0306
60,2.153,262.05213
60.01,2.151,262.07364
60.02,2.145,262.09509
60.03,2.141,262.1165
60.04,2.14,262.1379
60.04,2.139,262.1379
60.05,2.135,262.15925
60.06,2.13,262.18055
60.07,2.124,262.20179
60.08,2.118,262.22297
60.09,2.113,262.2441
60.1,2.108,262.26518
60.11,2.102,262.2862
60.11,2.098,262.2862
60.12,2.093,262.30713
60.13,2.092,262.32805
60.14,2.094,262.34899
60.15,2.091,262.3699
60.16,2.086,262.39076
60.17,2.08,262.41156
60.18,2.078,262.43234
60.18,2.072,262.43234
60.19,2.065,262.45299
60.2,2.062,262.47361
60.21,2.062,262.49423
60.22,2.059,262.51482
60.23,2.059,262.53541
60.24,2.059,262.556
60.25,2.06,262.5766
60.25,2.06,262.5766
60.26,2.059,262.59719
60.27,2.055,262.61774
60.28,2.049,262.63823
60.29,2.041,262.65864
60.3,2.035,262.67899
60.31,2.029,262.69928
60.31,2.022,262.69928
60.32,2.018,262.71946
60.33,2.016,262.73962
60.34,2.015,262.75977
60.35,2.014,262.77991
60.36,2.013,262.80004
60.37,2.015,262.82019
60.38,2.014,262.84033
60.38,2.012,262.84033
60.39,2.013,262.86046
60.4,2.012,262.88058
60.41,2.01,262.90068
60.42,2.007,262.92075
60.43,2.004,262.94079
60.44,2.001,262.9608
60.45,1.998,262.98078
60.45,1.995,262.98078
60.46,1.993,263.00071
60.47,1.991,263.02062
60.48,1.989,263.04051
60.49,1.987,263.06038
60.5,1.985,263.08023
60.5,1.983,263.08023
60.51,1.981,263.10004
60.52,1.98,263.11984
60.53,1.977,263.13961
60.54,1.971,263.15932
60.55,1.967,263.17899
60.56,1.965,263.19864
60.57,1.964,263.21828
60.57,1.963,263.21828
60.58,1.961,263.23789
60.59,1.959,263.25748
60.6,1.958,263.27706
60.61,1.957,263.29663
60.62,1.956,263.31619
60.62,1.955,263.31619
60.63,1.954,263.33573
60.64,1.953,263.35526
60.65,1.951,263.37477
60.66,1.949,263.39426
60.67,1.946,263.41372
60.67,1.944,263.41372
60.68,1.941,263.43313
60.69,1.937,263.4525
60.7,1.935,263.47185
60.71,1.933,263.49118
60.72,1.933,263.51051
60.73,1.933,263.52984
60.74,1.933,263.54917
60.74,1.933,263.54917
60.75,1.933,263.5685
60.76,1.931,263.58781
60.77,1.928,263.60709
60.78,1.925,263.62634
60.79,1.922,263.64556
60.8,1.92,263.66476
60.8,1.917,263.66476
60.81,1.915,263.68391
60.82,1.914,263.70305
60.83,1.914,263.72219
60.84,1.914,263.74133
60.85,1.915,263.76048
60.85,1.914,263.76048
60.86,1.913,263.77961
60.87,1.912,263.79873
60.88,1.911,263.81784
60.89,1.91,263.83694
60.9,1.908,263.85602
60.91,1.906,263.87508
60.91,1.904,263.87508
60.92,1.902,263.8941
60.93,1.899,263.91309
60.94,1.898,263.93207
60.95,1.896,263.95103
60.96,1.895,263.96998
60.97,1.895,263.98893
60.97,1.895,263.98893
60.98,1.895,264.00788
60.99,1.895,264.02683
61,1.896,264.04579
61.01,1.896,264.06475
61.02,1.895,264.0837
61.02,1.893,264.0837
61.03,1.89,264.1026
61.04,1.888,264.12148
61.05,1.885,264.14033
61.06,1.883,264.15916
61.07,1.88,264.17796
61.08,1.878,264.19674
61.08,1.877,264.19674
61.09,1.876,264.2155
61.1,1.875,264.23425
61.11,1.875,264.253
61.12,1.875,264.27175
61.13,1.875,264.2905
61.13,1.875,264.2905
61.14,1.875,264.30925
61.15,1.875,264.328
61.16,1.875,264.34675
61.17,1.875,264.3655
61.18,1.874,264.38424
61.18,1.874,264.38424
61.19,1.873,264.40297
61.2,1.872,264.42169
61.21,1.872,264.44041
61.22,1.872,264.45913
61.23,1.871,264.47784
61.24,1.871,264.49655
61.24,1.871,264.49655
61.25,1.871,264.51526
61.26,1.871,264.53397
61.27,1.871,264.55268
61.28,1.87,264.57138
61.29,1.87,264.59008
61.29,1.869,264.59008
61.3,1.869,264.60877
61.31,1.868,264.62745
61.32,1.868,264.64613
61.33,1.867,264.6648
61.34,1.866,264.68346
61.34,1.865,264.68346
61.35,1.864,264.7021
61.36,1.863,264.72073
61.37,1.862,264.73935
61.38,1.86,264.75795
61.39,1.859,264.77654
61.4,1.859,264.79513
61.4,1.858,264.79513
61.41,1.858,264.81371
61.42,1.858,264.83229
61.43,1.859,264.85088
61.44,1.859,264.86947
61.45,1.859,264.88806
61.45,1.86,264.88806
61.46,1.86,264.90666
61.47,1.859,264.92525
61.48,1.858,264.94383
61.49,1.857,264.9624
61.5,1.856,264.98096
61.5,1.855,264.98096
61.51,1.854,264.9995
61.52,1.853,265.01803
61.53,1.852,265.03655
61.54,1.852,265.05507
61.55,1.852,265.07359
61.55,1.852,265.07359
61.56,1.852,265.09211
61.57,1.852,265.11063
61.58,1.852,265.12915
61.59,1.852,265.14767
61.6,1.853,265.1662
61.6,1.853,265.1662
61.61,1.853,265.18473
61.62,1.853,265.20326
61.63,1.852,265.22178
61.64,1.852,265.2403
61.65,1.851,265.25881
61.66,1.851,265.27732
61.66,1.85,265.27732
61.67,1.85,265.29582
61.68,1.85,265.31432
61.69,1.85,265.33282
61.7,1.85,265.35132
61.7,1.85,265.35132
61.71,1.85,265.36982
61.72,1.849,265.38831
61.73,1.849,265.4068
61.74,1.848,265.42528
61.75,1.848,265.44376
61.76,1.848,265.46224
61.76,1.847,265.46224
61.77,1.847,265.48071
61.78,1.846,265.49917
61.79,1.846,265.51763
61.8,1.846,265.53609
61.81,1.845,265.55454
61.81,1.845,265.55454
61.82,1.845,265.57299
61.83,1.845,265.59144
61.84,1.845,265.60989
61.85,1.845,265.62834
61.86,1.844,265.64678
61.87,1.844,265.66522
61.87,1.844,265.66522
61.88,1.844,265.68366
61.89,1.844,265.7021
61.9,1.845,265.72055
61.91,1.845,265.739
61.91,1.845,265.739
61.92,1.845,265.75745
61.93,1.844,265.77589
61.94,1.844,265.79433
61.95,1.843,265.81276
61.96,1.842,265.83118
61.96,1.841,265.83118
61.97,1.84,265.84958
61.98,1.84,265.86798
61.99,1.839,265.88637
62,1.838,265.90475
62.01,1.838,265.92313
62.01,1.838,265.92313
62.02,1.838,265.94151
62.03,1.838,265.95989
62.04,1.838,265.97827
62.05,1.838,265.99665
62.06,1.838,266.01503
62.07,1.838,266.03341
62.07,1.838,266.03341
62.08,1.837,266.05178
62.09,1.837,266.07015
62.1,1.837,266.08852
62.11,1.837,266.10689
62.11,1.836,266.10689
62.12,1.836,266.12525
62.13,1.836,266.14361
62.14,1.836,266.16197
62.15,1.836,266.18033
62.16,1.835,266.19868
62.17,1.835,266.21703
62.17,1.835,266.21703
62.18,1.834,266.23537
62.19,1.834,266.25371
62.2,1.834,266.27205
62.21,1.834,266.29039
62.22,1.834,266.30873
62.22,1.833,266.30873
62.23,1.833,266.32706
62.24,1.833,266.34539
62.25,1.833,266.36372
62.26,1.833,266.38205
62.27,1.833,266.40038
62.27,1.832,266.40038
62.28,1.832,266.4187
62.29,1.832,266.43702
62.3,1.832,266.45534
62.31,1.831,266.47365
62.32,1.831,266.49196
62.32,1.831,266.49196
62.33,1.831,266.51027
62.34,1.831,266.52858
62.35,1.831,266.54689
62.36,1.831,266.5652
62.37,1.831,266.58351
62.37,1.831,266.58351
62.38,1.831,266.60182
62.39,1.831,266.62013
62.4,1.83,266.63843
62.41,1.83,266.65673
62.42,1.83,266.67503
62.42,1.83,266.67503
62.43,1.829,266.69332
62.44,1.829,266.71161
62.45,1.829,266.7299
62.46,1.828,266.74818
62.47,1.828,266.76646
62.47,1.827,266.76646
62.48,1.827,266.78473
62.49,1.827,266.803
62.5,1.827,266.82127
62.51,1.827,266.83954
62.52,1.827,266.85781
62.53,1.827,266.87608
62.53,1.827,266.87608
62.54,1.826,266.89434
62.55,1.826,266.9126
62.56,1.826,266.93086
62.57,1.826,266.94912
62.57,1.826,266.94912
62.58,1.826,266.96738
62.59,1.826,266.98564
62.6,1.825,267.00389
62.61,1.825,267.02214
62.62,1.825,267.04039
62.62,1.824,267.04039
62.63,1.824,267.05863
62.64,1.824,267.07687
62.65,1.824,267.09511
62.66,1.824,267.11335
62.67,1.823,267.13158
62.68,1.823,267.14981
62.68,1.823,267.14981
62.69,1.823,267.16804
62.7,1.823,267.18627
62.71,1.822,267.20449
62.72,1.822,267.22271
62.72,1.822,267.22271
62.73,1.821,267.24092
62.74,1.821,267.25913
62.75,1.821,267.27734
62.76,1.821,267.29555
62.77,1.821,267.31376
62.77,1.821,267.31376
62.78,1.821,267.33197
62.79,1.821,267.35018
62.8,1.821,267.36839
62.81,1.821,267.3866
62.82,1.821,267.40481
62.83,1.821,267.42302
62.83,1.821,267.42302
62.84,1.821,267.44123
62.85,1.821,267.45944
62.86,1.82,267.47764
62.87,1.82,267.49584
62.88,1.82,267.51404
62.88,1.82,267.51404
62.89,1.82,267.53224
62.9,1.82,267.55044
62.91,1.82,267.56864
62.92,1.82,267.58684
62.93,1.82,267.60504
62.93,1.819,267.60504
62.94,1.819,267.62323
62.95,1.819,267.64142
62.96,1.819,267.65961
62.97,1.819,267.6778
62.97,1.819,267.6778
62.98,1.819,267.69599
62.99,1.819,267.71418
63,1.819,267.73237
63.01,1.819,267.75056
63.02,1.819,267.76875
63.03,1.819,267.78694
63.03,1.819,267.78694
63.04,1.819,267.80513
63.05,1.819,267.82332
63.06,1.818,267.8415
63.07,1.818,267.85968
63.08,1.818,267.87786
63.08,1.817,267.87786
63.09,1.817,267.89603
63.1,1.817,267.9142
63.11,1.816,267.93236
63.12,1.816,267.95052
63.12,1.816,267.95052
63.13,1.816,267.96868
63.14,1.816,267.98684
63.15,1.816,268.005
63.16,1.816,268.02316
63.17,1.816,268.04132
63.17,1.816,268.04132
63.18,1.816,268.05948
63.19,1.816,268.07764
63.2,1.816,268.0958
63.21,1.816,268.11396
63.22,1.816,268.13212
63.23,1.815,268.15027
63.23,1.815,268.15027
63.24,1.815,268.16842
63.25,1.815,268.18657
63.26,1.815,268.20472
63.27,1.814,268.22286
63.28,1.814,268.241
63.28,1.814,268.241
63.29,1.814,268.25914
63.3,1.814,268.27728
63.31,1.814,268.29542
63.32,1.814,268.31356
63.33,1.814,268.3317
63.33,1.813,268.3317
63.34,1.813,268.34983
63.35,1.813,268.36796
63.36,1.813,268.38609
63.37,1.813,268.40422
63.38,1.812,268.42234
63.38,1.812,268.42234
63.39,1.812,268.44046
63.4,1.812,268.45858
63.41,1.812,268.4767
63.42,1.811,268.49481
63.43,1.811,268.51292
63.43,1.811,268.51292
63.44,1.811,268.53103
63.45,1.811,268.54914
63.46,1.811,268.56725
63.47,1.811,268.58536
63.48,1.811,268.60347
63.48,1.811,268.60347
63.49,1.811,268.62158
63.5,1.811,268.63969
63.51,1.811,268.6578
63.52,1.811,268.67591
63.53,1.811,268.69402
63.53,1.81,268.69402
63.54,1.81,268.71212
63.55,1.81,268.73022
63.56,1.81,268.74832
63.57,1.81,268.76642
63.58,1.809,268.78451
63.58,1.809,268.78451
63.59,1.809,268.8026
63.6,1.809,268.82069
63.61,1.809,268.83878
63.62,1.809,268.85687
63.63,1.809,268.87496
63.63,1.809,268.87496
63.64,1.809,268.89305
63.65,1.809,268.91114
63.66,1.809,268.92923
63.67,1.809,268.94732
63.68,1.809,268.96541
63.68,1.809,268.96541
63.69,1.809,268.9835
63.7,1.809,269.00159
63.71,1.809,269.01968
63.72,1.809,269.03777
63.73,1.809,269.05586
63.73,1.809,269.05586
63.74,1.809,269.07395
63.75,1.809,269.09204
63.76,1.809,269.11013
63.77,1.809,269.12822
63.78,1.808,269.1463
63.78,1.808,269.1463
63.79,1.808,269.16438
63.8,1.808,269.18246
63.81,1.808,269.20054
63.82,1.808,269.21862
63.83,1.808,269.2367
63.83,1.808,269.2367
63.84,1.808,269.25478
63.85,1.808,269.27286
63.86,1.808,269.29094
63.87,1.808,269.30902
63.88,1.807,269.32709
63.88,1.807,269.32709
63.89,1.807,269.34516
63.9,1.807,269.36323
63.91,1.807,269.3813
63.92,1.807,269.39937
63.93,1.807,269.41744
63.93,1.807,269.41744
63.94,1.807,269.43551
63.95,1.806,269.45357
63.96,1.806,269.47163
63.97,1.806,269.48969
63.98,1.806,269.50775
63.98,1.806,269.50775
63.99,1.806,269.52581
64,1.805,269.54386
64.01,1.805,269.56191
64.02,1.805,269.57996
64.03,1.804,269.598
64.03,1.804,269.598
64.04,1.804,269.61604
64.05,1.804,269.63408
64.06,1.804,269.65212
64.07,1.804,269.67016
64.08,1.805,269.68821
64.08,1.805,269.68821
64.09,1.805,269.70626
64.1,1.805,269.72431
64.11,1.806,269.74237
64.12,1.806,269.76043
64.13,1.806,269.77849
64.13,1.806,269.77849
64.14,1.806,269.79655
64.15,1.805,269.8146
64.16,1.805,269.83265
64.17,1.805,269.8507
64.18,1.804,269.86874
64.18,1.804,269.86874
64.19,1.804,269.88678
64.2,1.804,269.90482
64.21,1.804,269.92286
64.22,1.804,269.9409
64.23,1.804,269.95894
64.23,1.804,269.95894
64.24,1.804,269.97698
64.25,1.804,269.99502
64.26,1.804,270.01306
64.27,1.804,270.0311
64.28,1.804,270.04914
64.28,1.804,270.04914
64.29,1.804,270.06718
64.3,1.803,270.08521
64.31,1.803,270.10324
64.32,1.803,270.12127
64.33,1.803,270.1393
64.33,1.803,270.1393
64.34,1.803,270.15733
64.35,1.803,270.17536
64.36,1.803,270.19339
64.37,1.803,270.21142
64.38,1.803,270.22945
64.38,1.803,270.22945
64.39,1.803,270.24748
64.4,1.803,270.26551
64.41,1.803,270.28354
64.42,1.803,270.30157
64.43,1.803,270.3196
64.43,1.802,270.3196
64.44,1.802,270.33762
64.45,1.802,270.35564
64.46,1.802,270.37366
64.47,1.803,270.39169
64.48,1.803,270.40972
64.48,1.803,270.40972
64.49,1.802,270.42774
64.5,1.802,270.44576
64.51,1.802,270.46378
64.52,1.802,270.4818
64.53,1.802,270.49982
64.53,1.802,270.49982
64.54,1.802,270.51784
64.55,1.802,270.53586
64.56,1.802,270.55388
64.57,1.802,270.5719
64.58,1.802,270.58992
64.58,1.802,270.58992
64.59,1.802,270.60794
64.6,1.802,270.62596
64.61,1.801,270.64397
64.62,1.801,270.66198
64.63,1.801,270.67999
64.63,1.801,270.67999
64.64,1.801,270.698
64.65,1.801,270.71601
64.66,1.801,270.73402
64.67,1.801,270.75203
64.68,1.801,270.77004
64.68,1.801,270.77004
64.69,1.801,270.78805
64.7,1.801,270.80606
64.71,1.8,270.82406
64.72,1.8,270.84206
64.73,1.8,270.86006
64.73,1.8,270.86006
64.74,1.8,270.87806
64.75,1.8,270.89606
64.76,1.8,270.91406
64.77,1.8,270.93206
64.78,1.8,270.95006
64.78,1.8,270.95006
64.79,1.8,270.96806
64.8,1.799,270.98605
64.81,1.799,271.00404
64.82,1.799,271.02203
64.83,1.799,271.04002
64.83,1.799,271.04002
64.84,1.799,271.05801
64.85,1.799,271.076
64.86,1.799,271.09399
64.87,1.799,271.11198
64.88,1.799,271.12997
64.88,1.799,271.12997
64.89,1.799,271.14796
64.9,1.799,271.16595
64.91,1.799,271.18394
64.92,1.799,271.20193
64.93,1.799,271.21992
64.93,1.799,271.21992
64.94,1.799,271.23791
64.95,1.799,271.2559
64.96,1.799,271.27389
64.97,1.799,271.29188
64.98,1.799,271.30987
64.98,1.799,271.30987
64.99,1.799,271.32786
65,1.799,271.34585
65.01,1.799,271.36384
65.02,1.8,271.38184
65.03,1.8,271.39984
65.04,1.8,271.41784
65.04,1.8,271.41784
65.05,1.8,271.43584
65.06,1.8,271.45384
65.07,1.799,271.47183
65.08,1.799,271.48982
65.08,1.799,271.48982
65.09,1.799,271.50781
65.1,1.799,271.5258
65.11,1.798,271.54378
65.12,1.799,271.56177
65.13,1.799,271.57976
65.13,1.799,271.57976
65.14,1.799,271.59775
65.15,1.799,271.61574
65.16,1.798,271.63372
65.17,1.798,271.6517
65.18,1.798,271.66968
65.18,1.798,271.66968
65.19,1.798,271.68766
65.2,1.798,271.70564
65.21,1.798,271.72362
65.22,1.798,271.7416
65.23,1.799,271.75959
65.23,1.799,271.75959
65.24,1.799,271.77758
65.25,1.798,271.79556
65.26,1.798,271.81354
65.27,1.799,271.83153
65.28,1.799,271.84952
65.29,1.799,271.86751
65.29,1.799,271.86751
65.3,1.799,271.8855
65.31,1.799,271.90349
65.32,1.799,271.92148
65.33,1.799,271.93947
65.33,1.799,271.93947
65.34,1.799,271.95746
65.35,1.799,271.97545
65.36,1.799,271.99344
65.37,1.799,272.01143
65.38,1.799,272.02942
65.38,1.799,272.02942
65.39,1.799,272.04741
65.4,1.799,272.0654
65.41,1.799,272.08339
65.42,1.799,272.10138
65.43,1.799,272.11937
65.43,1.798,272.11937
65.44,1.798,272.13735
65.45,1.798,272.15533
65.46,1.798,272.17331
65.47,1.798,272.19129
65.48,1.798,272.20927
65.48,1.798,272.20927
65.49,1.798,272.22725
65.5,1.798,272.24523
65.51,1.798,272.26321
65.52,1.798,272.28119
65.53,1.798,272.29917
65.53,1.799,272.29917
65.54,1.799,272.31716
65.55,1.798,272.33514
65.56,1.798,272.35312
65.57,1.798,272.3711
65.58,1.798,272.38908
65.58,1.798,272.38908
65.59,1.798,272.40706
65.6,1.798,272.42504
65.61,1.798,272.44302
65.62,1.798,272.461
65.63,1.798,272.47898
65.63,1.798,272.47898
65.64,1.798,272.49696
65.65,1.797,272.51493
65.66,1.797,272.5329
65.67,1.797,272.55087
65.68,1.797,272.56884
65.68,1.797,272.56884
65.69,1.797,272.58681
65.7,1.797,272.60478
65.71,1.796,272.62274
65.72,1.796,272.6407
65.73,1.796,272.65866
65.74,1.796,272.67662
65.74,1.796,272.67662
65.75,1.796,272.69458
65.76,1.796,272.71254
65.77,1.796,272.7305
65.78,1.796,272.74846
65.78,1.797,272.74846
65.79,1.797,272.76643
65.8,1.797,272.7844
65.81,1.797,272.80237
65.82,1.797,272.82034
65.83,1.796,272.8383
65.83,1.796,272.8383
65.84,1.796,272.85626
65.85,1.796,272.87422
65.86,1.796,272.89218
65.87,1.796,272.91014
65.88,1.796,272.9281
65.88,1.796,272.9281
65.89,1.796,272.94606
65.9,1.796,272.96402
65.91,1.796,272.98198
65.92,1.796,272.99994
65.93,1.796,273.0179
65.93,1.796,273.0179
65.94,1.795,273.03585
65.95,1.796,273.05381
65.96,1.796,273.07177
65.97,1.795,273.08972
65.98,1.795,273.10767
65.99,1.795,273.12562
65.99,1.795,273.12562
66,1.795,273.14357
66.01,1.795,273.16152
66.02,1.795,273.17947
66.03,1.795,273.19742
66.03,1.795,273.19742
66.04,1.795,273.21537
66.05,1.795,273.23332
66.06,1.795,273.25127
66.07,1.795,273.26922
66.08,1.795,273.28717
66.08,1.795,273.28717
66.09,1.795,273.30512
66.1,1.796,273.32308
66.11,1.796,273.34104
66.12,1.795,273.35899
66.13,1.795,273.37694
66.13,1.795,273.37694
66.14,1.795,273.39489
66.15,1.795,273.41284
66.16,1.795,273.43079
66.17,1.794,273.44873
66.18,1.794,273.46667
66.18,1.794,273.46667
66.19,1.794,273.48461
66.2,1.794,273.50255
66.21,1.794,273.52049
66.22,1.794,273.53843
66.23,1.794,273.55637
66.24,1.794,273.57431
66.24,1.794,273.57431
66.25,1.794,273.59225
66.26,1.794,273.61019
66.27,1.794,273.62813
66.28,1.794,273.64607
66.28,1.793,273.64607
66.29,1.793,273.664
66.3,1.793,273.68193
66.31,1.793,273.69986
66.32,1.793,273.71779
66.33,1.793,273.73572
66.33,1.793,273.73572
66.34,1.793,273.75365
66.35,1.793,273.77158
66.36,1.793,273.78951
66.37,1.793,273.80744
66.38,1.793,273.82537
66.38,1.793,273.82537
66.39,1.793,273.8433
66.4,1.793,273.86123
66.41,1.793,273.87916
66.42,1.794,273.8971
66.43,1.794,273.91504
66.44,1.794,273.93298
66.44,1.794,273.93298
66.45,1.795,273.95093
66.46,1.795,273.96888
66.47,1.795,273.98683
66.48,1.795,274.00478
66.48,1.795,274.00478
66.49,1.794,274.02272
66.5,1.794,274.04066
66.51,1.794,274.0586
66.52,1.794,274.07654
66.53,1.794,274.09448
66.53,1.794,274.09448
66.54,1.794,274.11242
66.55,1.794,274.13036
66.56,1.793,274.14829
66.57,1.793,274.16622
66.58,1.793,274.18415
66.58,1.793,274.18415
66.59,1.793,274.20208
66.6,1.793,274.22001
66.61,1.794,274.23795
66.62,1.794,274.25589
66.63,1.794,274.27383
66.63,1.794,274.27383
66.64,1.795,274.29178
66.65,1.795,274.30973
66.66,1.795,274.32768
66.67,1.795,274.34563
66.68,1.795,274.36358
66.68,1.795,274.36358
66.69,1.795,274.38153
66.7,1.795,274.39948
66.71,1.795,274.41743
66.72,1.795,274.43538
66.73,1.795,274.45333
66.74,1.795,274.47128
66.74,1.795,274.47128
66.75,1.795,274.48923
66.76,1.796,274.50719
66.77,1.796,274.52515
66.78,1.795,274.5431
66.78,1.795,274.5431
66.79,1.795,274.56105
66.8,1.795,274.579
66.81,1.794,274.59694
66.82,1.794,274.61488
66.83,1.794,274.63282
66.83,1.794,274.63282
66.84,1.794,274.65076
66.85,1.794,274.6687
66.86,1.794,274.68664
66.87,1.794,274.70458
66.88,1.794,274.72252
66.88,1.794,274.72252
66.89,1.794,274.74046
66.9,1.794,274.7584
66.91,1.794,274.77634
66.92,1.794,274.79428
66.93,1.794,274.81222
66.93,1.794,274.81222
66.94,1.794,274.83016
66.95,1.794,274.8481
66.96,1.794,274.86604
66.97,1.794,274.88398
66.98,1.794,274.90192
66.99,1.794,274.91986
66.99,1.794,274.91986
67,1.794,274.9378
67.01,1.794,274.95574
67.02,1.794,274.97368
67.03,1.794,274.99162
67.04,1.794,275.00956
67.04,1.794,275.00956
67.05,1.794,275.0275
67.06,1.794,275.04544
67.07,1.794,275.06338
67.08,1.794,275.08132
67.09,1.793,275.09925
67.09,1.793,275.09925
67.1,1.793,275.11718
67.11,1.793,275.13511
67.12,1.793,275.15304
67.13,1.793,275.17097
67.13,1.793,275.17097
67.14,1.793,275.1889
67.15,1.793,275.20683
67.16,1.793,275.22476
67.17,1.794,275.2427
67.18,1.794,275.26064
67.18,1.794,275.26064
67.19,1.794,275.27858
67.2,1.794,275.29652
67.21,1.795,275.31447
67.22,1.795,275.33242
67.23,1.795,275.35037
67.23,1.795,275.35037
67.24,1.795,275.36832
67.25,1.795,275.38627
67.26,1.795,275.40422
67.27,1.795,275.42217
67.28,1.795,275.44012
67.28,1.795,275.44012
67.29,1.795,275.45807
67.3,1.794,275.47601
67.31,1.794,275.49395
67.32,1.794,275.51189
67.33,1.794,275.52983
67.34,1.794,275.54777
67.34,1.794,275.54777
67.35,1.794,275.56571
67.36,1.794,275.58365
67.37,1.794,275.60159
67.38,1.794,275.61953
67.39,1.795,275.63748
67.39,1.795,275.63748
67.4,1.795,275.65543
67.41,1.794,275.67337
67.42,1.794,275.69131
67.43,1.794,275.70925
67.44,1.794,275.72719
67.44,1.794,275.72719
67.45,1.794,275.74513
67.46,1.794,275.76307
67.47,1.795,275.78102
67.48,1.795,275.79897
67.48,1.795,275.79897
67.49,1.795,275.81692
67.5,1.795,275.83487
67.51,1.794,275.85281
67.52,1.794,275.87075
67.53,1.794,275.88869
67.53,1.794,275.88869
67.54,1.794,275.90663
67.55,1.794,275.92457
67.56,1.794,275.94251
67.57,1.794,275.96045
67.58,1.794,275.97839
67.58,1.794,275.97839
67.59,1.794,275.99633
67.6,1.794,276.01427
67.61,1.794,276.03221
67.62,1.794,276.05015
67.63,1.794,276.06809
67.64,1.794,276.08603
67.64,1.794,276.08603
67.65,1.794,276.10397
67.66,1.793,276.1219
67.67,1.793,276.13983
67.68,1.793,276.15776
67.68,1.793,276.15776
67.69,1.793,276.17569
67.7,1.793,276.19362
67.71,1.793,276.21155
67.72,1.793,276.22948
67.73,1.793,276.24741
67.73,1.793,276.24741
67.74,1.793,276.26534
67.75,1.793,276.28327
67.76,1.792,276.30119
67.77,1.792,276.31911
67.78,1.792,276.33703
67.78,1.792,276.33703
67.79,1.792,276.35495
67.8,1.792,276.37287
67.81,1.792,276.39079
67.82,1.792,276.40871
67.83,1.792,276.42663
67.83,1.792,276.42663
67.84,1.792,276.44455
67.85,1.792,276.46247
67.86,1.793,276.4804
67.87,1.793,276.49833
67.88,1.792,276.51625
67.88,1.792,276.51625
67.89,1.792,276.53417
67.9,1.792,276.55209
67.91,1.792,276.57001
67.92,1.792,276.58793
67.93,1.792,276.60585
67.93,1.792,276.60585
67.94,1.792,276.62377
67.95,1.792,276.64169
67.96,1.792,276.65961
67.97,1.792,276.67753
67.98,1.792,276.69545
67.98,1.792,276.69545
67.99,1.792,276.71337
68,1.792,276.73129
68.01,1.792,276.74921
68.02,1.792,276.76713
68.03,1.792,276.78505
68.03,1.792,276.78505
68.04,1.792,276.80297
68.05,1.792,276.82089
68.06,1.792,276.83881
68.07,1.792,276.85673
68.08,1.792,276.87465
68.08,1.792,276.87465
68.09,1.792,276.89257
68.1,1.792,276.91049
68.11,1.792,276.92841
68.12,1.792,276.94633
68.13,1.792,276.96425
68.13,1.792,276.96425
68.14,1.792,276.98217
68.15,1.792,277.00009
68.16,1.792,277.01801
68.17,1.792,277.03593
68.18,1.792,277.05385
68.18,1.791,277.05385
68.19,1.791,277.07176
68.2,1.791,277.08967
68.21,1.791,277.10758
68.22,1.791,277.12549
68.23,1.79,277.14339
68.24,1.79,277.16129
68.24,1.79,277.16129
68.25,1.79,277.17919
68.26,1.79,277.19709
68.27,1.79,277.21499
68.28,1.79,277.23289
68.28,1.79,277.23289
68.29,1.79,277.25079
68.3,1.791,277.2687
68.31,1.791,277.28661
68.32,1.791,277.30452
68.33,1.791,277.32243
68.33,1.791,277.32243
68.34,1.791,277.34034
68.35,1.79,277.35824
68.36,1.79,277.37614
68.37,1.79,277.39404
68.38,1.79,277.41194
68.39,1.79,277.42984
68.39,1.79,277.42984
68.4,1.79,277.44774
68.41,1.789,277.46563
68.42,1.789,277.48352
68.43,1.789,277.50141
68.43,1.789,277.50141
68.44,1.79,277.51931
68.45,1.79,277.53721
68.46,1.79,277.55511
68.47,1.79,277.57301
68.48,1.79,277.59091
68.49,1.79,277.60881
68.49,1.79,277.60881
68.5,1.79,277.62671
68.51,1.79,277.64461
68.52,1.79,277.66251
68.53,1.79,277.68041
68.54,1.79,277.69831
68.54,1.79,277.69831
68.55,1.79,277.71621
68.56,1.79,277.73411
68.57,1.79,277.75201
68.58,1.79,277.76991
68.58,1.79,277.76991
68.59,1.79,277.78781
68.6,1.79,277.80571
68.61,1.791,277.82362
68.62,1.791,277.84153
68.63,1.791,277.85944
68.64,1.79,277.87734
68.64,1.79,277.87734
68.65,1.79,277.89524
68.66,1.79,277.91314
68.67,1.79,277.93104
68.68,1.79,277.94894
68.69,1.79,277.96684
68.69,1.79,277.96684
68.7,1.79,277.98474
68.71,1.79,278.00264
68.72,1.791,278.02055
68.73,1.791,278.03846
68.74,1.791,278.05637
68.74,1.791,278.05637
68.75,1.791,278.07428
68.76,1.791,278.09219
68.77,1.791,278.1101
68.78,1.791,278.12801
68.79,1.791,278.14592
68.79,1.791,278.14592
68.8,1.791,278.16383
68.81,1.791,278.18174
68.82,1.791,278.19965
68.83,1.791,278.21756
68.84,1.791,278.23547
68.84,1.791,278.23547
68.85,1.791,278.25338
68.86,1.791,278.27129
68.87,1.791,278.2892
68.88,1.792,278.30712
68.88,1.792,278.30712
68.89,1.792,278.32504
68.9,1.792,278.34296
68.91,1.792,278.36088
68.92,1.792,278.3788
68.93,1.792,278.39672
68.93,1.792,278.39672
68.94,1.792,278.41464
68.95,1.792,278.43256
68.96,1.792,278.45048
68.97,1.792,278.4684
68.98,1.792,278.48632
68.99,1.792,278.50424
68.99,1.792,278.50424
69,1.792,278.52216
69.01,1.792,278.54008
69.02,1.792,278.558
69.03,1.792,278.57592
69.03,1.792,278.57592
69.04,1.792,278.59384
69.05,1.792,278.61176
69.06,1.792,278.62968
69.07,1.792,278.6476
69.08,1.792,278.66552
69.09,1.792,278.68344
69.09,1.792,278.68344
69.1,1.792,278.70136
69.11,1.792,278.71928
69.12,1.792,278.7372
69.13,1.792,278.75512
69.13,1.792,278.75512
69.14,1.792,278.77304
69.15,1.792,278.79096
69.16,1.792,278.80888
69.17,1.791,278.82679
69.18,1.791,278.8447
69.19,1.792,278.86262
69.19,1.792,278.86262
69.2,1.792,278.88054
69.21,1.792,278.89846
69.22,1.792,278.91638
69.23,1.792,278.9343
69.24,1.792,278.95222
69.24,1.792,278.95222
69.25,1.792,278.97014
69.26,1.792,278.98806
69.27,1.792,279.00598
69.28,1.792,279.0239
69.29,1.792,279.04182
69.29,1.792,279.04182
69.3,1.792,279.05974
69.31,1.792,279.07766
69.32,1.792,279.09558
69.33,1.792,279.1135
69.34,1.793,279.13143
69.34,1.793,279.13143
69.35,1.792,279.14935
69.36,1.792,279.16727
69.37,1.792,279.18519
69.38,1.792,279.20311
69.38,1.792,279.20311
69.39,1.792,279.22103
69.4,1.792,279.23895
69.41,1.792,279.25687
69.42,1.792,279.27479
69.43,1.792,279.29271
69.44,1.792,279.31063
69.44,1.792,279.31063
69.45,1.792,279.32855
69.46,1.792,279.34647
69.47,1.792,279.36439
69.48,1.793,279.38232
69.49,1.793,279.40025
69.49,1.793,279.40025
69.5,1.793,279.41818
69.51,1.793,279.43611
69.52,1.793,279.45404
69.53,1.793,279.47197
69.54,1.793,279.4899
69.54,1.793,279.4899
69.55,1.793,279.50783
69.56,1.793,279.52576
69.57,1.793,279.54369
69.58,1.793,279.56162
69.58,1.794,279.56162
69.59,1.793,279.57955
69.6,1.793,279.59748
69.61,1.793,279.61541
69.62,1.793,279.63334
69.63,1.793,279.65127
69.64,1.793,279.6692
69.64,1.793,279.6692
69.65,1.793,279.68713
69.66,1.794,279.70507
69.67,1.794,279.72301
69.68,1.794,279.74095
69.69,1.794,279.75889
69.69,1.794,279.75889
69.7,1.794,279.77683
69.71,1.794,279.79477
69.72,1.793,279.8127
69.73,1.793,279.83063
69.74,1.793,279.84856
69.74,1.793,279.84856
69.75,1.793,279.86649
69.76,1.793,279.88442
69.77,1.793,279.90235
69.78,1.793,279.92028
69.79,1.793,279.93821
69.79,1.793,279.93821
69.8,1.794,279.95615
69.81,1.794,279.97409
69.82,1.794,279.99203
69.83,1.794,280.00997
69.83,1.794,280.00997
69.84,1.794,280.02791
69.85,1.794,280.04585
69.86,1.793,280.06378
69.87,1.793,280.08171
69.88,1.793,280.09964
69.89,1.792,280.11756
69.89,1.792,280.11756
69.9,1.792,280.13548
69.91,1.792,280.1534
69.92,1.792,280.17132
69.93,1.792,280.18924
69.94,1.792,280.20716
69.94,1.793,280.20716
69.95,1.793,280.22509
69.96,1.793,280.24302
69.97,1.793,280.26095
69.98,1.793,280.27888
69.99,1.793,280.29681
69.99,1.793,280.29681
70,1.793,280.31474
70.01,1.793,280.33267
70.02,1.793,280.3506
70.03,1.793,280.36853
70.04,1.792,280.38645
70.04,1.792,280.38645
70.05,1.792,280.40437
70.06,1.792,280.42229
70.07,1.792,280.44021
70.08,1.792,280.45813
70.09,1.793,280.47606
70.09,1.793,280.47606
70.1,1.793,280.49399
70.11,1.793,280.51192
70.12,1.793,280.52985
70.13,1.793,280.54778
70.14,1.793,280.56571
70.14,1.793,280.56571
70.15,1.793,280.58364
70.16,1.793,280.60157
70.17,1.794,280.61951
70.18,1.794,280.63745
70.18,1.794,280.63745
70.19,1.794,280.65539
70.2,1.794,280.67333
70.21,1.794,280.69127
70.22,1.794,280.70921
70.23,1.793,280.72714
70.24,1.793,280.74507
70.24,1.793,280.74507
70.25,1.793,280.763
70.26,1.793,280.78093
70.27,1.793,280.79886
70.28,1.793,280.81679
70.29,1.793,280.83472
70.29,1.793,280.83472
70.3,1.793,280.85265
70.31,1.793,280.87058
70.32,1.793,280.88851
70.33,1.793,280.90644
70.34,1.793,280.92437
70.34,1.793,280.92437
70.35,1.793,280.9423
70.36,1.793,280.96023
70.37,1.793,280.97816
70.38,1.793,280.99609
70.39,1.793,281.01402
70.39,1.793,281.01402
70.4,1.793,281.03195
70.41,1.793,281.04988
70.42,1.793,281.06781
70.43,1.793,281.08574
70.44,1.794,281.10368
70.44,1.794,281.10368
70.45,1.794,281.12162
70.46,1.794,281.13956
70.47,1.794,281.1575
70.48,1.794,281.17544
70.49,1.794,281.19338
70.49,1.794,281.19338
70.5,1.794,281.21132
70.51,1.793,281.22925
70.52,1.793,281.24718
70.53,1.793,281.26511
70.54,1.793,281.28304
70.54,1.793,281.28304
70.55,1.794,281.30098
70.56,1.794,281.31892
70.57,1.794,281.33686
70.58,1.794,281.3548
70.59,1.794,281.37274
70.59,1.793,281.37274
70.6,1.793,281.39067
70.61,1.793,281.4086
70.62,1.793,281.42653
70.63,1.793,281.44446
70.64,1.793,281.46239
70.64,1.793,281.46239
70.65,1.793,281.48032
70.66,1.794,281.49826
70.67,1.794,281.5162
70.68,1.794,281.53414
70.69,1.794,281.55208
70.69,1.794,281.55208
70.7,1.794,281.57002
70.71,1.794,281.58796
70.72,1.794,281.6059
70.73,1.794,281.62384
70.74,1.795,281.64179
70.74,1.795,281.64179
70.75,1.795,281.65974
70.76,1.795,281.67769
70.77,1.795,281.69564
70.78,1.795,281.71359
70.79,1.795,281.73154
70.79,1.795,281.73154
70.8,1.795,281.74949
70.81,1.795,281.76744
70.82,1.795,281.78539
70.83,1.795,281.80334
70.84,1.795,281.82129
70.84,1.795,281.82129
70.85,1.795,281.83924
70.86,1.795,281.85719
70.87,1.795,281.87514
70.88,1.795,281.89309
70.89,1.795,281.91104
70.89,1.796,281.91104
70.9,1.796,281.929
70.91,1.796,281.94696
70.92,1.796,281.96492
70.93,1.796,281.98288
70.94,1.796,282.00084
70.94,1.796,282.00084
70.95,1.796,282.0188
70.96,1.796,282.03676
70.97,1.796,282.05472
70.98,1.796,282.07268
70.99,1.796,282.09064
70.99,1.795,282.09064
71,1.795,282.10859
71.01,1.795,282.12654
71.02,1.795,282.14449
71.03,1.795,282.16244
71.04,1.795,282.18039
71.04,1.796,282.18039
71.05,1.796,282.19835
71.06,1.796,282.21631
71.07,1.796,282.23427
71.08,1.796,282.25223
71.09,1.796,282.27019
71.09,1.796,282.27019
71.1,1.796,282.28815
71.11,1.795,282.3061
71.12,1.795,282.32405
71.13,1.795,282.342
71.14,1.795,282.35995
71.14,1.795,282.35995
71.15,1.795,282.3779
71.16,1.795,282.39585
71.17,1.795,282.4138
71.18,1.794,282.43174
71.19,1.794,282.44968
71.19,1.794,282.44968
71.2,1.794,282.46762
71.21,1.794,282.48556
71.22,1.794,282.5035
71.23,1.794,282.52144
71.24,1.794,282.53938
71.24,1.795,282.53938
71.25,1.795,282.55733
71.26,1.795,282.57528
71.27,1.795,282.59323
71.28,1.795,282.61118
71.29,1.794,282.62912
71.29,1.794,282.62912
71.3,1.794,282.64706
71.31,1.794,282.665
71.32,1.794,282.68294
71.33,1.794,282.70088
71.34,1.794,282.71882
71.34,1.794,282.71882
71.35,1.794,282.73676
71.36,1.794,282.7547
71.37,1.794,282.77264
71.38,1.794,282.79058
71.39,1.794,282.80852
71.39,1.794,282.80852
71.4,1.794,282.82646
71.41,1.794,282.8444
71.42,1.794,282.86234
71.43,1.794,282.88028
71.44,1.794,282.89822
71.44,1.794,282.89822
71.45,1.794,282.91616
71.46,1.794,282.9341
71.47,1.794,282.95204
71.48,1.794,282.96998
71.49,1.794,282.98792
71.49,1.794,282.98792
71.5,1.794,283.00586
71.51,1.794,283.0238
71.52,1.795,283.04175
71.53,1.795,283.0597
71.54,1.795,283.07765
71.54,1.795,283.07765
71.55,1.795,283.0956
71.56,1.795,283.11355
71.57,1.795,283.1315
71.58,1.795,283.14945
71.59,1.795,283.1674
71.59,1.795,283.1674
71.6,1.795,283.18535
71.61,1.796,283.20331
71.62,1.796,283.22127
71.63,1.796,283.23923
71.64,1.795,283.25718
71.64,1.795,283.25718
71.65,1.795,283.27513
71.66,1.795,283.29308
71.67,1.795,283.31103
71.68,1.794,283.32897
71.69,1.794,283.34691
71.7,1.794,283.36485
71.7,1.795,283.36485
71.71,1.795,283.3828
71.72,1.795,283.40075
71.73,1.795,283.4187
71.74,1.795,283.43665
71.74,1.796,283.43665
71.75,1.796,283.45461
71.76,1.796,283.47257
71.77,1.796,283.49053
71.78,1.796,283.50849
71.79,1.796,283.52645
71.8,1.796,283.54441
71.8,1.796,283.54441
71.81,1.796,283.56237
71.82,1.796,283.58033
71.83,1.796,283.59829
71.84,1.796,283.61625
71.84,1.796,283.61625
71.85,1.796,283.63421
71.86,1.796,283.65217
71.87,1.797,283.67014
71.88,1.797,283.68811
71.89,1.797,283.70608
71.89,1.797,283.70608
71.9,1.796,283.72404
71.91,1.796,283.742
71.92,1.796,283.75996
71.93,1.796,283.77792
71.94,1.796,283.79588
71.94,1.796,283.79588
71.95,1.796,283.81384
71.96,1.796,283.8318
71.97,1.796,283.84976
71.98,1.796,283.86772
71.99,1.796,283.88568
71.99,1.797,283.88568
72,1.797,283.90365
72.01,1.797,283.92162
72.02,1.798,283.9396
72.03,1.798,283.95758
72.04,1.798,283.97556
72.04,1.798,283.97556
72.05,1.798,283.99354
72.06,1.798,284.01152
72.07,1.798,284.0295
72.08,1.798,284.04748
72.09,1.798,284.06546
72.09,1.798,284.06546
72.1,1.798,284.08344
72.11,1.798,284.10142
72.12,1.798,284.1194
72.13,1.798,284.13738
72.14,1.798,284.15536
72.14,1.799,284.15536
72.15,1.799,284.17335
72.16,1.799,284.19134
72.17,1.799,284.20933
72.18,1.799,284.22732
72.19,1.799,284.24531
72.19,1.799,284.24531
72.2,1.799,284.2633
72.21,1.799,284.28129
72.22,1.799,284.29928
72.23,1.799,284.31727
72.24,1.799,284.33526
72.24,1.799,284.33526
72.25,1.799,284.35325
72.26,1.799,284.37124
72.27,1.799,284.38923
72.28,1.799,284.40722
72.29,1.799,284.42521
72.29,1.799,284.42521
72.3,1.799,284.4432
72.31,1.799,284.46119
72.32,1.799,284.47918
72.33,1.799,284.49717
72.34,1.799,284.51516
72.34,1.799,284.51516
72.35,1.799,284.53315
72.36,1.799,284.55114
72.37,1.8,284.56914
72.38,1.8,284.58714
72.39,1.8,284.60514
72.39,1.8,284.60514
72.4,1.8,284.62314
72.41,1.8,284.64114
72.42,1.8,284.65914
72.43,1.8,284.67714
72.44,1.8,284.69514
72.44,1.799,284.69514
72.45,1.799,284.71313
72.46,1.799,284.73112
72.47,1.799,284.74911
72.48,1.799,284.7671
72.49,1.798,284.78508
72.5,1.798,284.80306
72.5,1.799,284.80306
72.51,1.799,284.82105
72.52,1.799,284.83904
72.53,1.799,284.85703
72.54,1.799,284.87502
72.54,1.799,284.87502
72.55,1.799,284.89301
72.56,1.799,284.911
72.57,1.799,284.92899
72.58,1.799,284.94698
72.59,1.799,284.96497
72.59,1.799,284.96497
72.6,1.798,284.98295
72.61,1.798,285.00093
72.62,1.798,285.01891
72.63,1.798,285.03689
72.64,1.798,285.05487
72.64,1.799,285.05487
72.65,1.799,285.07286
72.66,1.799,285.09085
72.67,1.799,285.10884
72.68,1.799,285.12683
72.69,1.799,285.14482
72.69,1.8,285.14482
72.7,1.8,285.16282
72.71,1.8,285.18082
72.72,1.8,285.19882
72.73,1.799,285.21681
72.74,1.799,285.2348
72.74,1.799,285.2348
72.75,1.799,285.25279
72.76,1.799,285.27078
72.77,1.799,285.28877
72.78,1.798,285.30675
72.79,1.798,285.32473
72.8,1.798,285.34271
72.8,1.798,285.34271
72.81,1.798,285.36069
72.82,1.798,285.37867
72.83,1.798,285.39665
72.84,1.799,285.41464
72.84,1.799,285.41464
72.85,1.799,285.43263
72.86,1.799,285.45062
72.87,1.799,285.46861
72.88,1.799,285.4866
72.88,1.799,285.4866
72.89,1.8,285.5046
72.9,1.799,285.52259
72.91,1.799,285.54058
72.92,1.799,285.55857
72.93,1.799,285.57656
72.94,1.799,285.59455
72.94,1.799,285.59455
72.95,1.799,285.61254
72.96,1.799,285.63053
72.97,1.799,285.64852
72.98,1.799,285.66651
72.99,1.799,285.6845
73,1.799,285.70249
73,1.799,285.70249
73.01,1.798,285.72047
73.02,1.798,285.73845
73.03,1.798,285.75643
73.04,1.798,285.77441
73.04,1.798,285.77441
73.05,1.798,285.79239
73.06,1.799,285.81038
73.07,1.799,285.82837
73.08,1.799,285.84636
73.09,1.799,285.86435
73.09,1.799,285.86435
73.1,1.799,285.88234
73.11,1.799,285.90033
73.12,1.799,285.91832
73.13,1.799,285.93631
73.14,1.799,285.9543
73.14,1.798,285.9543
73.15,1.798,285.97228
73.16,1.798,285.99026
73.17,1.798,286.00824
73.18,1.798,286.02622
73.19,1.798,286.0442
73.19,1.798,286.0442
73.2,1.798,286.06218
73.21,1.798,286.08016
73.22,1.799,286.09815
73.23,1.799,286.11614
73.24,1.799,286.13413
73.24,1.799,286.13413
73.25,1.799,286.15212
73.26,1.798,286.1701
73.27,1.798,286.18808
73.28,1.798,286.20606
73.29,1.798,286.22404
73.29,1.799,286.22404
73.3,1.799,286.24203
73.31,1.799,286.26002
73.32,1.799,286.27801
73.33,1.799,286.296
73.34,1.799,286.31399
73.34,1.799,286.31399
73.35,1.799,286.33198
73.36,1.799,286.34997
73.37,1.799,286.36796
73.38,1.799,286.38595
73.39,1.798,286.40393
73.39,1.798,286.40393
73.4,1.798,286.42191
73.41,1.798,286.43989
73.42,1.798,286.45787
73.43,1.798,286.47585
73.44,1.798,286.49383
73.44,1.799,286.49383
73.45,1.799,286.51182
73.46,1.799,286.52981
73.47,1.8,286.54781
73.48,1.8,286.56581
73.49,1.8,286.58381
73.49,1.8,286.58381
73.5,1.8,286.60181
73.51,1.799,286.6198
73.52,1.799,286.63779
73.53,1.799,286.65578
73.54,1.799,286.67377
73.54,1.799,286.67377
73.55,1.799,286.69176
73.56,1.799,286.70975
73.57,1.799,286.72774
73.58,1.799,286.74573
73.58,1.8,286.74573
73.59,1.8,286.76373
73.6,1.799,286.78172
73.61,1.799,286.79971
73.62,1.799,286.8177
73.63,1.8,286.8357
73.64,1.8,286.8537
73.64,1.8,286.8537
73.65,1.8,286.8717
73.66,1.8,286.8897
73.67,1.8,286.9077
73.68,1.8,286.9257
73.69,1.8,286.9437
73.69,1.8,286.9437
73.7,1.8,286.9617
73.71,1.8,286.9797
73.72,1.8,286.9977
73.73,1.8,287.0157
73.74,1.8,287.0337
73.74,1.8,287.0337
73.75,1.8,287.0517
73.76,1.8,287.0697
73.77,1.8,287.0877
73.78,1.8,287.1057
73.79,1.8,287.1237
73.8,1.8,287.1417
73.8,1.8,287.1417
73.81,1.8,287.1597
73.82,1.8,287.1777
73.83,1.8,287.1957
73.84,1.8,287.2137
73.84,1.8,287.2137
73.85,1.801,287.23171
73.86,1.801,287.24972
73.87,1.801,287.26773
73.88,1.8,287.28573
73.88,1.8,287.28573
73.89,1.8,287.30373
73.9,1.8,287.32173
73.91,1.8,287.33973
73.92,1.8,287.35773
73.93,1.8,287.37573
73.94,1.8,287.39373
73.94,1.801,287.39373
73.95,1.801,287.41174
73.96,1.801,287.42975
73.97,1.801,287.44776
73.98,1.802,287.46578
73.99,1.801,287.48379
73.99,1.801,287.48379
74,1.801,287.5018
74.01,1.801,287.51981
74.02,1.801,287.53782
74.03,1.801,287.55583
74.04,1.801,287.57384
74.04,1.801,287.57384
74.05,1.801,287.59185
74.06,1.801,287.60986
74.07,1.801,287.62787
74.08,1.801,287.64588
74.09,1.8,287.66388
74.09,1.8,287.66388
74.1,1.8,287.68188
74.11,1.8,287.69988
74.12,1.801,287.71789
74.13,1.801,287.7359
74.14,1.801,287.75391
74.14,1.802,287.75391
74.15,1.802,287.77193
74.16,1.802,287.78995
74.17,1.802,287.80797
74.18,1.802,287.82599
74.19,1.802,287.84401
74.19,1.802,287.84401
74.2,1.802,287.86203
74.21,1.802,287.88005
74.22,1.802,287.89807
74.23,1.802,287.91609
74.24,1.802,287.93411
74.24,1.802,287.93411
74.25,1.802,287.95213
74.26,1.802,287.97015
74.27,1.803,287.98818
74.28,1.803,288.00621
74.29,1.803,288.02424
74.29,1.803,288.02424
74.3,1.803,288.04227
74.31,1.803,288.0603
74.32,1.803,288.07833
74.33,1.803,288.09636
74.34,1.803,288.11439
74.34,1.802,288.11439
74.35,1.802,288.13241
74.36,1.802,288.15043
74.37,1.802,288.16845
74.38,1.802,288.18647
74.38,1.802,288.18647
74.39,1.802,288.20449
74.4,1.802,288.22251
74.41,1.802,288.24053
74.42,1.802,288.25855
74.43,1.802,288.27657
74.44,1.802,288.29459
74.44,1.802,288.29459
74.45,1.802,288.31261
74.46,1.802,288.33063
74.47,1.802,288.34865
74.48,1.802,288.36667
74.48,1.802,288.36667
74.49,1.802,288.38469
74.5,1.802,288.40271
74.51,1.802,288.42073
74.52,1.802,288.43875
74.53,1.802,288.45677
74.54,1.802,288.47479
74.54,1.801,288.47479
74.55,1.801,288.4928
74.56,1.801,288.51081
74.57,1.801,288.52882
74.58,1.801,288.54683
74.59,1.801,288.56484
74.59,1.801,288.56484
74.6,1.801,288.58285
74.61,1.801,288.60086
74.62,1.802,288.61888
74.63,1.801,288.63689
74.64,1.801,288.6549
74.64,1.801,288.6549
74.65,1.802,288.67292
74.66,1.802,288.69094
74.67,1.802,288.70896
74.68,1.802,288.72698
74.68,1.802,288.72698
74.69,1.802,288.745
74.7,1.802,288.76302
74.71,1.802,288.78104
74.72,1.801,288.79905
74.73,1.801,288.81706
74.73,1.801,288.81706
74.74,1.801,288.83507
74.75,1.801,288.85308
74.76,1.801,288.87109
74.77,1.801,288.8891
74.78,1.801,288.90711
74.78,1.801,288.90711
74.79,1.801,288.92512
74.8,1.801,288.94313
74.81,1.801,288.96114
74.82,1.802,288.97916
74.83,1.802,288.99718
74.84,1.802,289.0152
74.84,1.802,289.0152
74.85,1.802,289.03322
74.86,1.802,289.05124
74.87,1.802,289.06926
74.88,1.802,289.08728
74.88,1.801,289.08728
74.89,1.801,289.10529
74.9,1.801,289.1233
74.91,1.801,289.14131
74.92,1.801,289.15932
74.93,1.801,289.17733
74.94,1.802,289.19535
74.94,1.802,289.19535
74.95,1.801,289.21336
74.96,1.801,289.23137
74.97,1.801,289.24938
74.98,1.801,289.26739
74.98,1.801,289.26739
74.99,1.801,289.2854
75,1.801,289.30341
75.01,1.802,289.32143
75.02,1.802,289.33945
75.03,1.802,289.35747
75.04,1.802,289.37549
75.04,1.802,289.37549
75.05,1.802,289.39351
75.06,1.802,289.41153
75.07,1.802,289.42955
75.08,1.802,289.44757
75.09,1.802,289.46559
75.09,1.802,289.46559
75.1,1.803,289.48362
75.11,1.803,289.50165
75.12,1.803,289.51968
75.13,1.803,289.53771
75.14,1.803,289.55574
75.14,1.802,289.55574
75.15,1.802,289.57376
75.16,1.802,289.59178
75.17,1.801,289.60979
75.18,1.801,289.6278
75.18,1.801,289.6278
75.19,1.801,289.64581
75.2,1.801,289.66382
75.21,1.801,289.68183
75.22,1.801,289.69984
75.23,1.801,289.71785
75.23,1.801,289.71785
75.24,1.801,289.73586
75.25,1.802,289.75388
75.26,1.802,289.7719
75.27,1.802,289.78992
75.28,1.802,289.80794
75.28,1.802,289.80794
75.29,1.802,289.82596
75.3,1.802,289.84398
75.31,1.802,289.862
75.32,1.802,289.88002
75.33,1.802,289.89804
75.34,1.802,289.91606
75.34,1.802,289.91606
75.35,1.803,289.93409
75.36,1.803,289.95212
75.37,1.803,289.97015
75.38,1.803,289.98818
75.39,1.803,290.00621
75.39,1.804,290.00621
75.4,1.804,290.02425
75.41,1.804,290.04229
75.42,1.804,290.06033
75.43,1.804,290.07837
75.44,1.804,290.09641
75.44,1.804,290.09641
75.45,1.803,290.11444
75.46,1.803,290.13247
75.47,1.803,290.1505
75.48,1.803,290.16853
75.49,1.802,290.18655
75.49,1.802,290.18655
75.5,1.802,290.20457
75.51,1.802,290.22259
75.52,1.803,290.24062
75.53,1.803,290.25865
75.54,1.803,290.27668
75.54,1.803,290.27668
75.55,1.803,290.29471
75.56,1.803,290.31274
75.57,1.803,290.33077
75.58,1.803,290.3488
75.59,1.803,290.36683
75.59,1.804,290.36683
75.6,1.804,290.38487
75.61,1.804,290.40291
75.62,1.804,290.42095
75.63,1.805,290.439
75.63,1.805,290.439
75.64,1.805,290.45705
75.65,1.805,290.4751
75.66,1.805,290.49315
75.67,1.805,290.5112
75.68,1.805,290.52925
75.69,1.805,290.5473
75.69,1.805,290.5473
75.7,1.805,290.56535
75.71,1.805,290.5834
75.72,1.805,290.60145
75.73,1.805,290.6195
75.74,1.805,290.63755
75.74,1.805,290.63755
75.75,1.805,290.6556
75.76,1.805,290.67365
75.77,1.805,290.6917
75.78,1.805,290.70975
75.79,1.805,290.7278
75.79,1.805,290.7278
75.8,1.806,290.74586
75.81,1.806,290.76392
75.82,1.806,290.78198
75.83,1.806,290.80004
75.84,1.806,290.8181
75.84,1.805,290.8181
75.85,1.805,290.83615
75.86,1.805,290.8542
75.87,1.805,290.87225
75.88,1.805,290.8903
75.89,1.805,290.90835
75.89,1.805,290.90835
75.9,1.805,290.9264
75.91,1.805,290.94445
75.92,1.806,290.96251
75.93,1.806,290.98057
75.94,1.806,290.99863
75.94,1.806,290.99863
75.95,1.805,291.01668
75.96,1.805,291.03473
75.97,1.805,291.05278
75.98,1.805,291.07083
75.99,1.805,291.08888
75.99,1.805,291.08888
76,1.805,291.10693
76.01,1.805,291.12498
76.02,1.805,291.14303
76.03,1.805,291.16108
76.04,1.805,291.17913
76.04,1.805,291.17913
76.05,1.805,291.19718
76.06,1.805,291.21523
76.07,1.805,291.23328
76.08,1.805,291.25133
76.09,1.805,291.26938
76.09,1.805,291.26938
76.1,1.805,291.28743
76.11,1.805,291.30548
76.12,1.806,291.32354
76.13,1.806,291.3416
76.14,1.806,291.35966
76.14,1.806,291.35966
76.15,1.806,291.37772
76.16,1.807,291.39579
76.17,1.807,291.41386
76.18,1.807,291.43193
76.18,1.807,291.43193
76.19,1.807,291.45
76.2,1.807,291.46807
76.21,1.808,291.48615
76.22,1.808,291.50423
76.23,1.808,291.52231
76.24,1.808,291.54039
76.24,1.807,291.54039
76.25,1.807,291.55846
76.26,1.807,291.57653
76.27,1.807,291.5946
76.28,1.807,291.61267
76.29,1.806,291.63073
76.29,1.806,291.63073
76.3,1.806,291.64879
76.31,1.806,291.66685
76.32,1.807,291.68492
76.33,1.807,291.70299
76.34,1.807,291.72106
76.34,1.807,291.72106
76.35,1.807,291.73913
76.36,1.806,291.75719
76.37,1.806,291.77525
76.38,1.806,291.79331
76.39,1.806,291.81137
76.39,1.806,291.81137
76.4,1.806,291.82943
76.41,1.806,291.84749
76.42,1.807,291.86556
76.43,1.807,291.88363
76.44,1.807,291.9017
76.44,1.806,291.9017
76.45,1.806,291.91976
76.46,1.806,291.93782
76.47,1.806,291.95588
76.48,1.806,291.97394
76.49,1.807,291.99201
76.49,1.807,291.99201
76.5,1.807,292.01008
76.51,1.807,292.02815
76.52,1.807,292.04622
76.53,1.807,292.06429
76.54,1.807,292.08236
76.54,1.807,292.08236
76.55,1.807,292.10043
76.56,1.808,292.11851
76.57,1.808,292.13659
76.58,1.808,292.15467
76.59,1.808,292.17275
76.59,1.808,292.17275
76.6,1.808,292.19083
76.61,1.807,292.2089
76.62,1.807,292.22697
76.63,1.807,292.24504
76.64,1.807,292.26311
76.64,1.807,292.26311
76.65,1.806,292.28117
76.66,1.806,292.29923
76.67,1.806,292.31729
76.68,1.806,292.33535
76.69,1.806,292.35341
76.69,1.806,292.35341
76.7,1.806,292.37147
76.71,1.806,292.38953
76.72,1.806,292.40759
76.73,1.806,292.42565
76.74,1.807,292.44372
76.74,1.807,292.44372
76.75,1.807,292.46179
76.76,1.807,292.47986
76.77,1.807,292.49793
76.78,1.807,292.516
76.79,1.807,292.53407
76.79,1.806,292.53407
76.8,1.806,292.55213
76.81,1.806,292.57019
76.82,1.806,292.58825
76.83,1.806,292.60631
76.84,1.806,292.62437
76.84,1.806,292.62437
76.85,1.806,292.64243
76.86,1.806,292.66049
76.87,1.806,292.67855
76.88,1.806,292.69661
76.89,1.807,292.71468
76.89,1.807,292.71468
76.9,1.808,292.73276
76.91,1.808,292.75084
76.92,1.808,292.76892
76.93,1.808,292.787
76.94,1.808,292.80508
76.94,1.808,292.80508
76.95,1.808,292.82316
76.96,1.808,292.84124
76.97,1.808,292.85932
76.98,1.808,292.8774
76.99,1.808,292.89548
76.99,1.808,292.89548
77,1.808,292.91356
77.01,1.808,292.93164
77.02,1.808,292.94972
77.03,1.808,292.9678
77.04,1.808,292.98588
77.04,1.808,292.98588
77.05,1.808,293.00396
77.06,1.809,293.02205
77.07,1.809,293.04014
77.08,1.809,293.05823
77.09,1.808,293.07631
77.09,1.808,293.07631
77.1,1.808,293.09439
77.11,1.808,293.11247
77.12,1.808,293.13055
77.13,1.808,293.14863
77.14,1.808,293.16671
77.14,1.809,293.16671
77.15,1.809,293.1848
77.16,1.809,293.20289
77.17,1.809,293.22098
77.18,1.809,293.23907
77.19,1.809,293.25716
77.19,1.809,293.25716
77.2,1.809,293.27525
77.21,1.809,293.29334
77.22,1.809,293.31143
77.23,1.808,293.32951
77.24,1.808,293.34759
77.24,1.808,293.34759
77.25,1.808,293.36567
77.26,1.808,293.38375
77.27,1.808,293.40183
77.28,1.808,293.41991
77.29,1.808,293.43799
77.29,1.808,293.43799
77.3,1.808,293.45607
77.31,1.808,293.47415
77.32,1.808,293.49223
77.33,1.808,293.51031
77.34,1.808,293.52839
77.35,1.808,293.54647
77.35,1.808,293.54647
77.36,1.809,293.56456
77.37,1.809,293.58265
77.38,1.809,293.60074
77.39,1.809,293.61883
77.4,1.809,293.63692
77.4,1.809,293.63692
77.41,1.809,293.65501
77.42,1.809,293.6731
77.43,1.809,293.69119
77.44,1.809,293.70928
77.45,1.809,293.72737
77.45,1.809,293.72737
77.46,1.81,293.74547
77.47,1.81,293.76357
77.48,1.81,293.78167
77.49,1.81,293.79977
77.5,1.81,293.81787
77.5,1.81,293.81787
77.51,1.81,293.83597
77.52,1.81,293.85407
77.53,1.81,293.87217
77.54,1.81,293.89027
77.54,1.81,293.89027
77.55,1.81,293.90837
77.56,1.809,293.92646
77.57,1.809,293.94455
77.58,1.809,293.96264
77.59,1.809,293.98073
77.6,1.809,293.99882
77.6,1.809,293.99882
77.61,1.81,294.01692
77.62,1.81,294.03502
77.63,1.81,294.05312
77.64,1.81,294.07122
77.64,1.81,294.07122
77.65,1.81,294.08932
77.66,1.81,294.10742
77.67,1.81,294.12552
77.68,1.81,294.14362
77.69,1.81,294.16172
77.69,1.81,294.16172
77.7,1.81,294.17982
77.71,1.81,294.19792
77.72,1.81,294.21602
77.73,1.811,294.23413
77.74,1.811,294.25224
77.75,1.811,294.27035
77.75,1.811,294.27035
77.76,1.811,294.28846
77.77,1.811,294.30657
77.78,1.811,294.32468
77.79,1.811,294.34279
77.79,1.811,294.34279
77.8,1.811,294.3609
77.81,1.811,294.37901
77.82,1.811,294.39712
77.83,1.811,294.41523
77.84,1.811,294.43334
77.85,1.812,294.45146
77.85,1.812,294.45146
77.86,1.812,294.46958
77.87,1.812,294.4877
77.88,1.813,294.50583
77.89,1.813,294.52396
77.89,1.813,294.52396
77.9,1.812,294.54208
77.91,1.812,294.5602
77.92,1.812,294.57832
77.93,1.812,294.59644
77.94,1.811,294.61455
77.95,1.811,294.63266
77.95,1.811,294.63266
77.96,1.811,294.65077
77.97,1.812,294.66889
77.98,1.812,294.68701
77.99,1.812,294.70513
77.99,1.812,294.70513
78,1.812,294.72325
78.01,1.812,294.74137
78.02,1.812,294.75949
78.03,1.812,294.77761
78.04,1.812,294.79573
78.05,1.812,294.81385
78.05,1.812,294.81385
78.06,1.812,294.83197
78.07,1.812,294.85009
78.08,1.812,294.86821
78.09,1.812,294.88633
78.1,1.812,294.90445
78.1,1.812,294.90445
78.11,1.812,294.92257
78.12,1.812,294.94069
78.13,1.812,294.95881
78.14,1.812,294.97693
78.14,1.812,294.97693
78.15,1.812,294.99505
78.16,1.812,295.01317
78.17,1.812,295.03129
78.18,1.812,295.04941
78.19,1.812,295.06753
78.2,1.813,295.08566
78.2,1.813,295.08566
78.21,1.812,295.10378
78.22,1.813,295.12191
78.23,1.813,295.14004
78.24,1.813,295.15817
78.25,1.813,295.1763
78.25,1.813,295.1763
78.26,1.813,295.19443
78.27,1.813,295.21256
78.28,1.813,295.23069
78.29,1.813,295.24882
78.3,1.813,295.26695
78.3,1.813,295.26695
78.31,1.814,295.28509
78.32,1.814,295.30323
78.33,1.814,295.32137
78.34,1.814,295.33951
78.35,1.814,295.35765
78.35,1.814,295.35765
78.36,1.814,295.37579
78.37,1.814,295.39393
78.38,1.814,295.41207
78.39,1.814,295.43021
78.39,1.813,295.43021
78.4,1.813,295.44834
78.41,1.813,295.46647
78.42,1.813,295.4846
78.43,1.813,295.50273
78.44,1.813,295.52086
78.44,1.813,295.52086
78.45,1.813,295.53899
78.46,1.813,295.55712
78.47,1.814,295.57526
78.48,1.814,295.5934
78.49,1.814,295.61154
78.49,1.813,295.61154
78.5,1.813,295.62967
78.51,1.813,295.6478
78.52,1.813,295.66593
78.53,1.813,295.68406
78.54,1.813,295.70219
78.55,1.813,295.72032
78.55,1.813,295.72032
78.56,1.813,295.73845
78.57,1.813,295.75658
78.58,1.814,295.77472
78.59,1.814,295.79286
78.59,1.814,295.79286
78.6,1.814,295.811
78.61,1.814,295.82914
78.62,1.814,295.84728
78.63,1.814,295.86542
78.64,1.814,295.88356
78.65,1.814,295.9017
78.65,1.815,295.9017
78.66,1.815,295.91985
78.67,1.815,295.938
78.68,1.815,295.95615
78.69,1.815,295.9743
78.69,1.815,295.9743
78.7,1.815,295.99245
78.71,1.814,296.01059
78.72,1.814,296.02873
78.73,1.814,296.04687
78.74,1.814,296.06501
78.75,1.814,296.08315
78.75,1.814,296.08315
78.76,1.814,296.10129
78.77,1.814,296.11943
78.78,1.814,296.13757
78.79,1.814,296.15571
78.79,1.814,296.15571
78.8,1.814,296.17385
78.81,1.814,296.19199
78.82,1.814,296.21013
78.83,1.814,296.22827
78.84,1.814,296.24641
78.84,1.814,296.24641
78.85,1.814,296.26455
78.86,1.814,296.28269
78.87,1.814,296.30083
78.88,1.813,296.31896
78.89,1.813,296.33709
78.89,1.813,296.33709
78.9,1.813,296.35522
78.91,1.813,296.37335
78.92,1.813,296.39148
78.93,1.813,296.40961
78.94,1.813,296.42774
78.95,1.813,296.44587
78.95,1.813,296.44587
78.96,1.814,296.46401
78.97,1.814,296.48215
78.98,1.813,296.50028
78.99,1.813,296.51841
78.99,1.813,296.51841
79,1.813,296.53654
79.01,1.813,296.55467
79.02,1.813,296.5728
79.03,1.813,296.59093
79.04,1.813,296.60906
79.04,1.813,296.60906
79.05,1.814,296.6272
79.06,1.814,296.64534
79.07,1.814,296.66348
79.08,1.814,296.68162
79.09,1.814,296.69976
79.09,1.814,296.69976
79.1,1.814,296.7179
79.11,1.814,296.73604
79.12,1.814,296.75418
79.13,1.814,296.77232
79.14,1.814,296.79046
79.14,1.814,296.79046
79.15,1.814,296.8086
79.16,1.814,296.82674
79.17,1.814,296.84488
79.18,1.814,296.86302
79.19,1.813,296.88115
79.19,1.813,296.88115
79.2,1.813,296.89928
79.21,1.813,296.91741
79.22,1.813,296.93554
79.23,1.813,296.95367
79.24,1.813,296.9718
79.24,1.813,296.9718
79.25,1.814,296.98994
79.26,1.814,297.00808
79.27,1.814,297.02622
79.28,1.814,297.04436
79.29,1.814,297.0625
79.29,1.814,297.0625
79.3,1.814,297.08064
79.31,1.813,297.09877
79.32,1.813,297.1169
79.33,1.813,297.13503
79.34,1.813,297.15316
79.34,1.814,297.15316
79.35,1.814,297.1713
79.36,1.814,297.18944
79.37,1.814,297.20758
79.38,1.813,297.22571
79.39,1.813,297.24384
79.39,1.813,297.24384
79.4,1.813,297.26197
79.41,1.813,297.2801
79.42,1.813,297.29823
79.43,1.814,297.31637
79.44,1.814,297.33451
79.44,1.814,297.33451
79.45,1.814,297.35265
79.46,1.814,297.37079
79.47,1.813,297.38892
79.48,1.813,297.40705
79.49,1.813,297.42518
79.49,1.813,297.42518
79.5,1.814,297.44332
79.51,1.814,297.46146
79.52,1.814,297.4796
79.53,1.814,297.49774
79.54,1.815,297.51589
79.54,1.815,297.51589
79.55,1.815,297.53404
79.56,1.815,297.55219
79.57,1.815,297.57034
79.58,1.815,297.58849
79.59,1.815,297.60664
79.6,1.814,297.62478
79.6,1.814,297.62478
79.61,1.814,297.64292
79.62,1.814,297.66106
79.63,1.814,297.6792
79.64,1.814,297.69734
79.64,1.814,297.69734
79.65,1.814,297.71548
79.66,1.814,297.73362
79.67,1.814,297.75176
79.68,1.814,297.7699
79.69,1.814,297.78804
79.69,1.814,297.78804
79.7,1.815,297.80619
79.71,1.815,297.82434
79.72,1.815,297.84249
79.73,1.815,297.86064
79.74,1.815,297.87879
79.74,1.815,297.87879
79.75,1.815,297.89694
79.76,1.815,297.91509
79.77,1.815,297.93324
79.78,1.815,297.95139
79.79,1.815,297.96954
79.79,1.815,297.96954
79.8,1.815,297.98769
79.81,1.815,298.00584
79.82,1.815,298.02399
79.83,1.815,298.04214
79.84,1.815,298.06029
79.84,1.815,298.06029
79.85,1.815,298.07844
79.86,1.815,298.09659
79.87,1.814,298.11473
79.88,1.814,298.13287
79.89,1.815,298.15102
79.9,1.815,298.16917
79.9,1.815,298.16917
79.91,1.815,298.18732
79.92,1.815,298.20547
79.93,1.815,298.22362
79.94,1.815,298.24177
79.94,1.816,298.24177
79.95,1.816,298.25993
79.96,1.816,298.27809
79.97,1.815,298.29624
79.98,1.815,298.31439
79.99,1.815,298.33254
79.99,1.816,298.33254
80,1.816,298.3507
80.01,1.815,298.36885
80.02,1.815,298.387
80.03,1.815,298.40515
80.04,1.815,298.4233
80.04,1.815,298.4233
80.05,1.815,298.44145
80.06,1.814,298.45959
80.07,1.814,298.47773
80.08,1.815,298.49588
80.09,1.815,298.51403
80.1,1.815,298.53218
80.1,1.815,298.53218
80.11,1.815,298.55033
80.12,1.815,298.56848
80.13,1.815,298.58663
80.14,1.815,298.60478
80.15,1.815,298.62293
80.15,1.816,298.62293
80.16,1.815,298.64108
80.17,1.815,298.65923
80.18,1.815,298.67738
80.19,1.815,298.69553
80.19,1.816,298.69553
80.2,1.816,298.71369
80.21,1.816,298.73185
80.22,1.816,298.75001
80.23,1.816,298.76817
80.24,1.816,298.78633
80.24,1.816,298.78633
80.25,1.816,298.80449
80.26,1.815,298.82264
80.27,1.815,298.84079
80.28,1.815,298.85894
80.29,1.815,298.87709
80.29,1.816,298.87709
80.3,1.816,298.89525
80.31,1.816,298.91341
80.32,1.816,298.93157
80.33,1.816,298.94973
80.34,1.816,298.96789
80.35,1.816,298.98605
80.35,1.815,298.98605
80.36,1.815,299.0042
80.37,1.815,299.02235
80.38,1.815,299.0405
80.39,1.815,299.05865
80.4,1.815,299.0768
80.4,1.816,299.0768
80.41,1.816,299.09496
80.42,1.816,299.11312
80.43,1.816,299.13128
80.44,1.816,299.14944
80.44,1.816,299.14944
80.45,1.816,299.1676
80.46,1.816,299.18576
80.47,1.816,299.20392
80.48,1.816,299.22208
80.49,1.816,299.24024
80.49,1.816,299.24024
80.5,1.816,299.2584
80.51,1.815,299.27655
80.52,1.815,299.2947
80.53,1.815,299.31285
80.54,1.815,299.331
80.55,1.815,299.34915
80.55,1.815,299.34915
80.56,1.815,299.3673
80.57,1.815,299.38545
80.58,1.816,299.40361
80.59,1.816,299.42177
80.6,1.816,299.43993
80.6,1.816,299.43993
80.61,1.817,299.4581
80.62,1.817,299.47627
80.63,1.817,299.49444
80.64,1.817,299.51261
80.65,1.817,299.53078
80.65,1.817,299.53078
80.66,1.817,299.54895
80.67,1.817,299.56712
80.68,1.817,299.58529
80.69,1.816,299.60345
80.7,1.816,299.62161
80.7,1.816,299.62161
80.71,1.816,299.63977
80.72,1.816,299.65793
80.73,1.816,299.67609
80.74,1.817,299.69426
80.74,1.817,299.69426
80.75,1.817,299.71243
80.76,1.817,299.7306
80.77,1.817,299.74877
80.78,1.817,299.76694
80.79,1.817,299.78511
80.8,1.817,299.80328
80.8,1.817,299.80328
80.81,1.817,299.82145
80.82,1.817,299.83962
80.83,1.817,299.85779
80.84,1.817,299.87596
80.84,1.818,299.87596
80.85,1.818,299.89414
80.86,1.818,299.91232
80.87,1.819,299.93051
80.88,1.819,299.9487
80.89,1.819,299.96689
80.9,1.819,299.98508
80.9,1.819,299.98508
80.91,1.819,300.00327
80.92,1.819,300.02146
80.93,1.819,300.03965
80.94,1.819,300.05784
80.95,1.819,300.07603
80.95,1.818,300.07603
80.96,1.818,300.09421
80.97,1.818,300.11239
80.98,1.818,300.13057
80.99,1.818,300.14875
81,1.818,300.16693
81,1.818,300.16693
81.01,1.818,300.18511
81.02,1.818,300.20329
81.03,1.818,300.22147
81.04,1.818,300.23965
81.05,1.818,300.25783
81.05,1.818,300.25783
81.06,1.818,300.27601
81.07,1.819,300.2942
81.08,1.819,300.31239
81.09,1.819,300.33058
81.1,1.819,300.34877
81.1,1.819,300.34877
81.11,1.819,300.36696
81.12,1.819,300.38515
81.13,1.819,300.40334
81.14,1.819,300.42153
81.15,1.818,300.43971
81.15,1.818,300.43971
81.16,1.818,300.45789
81.17,1.818,300.47607
81.18,1.818,300.49425
81.19,1.819,300.51244
81.19,1.819,300.51244
81.2,1.819,300.53063
81.21,1.82,300.54883
81.22,1.82,300.56703
81.23,1.82,300.58523
81.24,1.82,300.60343
81.25,1.821,300.62164
81.25,1.821,300.62164
81.26,1.821,300.63985
81.27,1.821,300.65806
81.28,1.821,300.67627
81.29,1.821,300.69448
81.3,1.82,300.71268
81.3,1.82,300.71268
81.31,1.82,300.73088
81.32,1.82,300.74908
81.33,1.82,300.76728
81.34,1.82,300.78548
81.35,1.821,300.80369
81.35,1.821,300.80369
81.36,1.821,300.8219
81.37,1.821,300.84011
81.38,1.822,300.85833
81.39,1.822,300.87655
81.39,1.821,300.87655
81.4,1.821,300.89476
81.41,1.821,300.91297
81.42,1.821,300.93118
81.43,1.821,300.94939
81.44,1.821,300.9676
81.45,1.821,300.98581
81.45,1.822,300.98581
81.46,1.822,301.00403
81.47,1.822,301.02225
81.48,1.822,301.04047
81.49,1.822,301.05869
81.5,1.822,301.07691
81.5,1.822,301.07691
81.51,1.822,301.09513
81.52,1.821,301.11334
81.53,1.821,301.13155
81.54,1.821,301.14976
81.55,1.82,301.16796
81.55,1.82,301.16796
81.56,1.82,301.18616
81.57,1.82,301.20436
81.58,1.82,301.22256
81.59,1.82,301.24076
81.59,1.82,301.24076
81.6,1.821,301.25897
81.61,1.821,301.27718
81.62,1.821,301.29539
81.63,1.821,301.3136
81.64,1.821,301.33181
81.64,1.821,301.33181
81.65,1.821,301.35002
81.66,1.82,301.36822
81.67,1.82,301.38642
81.68,1.82,301.40462
81.69,1.82,301.42282
81.7,1.82,301.44102
81.7,1.82,301.44102
81.71,1.82,301.45922
81.72,1.821,301.47743
81.73,1.821,301.49564
81.74,1.821,301.51385
81.75,1.821,301.53206
81.75,1.821,301.53206
81.76,1.82,301.55026
81.77,1.82,301.56846
81.78,1.82,301.58666
81.79,1.82,301.60486
81.8,1.82,301.62306
81.8,1.82,301.62306
81.81,1.82,301.64126
81.82,1.82,301.65946
81.83,1.82,301.67766
81.84,1.82,301.69586
81.84,1.82,301.69586
81.85,1.821,301.71407
81.86,1.821,301.73228
81.87,1.821,301.75049
81.88,1.821,301.7687
81.89,1.821,301.78691
81.9,1.821,301.80512
81.9,1.821,301.80512
81.91,1.82,301.82332
81.92,1.82,301.84152
81.93,1.82,301.85972
81.94,1.82,301.87792
81.95,1.821,301.89613
81.95,1.821,301.89613
81.96,1.821,301.91434
81.97,1.821,301.93255
81.98,1.822,301.95077
81.99,1.822,301.96899
82,1.822,301.98721
82,1.822,301.98721
82.01,1.822,302.00543
82.02,1.822,302.02365
82.03,1.823,302.04188
82.04,1.823,302.06011
82.04,1.823,302.06011
82.05,1.823,302.07834
82.06,1.823,302.09657
82.07,1.823,302.1148
82.08,1.823,302.13303
82.09,1.823,302.15126
82.1,1.823,302.16949
82.1,1.823,302.16949
82.11,1.823,302.18772
82.12,1.823,302.20595
82.13,1.823,302.22418
82.14,1.823,302.24241
82.14,1.823,302.24241
82.15,1.824,302.26065
82.16,1.824,302.27889
82.17,1.824,302.29713
82.18,1.823,302.31536
82.19,1.823,302.33359
82.2,1.823,302.35182
82.2,1.822,302.35182
82.21,1.822,302.37004
82.22,1.822,302.38826
82.23,1.822,302.40648
82.24,1.822,302.4247
82.25,1.822,302.44292
82.25,1.822,302.44292
82.26,1.822,302.46114
82.27,1.823,302.47937
82.28,1.823,302.4976
82.29,1.823,302.51583
82.3,1.824,302.53407
82.3,1.824,302.53407
82.31,1.824,302.55231
82.32,1.824,302.57055
82.33,1.824,302.58879
82.34,1.824,302.60703
82.35,1.824,302.62527
82.35,1.824,302.62527
82.36,1.823,302.6435
82.37,1.823,302.66173
82.38,1.823,302.67996
82.39,1.823,302.69819
82.4,1.823,302.71642
82.4,1.823,302.71642
82.41,1.824,302.73466
82.42,1.824,302.7529
82.43,1.824,302.77114
82.44,1.824,302.78938
82.45,1.824,302.80762
82.46,1.824,302.82586
82.46,1.824,302.82586
82.47,1.823,302.84409
82.48,1.823,302.86232
82.49,1.823,302.88055
82.5,1.823,302.89878
82.5,1.823,302.89878
82.51,1.823,302.91701
82.52,1.823,302.93524
82.53,1.823,302.95347
82.54,1.823,302.9717
82.54,1.824,302.9717
82.55,1.824,302.98994
82.56,1.824,303.00818
82.57,1.825,303.02643
82.58,1.825,303.04468
82.59,1.825,303.06293
82.6,1.825,303.08118
82.6,1.825,303.08118
82.61,1.824,303.09942
82.62,1.824,303.11766
82.63,1.824,303.1359
82.64,1.824,303.15414
82.64,1.824,303.15414
82.65,1.824,303.17238
82.66,1.824,303.19062
82.67,1.824,303.20886
82.68,1.824,303.2271
82.69,1.824,303.24534
82.7,1.824,303.26358
82.7,1.824,303.26358
82.71,1.824,303.28182
82.72,1.824,303.30006
82.73,1.824,303.3183
82.74,1.824,303.33654
82.74,1.824,303.33654
82.75,1.824,303.35478
82.76,1.824,303.37302
82.77,1.824,303.39126
82.78,1.824,303.4095
82.79,1.824,303.42774
82.8,1.824,303.44598
82.8,1.824,303.44598
82.81,1.824,303.46422
82.82,1.824,303.48246
82.83,1.824,303.5007
82.84,1.824,303.51894
82.84,1.824,303.51894
82.85,1.824,303.53718
82.86,1.824,303.55542
82.87,1.824,303.57366
82.88,1.824,303.5919
82.89,1.824,303.61014
82.9,1.824,303.62838
82.9,1.824,303.62838
82.91,1.824,303.64662
82.92,1.824,303.66486
82.93,1.824,303.6831
82.94,1.824,303.70134
82.95,1.824,303.71958
82.95,1.824,303.71958
82.96,1.824,303.73782
82.97,1.824,303.75606
82.98,1.824,303.7743
82.99,1.824,303.79254
83,1.824,303.81078
83,1.824,303.81078
83.01,1.824,303.82902
83.02,1.824,303.84726
83.03,1.824,303.8655
83.04,1.824,303.88374
83.05,1.824,303.90198
83.05,1.824,303.90198
83.06,1.824,303.92022
83.07,1.824,303.93846
83.08,1.825,303.95671
83.09,1.825,303.97496
83.09,1.825,303.97496
83.1,1.825,303.99321
83.11,1.824,304.01145
83.12,1.824,304.02969
83.13,1.824,304.04793
83.14,1.824,304.06617
83.15,1.824,304.08441
83.15,1.824,304.08441
83.16,1.824,304.10265
83.17,1.825,304.1209
83.18,1.825,304.13915
83.19,1.825,304.1574
83.2,1.825,304.17565
83.2,1.825,304.17565
83.21,1.825,304.1939
83.22,1.825,304.21215
83.23,1.825,304.2304
83.24,1.825,304.24865
83.24,1.825,304.24865
83.25,1.825,304.2669
83.26,1.824,304.28514
83.27,1.824,304.30338
83.28,1.824,304.32162
83.29,1.824,304.33986
83.3,1.824,304.3581
83.3,1.824,304.3581
83.31,1.824,304.37634
83.32,1.824,304.39458
83.33,1.824,304.41282
83.34,1.824,304.43106
83.35,1.824,304.4493
83.35,1.824,304.4493
83.36,1.824,304.46754
83.37,1.824,304.48578
83.38,1.824,304.50402
83.39,1.824,304.52226
83.4,1.825,304.54051
83.4,1.825,304.54051
83.41,1.825,304.55876
83.42,1.825,304.57701
83.43,1.825,304.59526
83.44,1.825,304.61351
83.45,1.825,304.63176
83.45,1.825,304.63176
83.46,1.825,304.65001
83.47,1.825,304.66826
83.48,1.825,304.68651
83.49,1.825,304.70476
83.5,1.825,304.72301
83.5,1.826,304.72301
83.51,1.826,304.74127
83.52,1.826,304.75953
83.53,1.826,304.77779
83.54,1.826,304.79605
83.55,1.826,304.81431
83.55,1.826,304.81431
83.56,1.826,304.83257
83.57,1.826,304.85083
83.58,1.825,304.86908
83.59,1.825,304.88733
83.59,1.825,304.88733
83.6,1.825,304.90558
83.61,1.825,304.92383
83.62,1.825,304.94208
83.63,1.825,304.96033
83.64,1.825,304.97858
83.65,1.825,304.99683
83.65,1.826,304.99683
83.66,1.826,305.01509
83.67,1.826,305.03335
83.68,1.826,305.05161
83.69,1.826,305.06987
83.69,1.826,305.06987
83.7,1.826,305.08813
83.71,1.826,305.10639
83.72,1.826,305.12465
83.73,1.826,305.14291
83.74,1.826,305.16117
83.74,1.826,305.16117
83.75,1.826,305.17943
83.76,1.826,305.19769
83.77,1.826,305.21595
83.78,1.826,305.23421
83.79,1.826,305.25247
83.8,1.826,305.27073
83.8,1.826,305.27073
83.81,1.826,305.28899
83.82,1.826,305.30725
83.83,1.826,305.32551
83.84,1.826,305.34377
83.84,1.826,305.34377
83.85,1.826,305.36203
83.86,1.826,305.38029
83.87,1.826,305.39855
83.88,1.826,305.41681
83.89,1.826,305.43507
83.9,1.826,305.45333
83.9,1.826,305.45333
83.91,1.826,305.47159
83.92,1.826,305.48985
83.93,1.826,305.50811
83.94,1.826,305.52637
83.94,1.826,305.52637
83.95,1.827,305.54464
83.96,1.827,305.56291
83.97,1.826,305.58117
83.98,1.826,305.59943
83.99,1.826,305.61769
83.99,1.826,305.61769
84,1.826,305.63595
84.01,1.826,305.65421
84.02,1.826,305.67247
84.03,1.826,305.69073
84.04,1.826,305.70899
84.05,1.826,305.72725
84.05,1.826,305.72725
84.06,1.826,305.74551
84.07,1.826,305.76377
84.08,1.826,305.78203
84.09,1.826,305.80029
84.1,1.826,305.81855
84.1,1.826,305.81855
84.11,1.826,305.83681
84.12,1.826,305.85507
84.13,1.826,305.87333
84.14,1.826,305.89159
84.14,1.826,305.89159
84.15,1.826,305.90985
84.16,1.826,305.92811
84.17,1.826,305.94637
84.18,1.826,305.96463
84.19,1.826,305.98289
84.2,1.826,306.00115
84.2,1.826,306.00115
84.21,1.826,306.01941
84.22,1.827,306.03768
84.23,1.827,306.05595
84.24,1.827,306.07422
84.25,1.827,306.09249
84.25,1.827,306.09249
84.26,1.827,306.11076
84.27,1.827,306.12903
84.28,1.827,306.1473
84.29,1.827,306.16557
84.3,1.828,306.18385
84.3,1.828,306.18385
84.31,1.828,306.20213
84.32,1.828,306.22041
84.33,1.828,306.23869
84.34,1.828,306.25697
84.35,1.828,306.27525
84.35,1.827,306.27525
84.36,1.827,306.29352
84.37,1.827,306.31179
84.38,1.827,306.33006
84.39,1.827,306.34833
84.4,1.828,306.36661
84.4,1.828,306.36661
84.41,1.828,306.38489
84.42,1.828,306.40317
84.43,1.828,306.42145
84.44,1.827,306.43972
84.45,1.827,306.45799
84.45,1.827,306.45799
84.46,1.827,306.47626
84.47,1.827,306.49453
84.48,1.827,306.5128
84.49,1.827,306.53107
84.5,1.827,306.54934
84.5,1.828,306.54934
84.51,1.828,306.56762
84.52,1.828,306.5859
84.53,1.828,306.60418
84.54,1.829,306.62247
84.55,1.829,306.64076
84.55,1.829,306.64076
84.56,1.829,306.65905
84.57,1.828,306.67733
84.58,1.828,306.69561
84.59,1.828,306.71389
84.6,1.828,306.73217
84.6,1.828,306.73217
84.61,1.828,306.75045
84.62,1.828,306.76873
84.63,1.829,306.78702
84.64,1.829,306.80531
84.65,1.829,306.8236
84.65,1.829,306.8236
84.66,1.829,306.84189
84.67,1.829,306.86018
84.68,1.829,306.87847
84.69,1.829,306.89676
84.7,1.829,306.91505
84.7,1.829,306.91505
84.71,1.829,306.93334
84.72,1.829,306.95163
84.73,1.829,306.96992
84.74,1.829,306.98821
84.75,1.829,307.0065
84.75,1.829,307.0065
84.76,1.829,307.02479
84.77,1.829,307.04308
84.78,1.829,307.06137
84.79,1.829,307.07966
84.8,1.829,307.09795
84.8,1.829,307.09795
84.81,1.829,307.11624
84.82,1.829,307.13453
84.83,1.829,307.15282
84.84,1.829,307.17111
84.85,1.829,307.1894
84.85,1.829,307.1894
84.86,1.829,307.20769
84.87,1.829,307.22598
84.88,1.829,307.24427
84.89,1.83,307.26257
84.9,1.83,307.28087
84.9,1.83,307.28087
84.91,1.83,307.29917
84.92,1.83,307.31747
84.93,1.83,307.33577
84.94,1.83,307.35407
84.95,1.83,307.37237
84.95,1.83,307.37237
84.96,1.83,307.39067
84.97,1.83,307.40897
84.98,1.83,307.42727
84.99,1.83,307.44557
85,1.83,307.46387
85,1.83,307.46387
85.01,1.829,307.48216
85.02,1.829,307.50045
85.03,1.829,307.51874
85.04,1.829,307.53703
85.05,1.829,307.55532
85.05,1.829,307.55532
85.06,1.83,307.57362
85.07,1.83,307.59192
85.08,1.83,307.61022
85.09,1.83,307.62852
85.1,1.83,307.64682
85.1,1.83,307.64682
85.11,1.83,307.66512
85.12,1.83,307.68342
85.13,1.83,307.70172
85.14,1.83,307.72002
85.15,1.83,307.73832
85.15,1.83,307.73832
85.16,1.831,307.75663
85.17,1.831,307.77494
85.18,1.831,307.79325
85.19,1.831,307.81156
85.2,1.831,307.82987
85.2,1.831,307.82987
85.21,1.831,307.84818
85.22,1.831,307.86649
85.23,1.831,307.8848
85.24,1.831,307.90311
85.25,1.831,307.92142
85.25,1.831,307.92142
85.26,1.831,307.93973
85.27,1.831,307.95804
85.28,1.831,307.97635
85.29,1.831,307.99466
85.3,1.831,308.01297
85.3,1.831,308.01297
85.31,1.83,308.03127
85.32,1.83,308.04957
85.33,1.83,308.06787
85.34,1.83,308.08617
85.35,1.83,308.10447
85.35,1.83,308.10447
85.36,1.83,308.12277
85.37,1.831,308.14108
85.38,1.831,308.15939
85.39,1.831,308.1777
85.4,1.831,308.19601
85.4,1.831,308.19601
85.41,1.831,308.21432
85.42,1.831,308.23263
85.43,1.831,308.25094
85.44,1.831,308.26925
85.45,1.831,308.28756
85.45,1.831,308.28756
85.46,1.831,308.30587
85.47,1.831,308.32418
85.48,1.831,308.34249
85.49,1.831,308.3608
85.5,1.832,308.37912
85.5,1.832,308.37912
85.51,1.831,308.39743
85.52,1.831,308.41574
85.53,1.831,308.43405
85.54,1.831,308.45236
85.55,1.83,308.47066
85.55,1.83,308.47066
85.56,1.83,308.48896
85.57,1.831,308.50727
85.58,1.831,308.52558
85.59,1.831,308.54389
85.6,1.832,308.56221
85.6,1.832,308.56221
85.61,1.832,308.58053
85.62,1.832,308.59885
85.63,1.832,308.61717
85.64,1.832,308.63549
85.65,1.832,308.65381
85.65,1.831,308.65381
85.66,1.831,308.67212
85.67,1.831,308.69043
85.68,1.831,308.70874
85.69,1.831,308.72705
85.69,1.831,308.72705
85.7,1.831,308.74536
85.71,1.831,308.76367
85.72,1.831,308.78198
85.73,1.831,308.80029
85.74,1.831,308.8186
85.75,1.831,308.83691
85.75,1.831,308.83691
85.76,1.831,308.85522
85.77,1.831,308.87353
85.78,1.831,308.89184
85.79,1.831,308.91015
85.8,1.831,308.92846
85.8,1.831,308.92846
85.81,1.831,308.94677
85.82,1.831,308.96508
85.83,1.831,308.98339
85.84,1.831,309.0017
85.85,1.831,309.02001
85.85,1.831,309.02001
85.86,1.831,309.03832
85.87,1.832,309.05664
85.88,1.832,309.07496
85.89,1.832,309.09328
85.9,1.832,309.1116
85.9,1.832,309.1116
85.91,1.832,309.12992
85.92,1.832,309.14824
85.93,1.832,309.16656
85.94,1.832,309.18488
85.95,1.832,309.2032
85.95,1.831,309.2032
85.96,1.831,309.22151
85.97,1.831,309.23982
85.98,1.831,309.25813
85.99,1.83,309.27643
86,1.83,309.29473
86,1.831,309.29473
86.01,1.831,309.31304
86.02,1.831,309.33135
86.03,1.831,309.34966
86.04,1.832,309.36798
86.05,1.832,309.3863
86.05,1.832,309.3863
86.06,1.832,309.40462
86.07,1.832,309.42294
86.08,1.832,309.44126
86.09,1.832,309.45958
86.1,1.832,309.4779
86.1,1.833,309.4779
86.11,1.833,309.49623
86.12,1.833,309.51456
86.13,1.833,309.53289
86.14,1.833,309.55122
86.15,1.833,309.56955
86.15,1.832,309.56955
86.16,1.832,309.58787
86.17,1.832,309.60619
86.18,1.832,309.62451
86.19,1.832,309.64283
86.2,1.832,309.66115
86.2,1.831,309.66115
86.21,1.831,309.67946
86.22,1.831,309.69777
86.23,1.831,309.71608
86.24,1.831,309.73439
86.25,1.831,309.7527
86.25,1.832,309.7527
86.26,1.832,309.77102
86.27,1.832,309.78934
86.28,1.832,309.80766
86.29,1.833,309.82599
86.3,1.833,309.84432
86.3,1.833,309.84432
86.31,1.833,309.86265
86.32,1.833,309.88098
86.33,1.833,309.89931
86.34,1.833,309.91764
86.35,1.833,309.93597
86.36,1.833,309.9543
86.36,1.833,309.9543
86.37,1.833,309.97263
86.38,1.833,309.99096
86.39,1.834,310.0093
86.4,1.834,310.02764
86.4,1.834,310.02764
86.41,1.834,310.04598
86.42,1.834,310.06432
86.43,1.834,310.08266
86.44,1.834,310.101
86.45,1.834,310.11934
86.45,1.834,310.11934
86.46,1.834,310.13768
86.47,1.834,310.15602
86.48,1.834,310.17436
86.49,1.834,310.1927
86.5,1.834,310.21104
86.51,1.834,310.22938
86.51,1.834,310.22938
86.52,1.834,310.24772
86.53,1.834,310.26606
86.54,1.835,310.28441
86.55,1.835,310.30276
86.55,1.835,310.30276
86.56,1.835,310.32111
86.57,1.835,310.33946
86.58,1.836,310.35782
86.59,1.835,310.37617
86.6,1.835,310.39452
86.6,1.835,310.39452
86.61,1.835,310.41287
86.62,1.835,310.43122
86.63,1.835,310.44957
86.64,1.835,310.46792
86.65,1.835,310.48627
86.66,1.835,310.50462
86.66,1.835,310.50462
86.67,1.835,310.52297
86.68,1.835,310.54132
86.69,1.835,310.55967
86.7,1.835,310.57802
86.7,1.835,310.57802
86.71,1.835,310.59637
86.72,1.836,310.61473
86.73,1.836,310.63309
86.74,1.836,310.65145
86.75,1.837,310.66982
86.75,1.837,310.66982
86.76,1.837,310.68819
86.77,1.837,310.70656
86.78,1.838,310.72494
86.79,1.838,310.74332
86.8,1.838,310.7617
86.8,1.838,310.7617
86.81,1.838,310.78008
86.82,1.838,310.79846
86.83,1.838,310.81684
86.84,1.838,310.83522
86.85,1.838,310.8536
86.85,1.839,310.8536
86.86,1.839,310.87199
86.87,1.839,310.89038
86.88,1.839,310.90877
86.89,1.839,310.92716
86.9,1.839,310.94555
86.9,1.839,310.94555
86.91,1.838,310.96393
86.92,1.838,310.98231
86.93,1.838,311.00069
86.94,1.838,311.01907
86.95,1.838,311.03745
86.95,1.838,311.03745
86.96,1.838,311.05583
86.97,1.839,311.07422
86.98,1.839,311.09261
86.99,1.839,311.111
87,1.839,311.12939
87,1.839,311.12939
87.01,1.84,311.14779
87.02,1.839,311.16618
87.03,1.84,311.18458
87.04,1.84,311.20298
87.05,1.839,311.22137
87.05,1.839,311.22137
87.06,1.84,311.23977
87.07,1.84,311.25817
87.08,1.84,311.27657
87.09,1.839,311.29496
87.1,1.839,311.31335
87.1,1.839,311.31335
87.11,1.839,311.33174
87.12,1.839,311.35013
87.13,1.839,311.36852
87.14,1.839,311.38691
87.15,1.84,311.40531
87.15,1.84,311.40531
87.16,1.84,311.42371
87.17,1.84,311.44211
87.18,1.84,311.46051
87.19,1.84,311.47891
87.2,1.84,311.49731
87.2,1.84,311.49731
87.21,1.84,311.51571
87.22,1.84,311.53411
87.23,1.84,311.55251
87.24,1.84,311.57091
87.25,1.84,311.58931
87.25,1.84,311.58931
87.26,1.84,311.60771
87.27,1.84,311.62611
87.28,1.84,311.64451
87.29,1.839,311.6629
87.3,1.839,311.68129
87.3,1.839,311.68129
87.31,1.839,311.69968
87.32,1.839,311.71807
87.33,1.839,311.73646
87.34,1.839,311.75485
87.35,1.84,311.77325
87.35,1.84,311.77325
87.36,1.84,311.79165
87.37,1.84,311.81005
87.38,1.84,311.82845
87.39,1.84,311.84685
87.39,1.839,311.84685
87.4,1.839,311.86524
87.41,1.839,311.88363
87.42,1.839,311.90202
87.43,1.839,311.92041
87.44,1.84,311.93881
87.45,1.84,311.95721
87.45,1.84,311.95721
87.46,1.84,311.97561
87.47,1.84,311.99401
87.48,1.84,312.01241
87.49,1.839,312.0308
87.5,1.839,312.04919
87.5,1.839,312.04919
87.51,1.839,312.06758
87.52,1.839,312.08597
87.53,1.839,312.10436
87.54,1.84,312.12276
87.55,1.84,312.14116
87.55,1.839,312.14116
87.56,1.839,312.15955
87.57,1.839,312.17794
87.58,1.839,312.19633
87.59,1.839,312.21472
87.6,1.839,312.23311
87.6,1.839,312.23311
87.61,1.839,312.2515
87.62,1.839,312.26989
87.63,1.839,312.28828
87.64,1.839,312.30667
87.65,1.839,312.32506
87.65,1.839,312.32506
87.66,1.84,312.34346
87.67,1.84,312.36186
87.68,1.84,312.38026
87.69,1.84,312.39866
87.7,1.839,312.41705
87.7,1.839,312.41705
87.71,1.839,312.43544
87.72,1.839,312.45383
87.73,1.839,312.47222
87.74,1.839,312.49061
87.74,1.838,312.49061
87.75,1.838,312.50899
87.76,1.838,312.52737
87.77,1.838,312.54575
87.78,1.838,312.56413
87.79,1.838,312.58251
87.8,1.838,312.60089
87.8,1.838,312.60089
87.81,1.838,312.61927
87.82,1.838,312.63765
87.83,1.838,312.65603
87.84,1.839,312.67442
87.85,1.839,312.69281
87.85,1.839,312.69281
87.86,1.838,312.71119
87.87,1.838,312.72957
87.88,1.838,312.74795
87.89,1.838,312.76633
87.9,1.837,312.7847
87.9,1.837,312.7847
87.91,1.837,312.80307
87.92,1.837,312.82144
87.93,1.837,312.83981
87.94,1.837,312.85818
87.94,1.838,312.85818
87.95,1.838,312.87656
87.96,1.838,312.89494
87.97,1.838,312.91332
87.98,1.838,312.9317
87.99,1.839,312.95009
88,1.839,312.96848
88,1.839,312.96848
88.01,1.839,312.98687
88.02,1.839,313.00526
88.03,1.839,313.02365
88.04,1.839,313.04204
88.05,1.839,313.06043
88.05,1.839,313.06043
88.06,1.839,313.07882
88.07,1.839,313.09721
88.08,1.839,313.1156
88.09,1.839,313.13399
88.09,1.839,313.13399
88.1,1.838,313.15237
88.11,1.838,313.17075
88.12,1.838,313.18913
88.13,1.838,313.20751
88.14,1.838,313.22589
88.15,1.838,313.24427
88.15,1.838,313.24427
88.16,1.838,313.26265
88.17,1.838,313.28103
88.18,1.838,313.29941
88.19,1.838,313.31779
88.2,1.838,313.33617
88.2,1.838,313.33617
88.21,1.838,313.35455
88.22,1.838,313.37293
88.23,1.838,313.39131
88.24,1.838,313.40969
88.25,1.838,313.42807
88.25,1.838,313.42807
88.26,1.838,313.44645
88.27,1.838,313.46483
88.28,1.838,313.48321
88.29,1.838,313.50159
88.3,1.838,313.51997
88.3,1.838,313.51997
88.31,1.838,313.53835
88.32,1.838,313.55673
88.33,1.838,313.57511
88.34,1.838,313.59349
88.35,1.839,313.61188
88.35,1.839,313.61188
88.36,1.839,313.63027
88.37,1.839,313.64866
88.38,1.839,313.66705
88.39,1.839,313.68544
88.4,1.839,313.70383
88.4,1.839,313.70383
88.41,1.839,313.72222
88.42,1.839,313.74061
88.43,1.839,313.759
88.44,1.839,313.77739
88.45,1.838,313.79577
88.45,1.838,313.79577
88.46,1.838,313.81415
88.47,1.838,313.83253
88.48,1.839,313.85092
88.49,1.839,313.86931
88.5,1.839,313.8877
88.5,1.839,313.8877
88.51,1.839,313.90609
88.52,1.84,313.92449
88.53,1.84,313.94289
88.54,1.839,313.96128
88.55,1.839,313.97967
88.55,1.839,313.97967
88.56,1.839,313.99806
88.57,1.839,314.01645
88.58,1.839,314.03484
88.59,1.839,314.05323
88.6,1.839,314.07162
88.6,1.839,314.07162
88.61,1.839,314.09001
88.62,1.839,314.1084
88.63,1.838,314.12678
88.64,1.838,314.14516
88.65,1.839,314.16355
88.65,1.839,314.16355
88.66,1.839,314.18194
88.67,1.839,314.20033
88.68,1.839,314.21872
88.69,1.84,314.23712
88.69,1.84,314.23712
88.7,1.84,314.25552
88.71,1.84,314.27392
88.72,1.841,314.29233
88.73,1.841,314.31074
88.74,1.84,314.32914
88.74,1.84,314.32914
88.75,1.84,314.34754
88.76,1.84,314.36594
88.77,1.84,314.38434
88.78,1.84,314.40274
88.79,1.841,314.42115
88.8,1.841,314.43956
88.8,1.841,314.43956
88.81,1.841,314.45797
88.82,1.841,314.47638
88.83,1.841,314.49479
88.84,1.841,314.5132
88.85,1.84,314.5316
88.85,1.84,314.5316
88.86,1.84,314.55
88.87,1.84,314.5684
88.88,1.84,314.5868
88.89,1.84,314.6052
88.9,1.84,314.6236
88.9,1.841,314.6236
88.91,1.841,314.64201
88.92,1.841,314.66042
88.93,1.842,314.67884
88.94,1.842,314.69726
88.95,1.842,314.71568
88.95,1.842,314.71568
88.96,1.842,314.7341
88.97,1.842,314.75252
88.98,1.841,314.77093
88.99,1.841,314.78934
89,1.841,314.80775
89,1.841,314.80775
89.01,1.841,314.82616
89.02,1.841,314.84457
89.03,1.841,314.86298
89.04,1.841,314.88139
89.05,1.841,314.8998
89.05,1.841,314.8998
89.06,1.841,314.91821
89.07,1.841,314.93662
89.08,1.841,314.95503
89.09,1.841,314.97344
89.1,1.842,314.99186
89.1,1.842,314.99186
89.11,1.842,315.01028
89.12,1.842,315.0287
89.13,1.842,315.04712
89.14,1.843,315.06555
89.15,1.843,315.08398
89.15,1.843,315.08398
89.16,1.843,315.10241
89.17,1.843,315.12084
89.18,1.843,315.13927
89.19,1.843,315.1577
89.2,1.843,315.17613
89.2,1.843,315.17613
89.21,1.843,315.19456
89.22,1.843,315.21299
89.23,1.843,315.23142
89.24,1.843,315.24985
89.25,1.843,315.26828
89.25,1.843,315.26828
89.26,1.844,315.28672
89.27,1.844,315.30516
89.28,1.844,315.3236
89.29,1.844,315.34204
89.29,1.844,315.34204
89.3,1.844,315.36048
89.31,1.844,315.37892
89.32,1.844,315.39736
89.33,1.844,315.4158
89.34,1.844,315.43424
89.35,1.844,315.45268
89.35,1.844,315.45268
89.36,1.844,315.47112
89.37,1.844,315.48956
89.38,1.844,315.508
89.39,1.844,315.52644
89.4,1.844,315.54488
89.4,1.844,315.54488
89.41,1.844,315.56332
89.42,1.844,315.58176
89.43,1.844,315.6002
89.44,1.845,315.61865
89.45,1.845,315.6371
89.45,1.845,315.6371
89.46,1.845,315.65555
89.47,1.845,315.674
89.48,1.845,315.69245
89.49,1.845,315.7109
89.5,1.845,315.72935
89.5,1.845,315.72935
89.51,1.845,315.7478
89.52,1.845,315.76625
89.53,1.846,315.78471
89.54,1.846,315.80317
89.55,1.846,315.82163
89.55,1.846,315.82163
89.56,1.846,315.84009
89.57,1.846,315.85855
89.58,1.846,315.87701
89.59,1.846,315.89547
89.6,1.846,315.91393
89.6,1.846,315.91393
89.61,1.846,315.93239
89.62,1.846,315.95085
89.63,1.846,315.96931
89.64,1.846,315.98777
89.64,1.846,315.98777
89.65,1.846,316.00623
89.66,1.846,316.02469
89.67,1.846,316.04315
89.68,1.846,316.06161
89.69,1.846,316.08007
89.7,1.846,316.09853
89.7,1.846,316.09853
89.71,1.846,316.11699
89.72,1.845,316.13544
89.73,1.845,316.15389
89.74,1.845,316.17234
89.75,1.846,316.1908
89.75,1.846,316.1908
89.76,1.846,316.20926
89.77,1.846,316.22772
89.78,1.846,316.24618
89.79,1.846,316.26464
89.8,1.846,316.2831
89.8,1.845,316.2831
89.81,1.845,316.30155
89.82,1.845,316.32
89.83,1.845,316.33845
89.84,1.845,316.3569
89.85,1.845,316.37535
89.85,1.845,316.37535
89.86,1.846,316.39381
89.87,1.846,316.41227
89.88,1.847,316.43074
89.89,1.847,316.44921
89.9,1.847,316.46768
89.9,1.847,316.46768
89.91,1.847,316.48615
89.92,1.847,316.50462
89.93,1.846,316.52308
89.94,1.846,316.54154
89.95,1.845,316.55999
89.95,1.845,316.55999
89.96,1.845,316.57844
89.97,1.844,316.59688
89.98,1.844,316.61532
89.99,1.845,316.63377
90,1.845,316.65222
90,1.845,316.65222
90.01,1.845,316.67067
90.02,1.846,316.68913
90.03,1.846,316.70759
90.04,1.846,316.72605
90.05,1.846,316.74451
90.05,1.846,316.74451
90.06,1.846,316.76297
90.07,1.846,316.78143
90.08,1.846,316.79989
90.09,1.845,316.81834
90.1,1.845,316.83679
90.1,1.845,316.83679
90.11,1.845,316.85524
90.12,1.845,316.87369
90.13,1.845,316.89214
90.14,1.845,316.91059
90.15,1.845,316.92904
90.15,1.845,316.92904
90.16,1.846,316.9475
90.17,1.846,316.96596
90.18,1.846,316.98442
90.19,1.846,317.00288
90.2,1.846,317.02134
90.2,1.846,317.02134
90.21,1.846,317.0398
90.22,1.846,317.05826
90.23,1.846,317.07672
90.24,1.846,317.09518
90.25,1.846,317.11364
90.25,1.846,317.11364
90.26,1.846,317.1321
90.27,1.846,317.15056
90.28,1.847,317.16903
90.29,1.846,317.18749
90.3,1.846,317.20595
90.3,1.846,317.20595
90.31,1.846,317.22441
90.32,1.846,317.24287
90.33,1.846,317.26133
90.34,1.846,317.27979
90.35,1.846,317.29825
90.35,1.846,317.29825
90.36,1.846,317.31671
90.37,1.847,317.33518
90.38,1.847,317.35365
90.39,1.847,317.37212
90.4,1.847,317.39059
90.4,1.848,317.39059
90.41,1.848,317.40907
90.42,1.848,317.42755
90.43,1.848,317.44603
90.44,1.848,317.46451
90.45,1.848,317.48299
90.45,1.848,317.48299
90.46,1.848,317.50147
90.47,1.848,317.51995
90.48,1.848,317.53843
90.49,1.848,317.55691
90.5,1.848,317.57539
90.51,1.847,317.59386
90.51,1.847,317.59386
90.52,1.847,317.61233
90.53,1.847,317.6308
90.54,1.847,317.64927
90.55,1.847,317.66774
90.55,1.847,317.66774
90.56,1.848,317.68622
90.57,1.848,317.7047
90.58,1.848,317.72318
90.59,1.848,317.74166
90.6,1.848,317.76014
90.6,1.848,317.76014
90.61,1.848,317.77862
90.62,1.848,317.7971
90.63,1.848,317.81558
90.64,1.849,317.83407
90.65,1.849,317.85256
90.65,1.849,317.85256
90.66,1.849,317.87105
90.67,1.849,317.88954
90.68,1.849,317.90803
90.69,1.849,317.92652
90.7,1.849,317.94501
90.7,1.849,317.94501
90.71,1.849,317.9635
90.72,1.849,317.98199
90.73,1.849,318.00048
90.74,1.849,318.01897
90.75,1.849,318.03746
90.75,1.849,318.03746
90.76,1.849,318.05595
90.77,1.85,318.07445
90.78,1.85,318.09295
90.79,1.85,318.11145
90.8,1.85,318.12995
90.8,1.85,318.12995
90.81,1.85,318.14845
90.82,1.85,318.16695
90.83,1.85,318.18545
90.84,1.85,318.20395
90.85,1.85,318.22245
90.85,1.85,318.22245
90.86,1.85,318.24095
90.87,1.85,318.25945
90.88,1.85,318.27795
90.89,1.85,318.29645
90.9,1.85,318.31495
90.9,1.849,318.31495
90.91,1.849,318.33344
90.92,1.849,318.35193
90.93,1.849,318.37042
90.94,1.85,318.38892
90.95,1.85,318.40742
90.95,1.85,318.40742
90.96,1.851,318.42593
90.97,1.851,318.44444
90.98,1.851,318.46295
90.99,1.852,318.48147
91,1.852,318.49999
91,1.852,318.49999
91.01,1.852,318.51851
91.02,1.851,318.53702
91.03,1.851,318.55553
91.04,1.851,318.57404
91.05,1.851,318.59255
91.05,1.85,318.59255
91.06,1.851,318.61106
91.07,1.851,318.62957
91.08,1.851,318.64808
91.09,1.851,318.66659
91.1,1.852,318.68511
91.1,1.852,318.68511
91.11,1.852,318.70363
91.12,1.852,318.72215
91.13,1.852,318.74067
91.14,1.852,318.75919
91.15,1.851,318.7777
91.15,1.851,318.7777
91.16,1.851,318.79621
91.17,1.851,318.81472
91.18,1.851,318.83323
91.19,1.851,318.85174
91.2,1.851,318.87025
91.2,1.851,318.87025
91.21,1.851,318.88876
91.22,1.851,318.90727
91.23,1.852,318.92579
91.24,1.852,318.94431
91.25,1.852,318.96283
91.25,1.852,318.96283
91.26,1.852,318.98135
91.27,1.852,318.99987
91.28,1.851,319.01838
91.29,1.851,319.03689
91.3,1.851,319.0554
91.3,1.851,319.0554
91.31,1.852,319.07392
91.32,1.852,319.09244
91.33,1.852,319.11096
91.34,1.852,319.12948
91.35,1.852,319.148
91.35,1.852,319.148
91.36,1.852,319.16652
91.37,1.852,319.18504
91.38,1.851,319.20355
91.39,1.851,319.22206
91.39,1.851,319.22206
91.4,1.851,319.24057
91.41,1.85,319.25907
91.42,1.85,319.27757
91.43,1.85,319.29607
91.44,1.85,319.31457
91.45,1.85,319.33307
91.45,1.85,319.33307
91.46,1.85,319.35157
91.47,1.85,319.37007
91.48,1.851,319.38858
91.49,1.851,319.40709
91.5,1.851,319.4256
91.5,1.851,319.4256
91.51,1.851,319.44411
91.52,1.851,319.46262
91.53,1.851,319.48113
91.54,1.851,319.49964
91.54,1.851,319.49964
91.55,1.851,319.51815
91.56,1.85,319.53665
91.57,1.85,319.55515
91.58,1.85,319.57365
91.59,1.85,319.59215
91.6,1.85,319.61065
91.6,1.85,319.61065
91.61,1.85,319.62915
91.62,1.85,319.64765
91.63,1.85,319.66615
91.64,1.85,319.68465
91.64,1.85,319.68465
91.65,1.85,319.70315
91.66,1.85,319.72165
91.67,1.85,319.74015
91.68,1.85,319.75865
91.69,1.85,319.77715
91.7,1.85,319.79565
91.7,1.85,319.79565
91.71,1.85,319.81415
91.72,1.85,319.83265
91.73,1.85,319.85115
91.74,1.85,319.86965
91.75,1.85,319.88815
91.75,1.85,319.88815
91.76,1.85,319.90665
91.77,1.85,319.92515
91.78,1.85,319.94365
91.79,1.85,319.96215
91.8,1.85,319.98065
91.8,1.849,319.98065
91.81,1.849,319.99914
91.82,1.849,320.01763
91.83,1.849,320.03612
91.84,1.849,320.05461
91.84,1.849,320.05461
91.85,1.849,320.0731
91.86,1.85,320.0916
91.87,1.849,320.11009
91.88,1.849,320.12858
91.89,1.849,320.14707
91.89,1.849,320.14707
91.9,1.849,320.16556
91.91,1.85,320.18406
91.92,1.85,320.20256
91.93,1.85,320.22106
91.94,1.85,320.23956
91.95,1.85,320.25806
91.95,1.85,320.25806
91.96,1.85,320.27656
91.97,1.85,320.29506
91.98,1.85,320.31356
91.99,1.85,320.33206
92,1.85,320.35056
92,1.85,320.35056
92.01,1.85,320.36906
92.02,1.85,320.38756
92.03,1.85,320.40606
92.04,1.85,320.42456
92.05,1.85,320.44306
92.05,1.85,320.44306
92.06,1.85,320.46156
92.07,1.85,320.48006
92.08,1.85,320.49856
92.09,1.85,320.51706
92.1,1.85,320.53556
92.1,1.85,320.53556
92.11,1.849,320.55405
92.12,1.849,320.57254
92.13,1.849,320.59103
92.14,1.849,320.60952
92.15,1.849,320.62801
92.15,1.85,320.62801
92.16,1.85,320.64651
92.17,1.85,320.66501
92.18,1.851,320.68352
92.19,1.851,320.70203
92.2,1.851,320.72054
92.2,1.851,320.72054
92.21,1.851,320.73905
92.22,1.851,320.75756
92.23,1.851,320.77607
92.24,1.851,320.79458
92.25,1.851,320.81309
92.25,1.851,320.81309
92.26,1.851,320.8316
92.27,1.851,320.85011
92.28,1.852,320.86863
92.29,1.852,320.88715
92.3,1.852,320.90567
92.3,1.852,320.90567
92.31,1.853,320.9242
92.32,1.853,320.94273
92.33,1.852,320.96125
92.34,1.852,320.97977
92.35,1.852,320.99829
92.35,1.852,320.99829
92.36,1.852,321.01681
92.37,1.852,321.03533
92.38,1.852,321.05385
92.39,1.852,321.07237
92.4,1.852,321.09089
92.4,1.853,321.09089
92.41,1.853,321.10942
92.42,1.853,321.12795
92.43,1.854,321.14649
92.44,1.854,321.16503
92.45,1.854,321.18357
92.45,1.854,321.18357
92.46,1.854,321.20211
92.47,1.854,321.22065
92.48,1.854,321.23919
92.49,1.854,321.25773
92.5,1.854,321.27627
92.5,1.854,321.27627
92.51,1.854,321.29481
92.52,1.854,321.31335
92.53,1.854,321.33189
92.54,1.854,321.35043
92.55,1.854,321.36897
92.55,1.854,321.36897
92.56,1.854,321.38751
92.57,1.854,321.40605
92.58,1.854,321.42459
92.59,1.854,321.44313
92.6,1.854,321.46167
92.6,1.854,321.46167
92.61,1.855,321.48022
92.62,1.855,321.49877
92.63,1.855,321.51732
92.64,1.855,321.53587
92.65,1.855,321.55442
92.65,1.855,321.55442
92.66,1.855,321.57297
92.67,1.855,321.59152
92.68,1.856,321.61008
92.69,1.856,321.62864
92.7,1.856,321.6472
92.7,1.856,321.6472
92.71,1.856,321.66576
92.72,1.856,321.68432
92.73,1.856,321.70288
92.74,1.856,321.72144
92.75,1.856,321.74
92.75,1.856,321.74
92.76,1.856,321.75856
92.77,1.856,321.77712
92.78,1.855,321.79567
92.79,1.856,321.81423
92.8,1.856,321.83279
92.8,1.856,321.83279
92.81,1.856,321.85135
92.82,1.857,321.86992
92.83,1.857,321.88849
92.84,1.857,321.90706
92.85,1.857,321.92563
92.85,1.858,321.92563
92.86,1.858,321.94421
92.87,1.857,321.96278
92.88,1.857,321.98135
92.89,1.857,321.99992
92.9,1.857,322.01849
92.9,1.858,322.01849
92.91,1.858,322.03707
92.92,1.858,322.05565
92.93,1.858,322.07423
92.94,1.858,322.09281
92.95,1.858,322.11139
92.95,1.858,322.11139
92.96,1.858,322.12997
92.97,1.858,322.14855
92.98,1.858,322.16713
92.99,1.858,322.18571
93,1.858,322.20429
93,1.858,322.20429
93.01,1.858,322.22287
93.02,1.858,322.24145
93.03,1.858,322.26003
93.04,1.858,322.27861
93.05,1.859,322.2972
93.05,1.859,322.2972
93.06,1.859,322.31579
93.07,1.859,322.33438
93.08,1.859,322.35297
93.09,1.859,322.37156
93.1,1.859,322.39015
93.1,1.859,322.39015
93.11,1.859,322.40874
93.12,1.859,322.42733
93.13,1.859,322.44592
93.14,1.859,322.46451
93.15,1.859,322.4831
93.15,1.86,322.4831
93.16,1.86,322.5017
93.17,1.86,322.5203
93.18,1.86,322.5389
93.19,1.86,322.5575
93.2,1.86,322.5761
93.2,1.86,322.5761
93.21,1.86,322.5947
93.22,1.859,322.61329
93.23,1.859,322.63188
93.24,1.859,322.65047
93.25,1.859,322.66906
93.25,1.859,322.66906
93.26,1.859,322.68765
93.27,1.859,322.70624
93.28,1.859,322.72483
93.29,1.859,322.74342
93.3,1.859,322.76201
93.3,1.859,322.76201
93.31,1.859,322.7806
93.32,1.859,322.79919
93.33,1.859,322.81778
93.34,1.859,322.83637
93.35,1.86,322.85497
93.35,1.86,322.85497
93.36,1.861,322.87358
93.37,1.861,322.89219
93.38,1.861,322.9108
93.39,1.861,322.92941
93.4,1.861,322.94802
93.4,1.86,322.94802
93.41,1.86,322.96662
93.42,1.859,322.98521
93.43,1.859,323.0038
93.44,1.859,323.02239
93.45,1.859,323.04098
93.45,1.859,323.04098
93.46,1.859,323.05957
93.47,1.86,323.07817
93.48,1.859,323.09676
93.49,1.859,323.11535
93.5,1.859,323.13394
93.5,1.859,323.13394
93.51,1.859,323.15253
93.52,1.859,323.17112
93.53,1.859,323.18971
93.54,1.859,323.2083
93.55,1.859,323.22689
93.55,1.86,323.22689
93.56,1.86,323.24549
93.57,1.86,323.26409
93.58,1.86,323.28269
93.59,1.86,323.30129
93.6,1.86,323.31989
93.6,1.86,323.31989
93.61,1.86,323.33849
93.62,1.86,323.35709
93.63,1.86,323.37569
93.64,1.86,323.39429
93.65,1.86,323.41289
93.65,1.86,323.41289
93.66,1.86,323.43149
93.67,1.86,323.45009
93.68,1.859,323.46868
93.69,1.859,323.48727
93.7,1.859,323.50586
93.7,1.858,323.50586
93.71,1.858,323.52444
93.72,1.858,323.54302
93.73,1.858,323.5616
93.74,1.859,323.58019
93.75,1.859,323.59878
93.76,1.859,323.61737
93.76,1.859,323.61737
93.77,1.859,323.63596
93.78,1.859,323.65455
93.79,1.86,323.67315
93.8,1.86,323.69175
93.8,1.859,323.69175
93.81,1.859,323.71034
93.82,1.859,323.72893
93.83,1.859,323.74752
93.84,1.859,323.76611
93.85,1.858,323.78469
93.85,1.858,323.78469
93.86,1.858,323.80327
93.87,1.858,323.82185
93.88,1.859,323.84044
93.89,1.859,323.85903
93.9,1.859,323.87762
93.9,1.859,323.87762
93.91,1.859,323.89621
93.92,1.859,323.9148
93.93,1.859,323.93339
93.94,1.859,323.95198
93.95,1.859,323.97057
93.95,1.86,323.97057
93.96,1.86,323.98917
93.97,1.86,324.00777
93.98,1.86,324.02637
93.99,1.86,324.04497
94,1.86,324.06357
94,1.86,324.06357
94.01,1.86,324.08217
94.02,1.86,324.10077
94.03,1.86,324.11937
94.04,1.86,324.13797
94.05,1.86,324.15657
94.05,1.86,324.15657
94.06,1.861,324.17518
94.07,1.861,324.19379
94.08,1.861,324.2124
94.09,1.861,324.23101
94.1,1.861,324.24962
94.1,1.861,324.24962
94.11,1.861,324.26823
94.12,1.861,324.28684
94.13,1.861,324.30545
94.14,1.861,324.32406
94.15,1.861,324.34267
94.15,1.861,324.34267
94.16,1.861,324.36128
94.17,1.861,324.37989
94.18,1.861,324.3985
94.19,1.861,324.41711
94.2,1.862,324.43573
94.2,1.862,324.43573
94.21,1.862,324.45435
94.22,1.863,324.47298
94.23,1.863,324.49161
94.24,1.863,324.51024
94.25,1.863,324.52887
94.25,1.863,324.52887
94.26,1.862,324.54749
94.27,1.862,324.56611
94.28,1.862,324.58473
94.29,1.862,324.60335
94.3,1.862,324.62197
94.3,1.862,324.62197
94.31,1.863,324.6406
94.32,1.863,324.65923
94.33,1.863,324.67786
94.34,1.863,324.69649
94.35,1.863,324.71512
94.36,1.863,324.73375
94.36,1.863,324.73375
94.37,1.863,324.75238
94.38,1.863,324.77101
94.39,1.863,324.78964
94.4,1.863,324.80827
94.4,1.863,324.80827
94.41,1.863,324.8269
94.42,1.864,324.84554
94.43,1.864,324.86418
94.44,1.864,324.88282
94.45,1.864,324.90146
94.45,1.864,324.90146
94.46,1.863,324.92009
94.47,1.863,324.93872
94.48,1.864,324.95736
94.49,1.864,324.976
94.5,1.864,324.99464
94.5,1.864,324.99464
94.51,1.865,325.01329
94.52,1.865,325.03194
94.53,1.865,325.05059
94.54,1.865,325.06924
94.55,1.864,325.08788
94.55,1.864,325.08788
94.56,1.864,325.10652
94.57,1.864,325.12516
94.58,1.864,325.1438
94.59,1.864,325.16244
94.6,1.864,325.18108
94.6,1.865,325.18108
94.61,1.865,325.19973
94.62,1.865,325.21838
94.63,1.865,325.23703
94.64,1.866,325.25569
94.65,1.866,325.27435
94.65,1.866,325.27435
94.66,1.866,325.29301
94.67,1.866,325.31167
94.68,1.866,325.33033
94.69,1.866,325.34899
94.7,1.866,325.36765
94.7,1.866,325.36765
94.71,1.867,325.38632
94.72,1.867,325.40499
94.73,1.867,325.42366
94.74,1.867,325.44233
94.75,1.866,325.46099
94.75,1.866,325.46099
94.76,1.866,325.47965
94.77,1.866,325.49831
94.78,1.866,325.51697
94.79,1.865,325.53562
94.8,1.865,325.55427
94.8,1.865,325.55427
94.81,1.865,325.57292
94.82,1.865,325.59157
94.83,1.866,325.61023
94.84,1.866,325.62889
94.85,1.867,325.64756
94.85,1.867,325.64756
94.86,1.867,325.66623
94.87,1.868,325.68491
94.88,1.868,325.70359
94.89,1.868,325.72227
94.9,1.868,325.74095
94.9,1.867,325.74095
94.91,1.867,325.75962
94.92,1.867,325.77829
94.93,1.867,325.79696
94.94,1.867,325.81563
94.95,1.867,325.8343
94.96,1.867,325.85297
94.96,1.867,325.85297
94.97,1.867,325.87164
94.98,1.867,325.89031
94.99,1.867,325.90898
95,1.867,325.92765
95,1.867,325.92765
95.01,1.867,325.94632
95.02,1.867,325.96499
95.03,1.867,325.98366
95.04,1.867,326.00233
95.05,1.867,326.021
95.05,1.867,326.021
95.06,1.867,326.03967
95.07,1.867,326.05834
95.08,1.867,326.07701
95.09,1.867,326.09568
95.1,1.868,326.11436
95.1,1.868,326.11436
95.11,1.868,326.13304
95.12,1.868,326.15172
95.13,1.868,326.1704
95.14,1.868,326.18908
95.15,1.868,326.20776
95.15,1.868,326.20776
95.16,1.868,326.22644
95.17,1.868,326.24512
95.18,1.867,326.26379
95.19,1.867,326.28246
95.2,1.867,326.30113
95.2,1.867,326.30113
95.21,1.867,326.3198
95.22,1.867,326.33847
95.23,1.867,326.35714
95.24,1.867,326.37581
95.25,1.867,326.39448
95.25,1.867,326.39448
95.26,1.867,326.41315
95.27,1.868,326.43183
95.28,1.868,326.45051
95.29,1.868,326.46919
95.3,1.868,326.48787
95.3,1.868,326.48787
95.31,1.868,326.50655
95.32,1.867,326.52522
95.33,1.867,326.54389
95.34,1.867,326.56256
95.35,1.867,326.58123
95.35,1.867,326.58123
95.36,1.867,326.5999
95.37,1.867,326.61857
95.38,1.867,326.63724
95.39,1.867,326.65591
95.39,1.867,326.65591
95.4,1.867,326.67458
95.41,1.867,326.69325
95.42,1.867,326.71192
95.43,1.867,326.73059
95.44,1.867,326.74926
95.45,1.867,326.76793
95.45,1.867,326.76793
95.46,1.867,326.7866
95.47,1.867,326.80527
95.48,1.867,326.82394
95.49,1.867,326.84261
95.5,1.867,326.86128
95.5,1.867,326.86128
95.51,1.867,326.87995
95.52,1.867,326.89862
95.53,1.867,326.91729
95.54,1.867,326.93596
95.55,1.867,326.95463
95.55,1.867,326.95463
95.56,1.867,326.9733
95.57,1.867,326.99197
95.58,1.868,327.01065
95.59,1.868,327.02933
95.6,1.868,327.04801
95.6,1.868,327.04801
95.61,1.867,327.06668
95.62,1.867,327.08535
95.63,1.867,327.10402
95.64,1.867,327.12269
95.65,1.866,327.14135
95.65,1.866,327.14135
95.66,1.866,327.16001
95.67,1.866,327.17867
95.68,1.867,327.19734
95.69,1.867,327.21601
95.7,1.867,327.23468
95.7,1.867,327.23468
95.71,1.868,327.25336
95.72,1.867,327.27203
95.73,1.868,327.29071
95.74,1.868,327.30939
95.75,1.867,327.32806
95.75,1.867,327.32806
95.76,1.868,327.34674
95.77,1.868,327.36542
95.78,1.868,327.3841
95.79,1.868,327.40278
95.8,1.869,327.42147
95.8,1.869,327.42147
95.81,1.869,327.44016
95.82,1.869,327.45885
95.83,1.87,327.47755
95.84,1.87,327.49625
95.85,1.869,327.51494
95.85,1.869,327.51494
95.86,1.869,327.53363
95.87,1.869,327.55232
95.88,1.868,327.571
95.89,1.868,327.58968
95.9,1.868,327.60836
95.9,1.868,327.60836
95.91,1.868,327.62704
95.92,1.868,327.64572
95.93,1.868,327.6644
95.94,1.868,327.68308
95.95,1.869,327.70177
95.95,1.869,327.70177
95.96,1.869,327.72046
95.97,1.869,327.73915
95.98,1.869,327.75784
95.99,1.869,327.77653
96,1.87,327.79523
96.01,1.87,327.81393
96.01,1.87,327.81393
96.02,1.87,327.83263
96.03,1.87,327.85133
96.04,1.87,327.87003
96.05,1.869,327.88872
96.05,1.869,327.88872
96.06,1.869,327.90741
96.07,1.87,327.92611
96.08,1.87,327.94481
96.09,1.87,327.96351
96.1,1.87,327.98221
96.1,1.869,327.98221
96.11,1.869,328.0009
96.12,1.869,328.01959
96.13,1.869,328.03828
96.14,1.869,328.05697
96.15,1.869,328.07566
96.15,1.869,328.07566
96.16,1.87,328.09436
96.17,1.87,328.11306
96.18,1.87,328.13176
96.19,1.871,328.15047
96.2,1.871,328.16918
96.2,1.871,328.16918
96.21,1.871,328.18789
96.22,1.871,328.2066
96.23,1.871,328.22531
96.24,1.871,328.24402
96.25,1.871,328.26273
96.26,1.871,328.28144
96.26,1.871,328.28144
96.27,1.872,328.30016
96.28,1.871,328.31887
96.29,1.871,328.33758
96.3,1.871,328.35629
96.3,1.871,328.35629
96.31,1.871,328.375
96.32,1.871,328.39371
96.33,1.871,328.41242
96.34,1.871,328.43113
96.35,1.872,328.44985
96.35,1.872,328.44985
96.36,1.872,328.46857
96.37,1.873,328.4873
96.38,1.873,328.50603
96.39,1.873,328.52476
96.4,1.873,328.54349
96.4,1.873,328.54349
96.41,1.873,328.56222
96.42,1.872,328.58094
96.43,1.872,328.59966
96.44,1.872,328.61838
96.45,1.872,328.6371
96.45,1.872,328.6371
96.46,1.873,328.65583
96.47,1.873,328.67456
96.48,1.873,328.69329
96.49,1.874,328.71203
96.5,1.874,328.73077
96.5,1.874,328.73077
96.51,1.873,328.7495
96.52,1.873,328.76823
96.53,1.873,328.78696
96.54,1.873,328.80569
96.55,1.873,328.82442
96.55,1.873,328.82442
96.56,1.873,328.84315
96.57,1.873,328.86188
96.58,1.873,328.88061
96.59,1.873,328.89934
96.6,1.873,328.91807
96.6,1.873,328.91807
96.61,1.873,328.9368
96.62,1.873,328.95553
96.63,1.874,328.97427
96.64,1.874,328.99301
96.65,1.874,329.01175
96.66,1.874,329.03049
96.66,1.874,329.03049
96.67,1.874,329.04923
96.68,1.874,329.06797
96.69,1.874,329.08671
96.7,1.874,329.10545
96.7,1.874,329.10545
96.71,1.874,329.12419
96.72,1.874,329.14293
96.73,1.874,329.16167
96.74,1.874,329.18041
96.75,1.874,329.19915
96.75,1.875,329.19915
96.76,1.875,329.2179
96.77,1.875,329.23665
96.78,1.875,329.2554
96.79,1.875,329.27415
96.8,1.875,329.2929
96.8,1.875,329.2929
96.81,1.875,329.31165
96.82,1.875,329.3304
96.83,1.875,329.34915
96.84,1.876,329.36791
96.85,1.876,329.38667
96.86,1.877,329.40544
96.86,1.877,329.40544
96.87,1.878,329.42422
96.88,1.879,329.44301
96.89,1.879,329.4618
96.9,1.88,329.4806
96.9,1.881,329.4806
96.91,1.882,329.49942
96.92,1.883,329.51825
96.93,1.884,329.53709
96.94,1.886,329.55595
96.95,1.887,329.57482
96.95,1.888,329.57482
96.96,1.889,329.59371
96.97,1.891,329.61262
96.98,1.892,329.63154
96.99,1.894,329.65048
97,1.895,329.66943
97,1.897,329.66943
97.01,1.9,329.68843
97.02,1.902,329.70745
97.03,1.905,329.7265
97.04,1.908,329.74558
97.05,1.912,329.7647
97.05,1.915,329.7647
97.06,1.919,329.78389
97.07,1.923,329.80312
97.08,1.927,329.82239
97.09,1.931,329.8417
97.1,1.935,329.86105
97.1,1.94,329.86105
97.11,1.945,329.8805
97.12,1.95,329.9
97.13,1.955,329.91955
97.14,1.961,329.93916
97.15,1.967,329.95883
97.15,1.973,329.95883
97.16,1.979,329.97862
97.17,1.986,329.99848
97.18,1.992,330.0184
97.19,1.999,330.03839
97.2,2.007,330.05846
97.2,2.014,330.05846
97.21,2.022,330.07868
