Temperature (C),Heat Capacity (J/g-C),Enthalpy (J/g)
20,1.371,1.371
20.01,1.371,1.38471
20.01,1.371,1.38471
20.02,1.372,1.39843
20.03,1.372,1.41215
20.04,1.372,1.42587
20.05,1.373,1.4396
20.05,1.373,1.4396
20.06,1.373,1.45333
20.07,1.373,1.46706
20.08,1.373,1.48079
20.09,1.373,1.49452
20.1,1.373,1.50825
20.1,1.374,1.50825
20.11,1.374,1.52199
20.12,1.374,1.53573
20.13,1.374,1.54947
20.14,1.374,1.56321
20.15,1.374,1.57695
20.15,1.374,1.57695
20.16,1.374,1.59069
20.17,1.374,1.60443
20.18,1.374,1.61817
20.19,1.374,1.63191
20.2,1.375,1.64566
20.2,1.375,1.64566
20.21,1.375,1.65941
20.22,1.375,1.67316
20.23,1.375,1.68691
20.24,1.375,1.70066
20.25,1.376,1.71442
20.25,1.376,1.71442
20.26,1.376,1.72818
20.27,1.377,1.74195
20.28,1.377,1.75572
20.29,1.377,1.76949
20.3,1.378,1.78327
20.3,1.378,1.78327
20.31,1.378,1.79705
20.32,1.378,1.81083
20.33,1.378,1.82461
20.34,1.378,1.83839
20.35,1.378,1.85217
20.35,1.378,1.85217
20.36,1.378,1.86595
20.37,1.378,1.87973
20.38,1.378,1.89351
20.39,1.378,1.90729
20.4,1.379,1.92108
20.4,1.379,1.92108
20.41,1.379,1.93487
20.42,1.379,1.94866
20.43,1.379,1.96245
20.44,1.379,1.97624
20.44,1.38,1.97624
20.45,1.38,1.99004
20.46,1.38,2.00384
20.47,1.38,2.01764
20.48,1.38,2.03144
20.49,1.381,2.04525
20.5,1.381,2.05906
20.5,1.381,2.05906
20.51,1.381,2.07287
20.52,1.381,2.08668
20.53,1.381,2.10049
20.54,1.381,2.1143
20.54,1.381,2.1143
20.55,1.381,2.12811
20.56,1.381,2.14192
20.57,1.381,2.15573
20.58,1.382,2.16955
20.59,1.382,2.18337
20.59,1.382,2.18337
20.6,1.382,2.19719
20.61,1.382,2.21101
20.62,1.382,2.22483
20.63,1.382,2.23865
20.64,1.382,2.25247
20.64,1.383,2.25247
20.65,1.383,2.2663
20.66,1.383,2.28013
20.67,1.383,2.29396
20.68,1.384,2.3078
20.69,1.384,2.32164
20.69,1.384,2.32164
20.7,1.384,2.33548
20.71,1.384,2.34932
20.72,1.385,2.36317
20.73,1.385,2.37702
20.74,1.385,2.39087
20.74,1.385,2.39087
20.75,1.385,2.40472
20.76,1.385,2.41857
20.77,1.385,2.43242
20.78,1.385,2.44627
20.79,1.385,2.46012
20.79,1.385,2.46012
20.8,1.385,2.47397
20.81,1.385,2.48782
20.82,1.385,2.50167
20.83,1.385,2.51552
20.83,1.386,2.51552
20.84,1.386,2.52938
20.85,1.386,2.54324
20.86,1.386,2.5571
20.87,1.387,2.57097
20.88,1.387,2.58484
20.89,1.387,2.59871
20.89,1.387,2.59871
20.9,1.387,2.61258
20.91,1.387,2.62645
20.92,1.387,2.64032
20.93,1.387,2.65419
20.93,1.387,2.65419
20.94,1.387,2.66806
20.95,1.387,2.68193
20.96,1.387,2.6958
20.97,1.387,2.70967
20.98,1.387,2.72354
20.99,1.388,2.73742
20.99,1.388,2.73742
21,1.388,2.7513
21.01,1.388,2.76518
21.02,1.387,2.77905
21.03,1.387,2.79292
21.04,1.387,2.80679
21.04,1.387,2.80679
21.05,1.387,2.82066
21.06,1.387,2.83453
21.07,1.387,2.8484
21.08,1.387,2.86227
21.09,1.387,2.87614
21.09,1.388,2.87614
21.1,1.388,2.89002
21.11,1.388,2.9039
21.12,1.388,2.91778
21.13,1.388,2.93166
21.13,1.389,2.93166
21.14,1.389,2.94555
21.15,1.389,2.95944
21.16,1.39,2.97334
21.17,1.39,2.98724
21.18,1.39,3.00114
21.18,1.39,3.00114
21.19,1.39,3.01504
21.2,1.39,3.02894
21.21,1.391,3.04285
21.22,1.391,3.05676
21.23,1.391,3.07067
21.23,1.391,3.07067
21.24,1.391,3.08458
21.25,1.391,3.09849
21.26,1.391,3.1124
21.27,1.391,3.12631
21.28,1.391,3.14022
21.29,1.391,3.15413
21.29,1.391,3.15413
21.3,1.391,3.16804
21.31,1.391,3.18195
21.32,1.391,3.19586
21.33,1.391,3.20977
21.33,1.391,3.20977
21.34,1.392,3.22369
21.35,1.392,3.23761
21.36,1.392,3.25153
21.37,1.393,3.26546
21.38,1.393,3.27939
21.38,1.393,3.27939
21.39,1.393,3.29332
21.4,1.393,3.30725
21.41,1.393,3.32118
21.42,1.393,3.33511
21.43,1.393,3.34904
21.44,1.393,3.36297
21.44,1.393,3.36297
21.45,1.393,3.3769
21.46,1.393,3.39083
21.47,1.394,3.40477
21.48,1.394,3.41871
21.48,1.394,3.41871
21.49,1.395,3.43266
21.5,1.395,3.44661
21.51,1.395,3.46056
21.52,1.395,3.47451
21.53,1.395,3.48846
21.54,1.395,3.50241
21.54,1.395,3.50241
21.55,1.396,3.51637
21.56,1.396,3.53033
21.57,1.396,3.54429
21.58,1.396,3.55825
21.58,1.396,3.55825
21.59,1.396,3.57221
21.6,1.396,3.58617
21.61,1.396,3.60013
21.62,1.396,3.61409
21.63,1.396,3.62805
21.64,1.396,3.64201
21.64,1.396,3.64201
21.65,1.397,3.65598
21.66,1.397,3.66995
21.67,1.397,3.68392
21.68,1.397,3.69789
21.69,1.397,3.71186
21.69,1.397,3.71186
21.7,1.397,3.72583
21.71,1.397,3.7398
21.72,1.397,3.75377
21.73,1.398,3.76775
21.73,1.398,3.76775
21.74,1.398,3.78173
21.75,1.398,3.79571
21.76,1.399,3.8097
21.77,1.399,3.82369
21.78,1.399,3.83768
21.79,1.399,3.85167
21.79,1.4,3.85167
21.8,1.4,3.86567
21.81,1.4,3.87967
21.82,1.4,3.89367
21.83,1.4,3.90767
21.84,1.401,3.92168
21.84,1.401,3.92168
21.85,1.401,3.93569
21.86,1.401,3.9497
21.87,1.401,3.96371
21.88,1.401,3.97772
21.88,1.401,3.97772
21.89,1.401,3.99173
21.9,1.401,4.00574
21.91,1.401,4.01975
21.92,1.401,4.03376
21.93,1.401,4.04777
21.93,1.402,4.04777
21.94,1.402,4.06179
21.95,1.402,4.07581
21.96,1.403,4.08984
21.97,1.403,4.10387
21.98,1.403,4.1179
21.98,1.403,4.1179
21.99,1.404,4.13194
22,1.404,4.14598
22.01,1.404,4.16002
22.02,1.404,4.17406
22.03,1.404,4.1881
22.03,1.404,4.1881
22.04,1.404,4.20214
22.05,1.404,4.21618
22.06,1.404,4.23022
22.07,1.404,4.24426
22.08,1.404,4.2583
22.08,1.404,4.2583
22.09,1.404,4.27234
22.1,1.405,4.28639
22.11,1.405,4.30044
22.12,1.405,4.31449
22.12,1.405,4.31449
22.13,1.405,4.32854
22.14,1.406,4.3426
22.15,1.406,4.35666
22.16,1.406,4.37072
22.17,1.406,4.38478
22.18,1.406,4.39884
22.18,1.406,4.39884
22.19,1.406,4.4129
22.2,1.406,4.42696
22.21,1.406,4.44102
22.22,1.406,4.45508
22.23,1.406,4.46914
22.23,1.406,4.46914
22.24,1.406,4.4832
22.25,1.406,4.49726
22.26,1.407,4.51133
22.27,1.407,4.5254
22.28,1.407,4.53947
22.28,1.407,4.53947
22.29,1.407,4.55354
22.3,1.407,4.56761
22.31,1.408,4.58169
22.32,1.408,4.59577
22.33,1.408,4.60985
22.33,1.408,4.60985
22.34,1.407,4.62392
22.35,1.407,4.63799
22.36,1.407,4.65206
22.37,1.407,4.66613
22.38,1.407,4.6802
22.38,1.407,4.6802
22.39,1.408,4.69428
22.4,1.408,4.70836
22.41,1.408,4.72244
22.42,1.408,4.73652
22.43,1.408,4.7506
22.43,1.408,4.7506
22.44,1.408,4.76468
22.45,1.408,4.77876
22.46,1.408,4.79284
22.47,1.408,4.80692
22.47,1.408,4.80692
22.48,1.408,4.821
22.49,1.408,4.83508
22.5,1.408,4.84916
22.51,1.408,4.86324
22.52,1.408,4.87732
22.52,1.409,4.87732
22.53,1.409,4.89141
22.54,1.409,4.9055
22.55,1.409,4.91959
22.56,1.409,4.93368
22.57,1.409,4.94777
22.57,1.409,4.94777
22.58,1.409,4.96186
22.59,1.409,4.97595
22.6,1.409,4.99004
22.61,1.409,5.00413
22.62,1.409,5.01822
22.63,1.409,5.03231
22.63,1.409,5.03231
22.64,1.409,5.0464
22.65,1.409,5.06049
22.66,1.409,5.07458
22.67,1.409,5.08867
22.68,1.41,5.10277
22.68,1.41,5.10277
22.69,1.41,5.11687
22.7,1.41,5.13097
22.71,1.41,5.14507
22.72,1.41,5.15917
22.72,1.411,5.15917
22.73,1.411,5.17328
22.74,1.41,5.18738
22.75,1.41,5.20148
22.76,1.41,5.21558
22.77,1.41,5.22968
22.77,1.41,5.22968
22.78,1.41,5.24378
22.79,1.41,5.25788
22.8,1.41,5.27198
22.81,1.41,5.28608
22.82,1.411,5.30019
22.83,1.411,5.3143
22.83,1.411,5.3143
22.84,1.411,5.32841
22.85,1.411,5.34252
22.86,1.411,5.35663
22.87,1.411,5.37074
22.87,1.411,5.37074
22.88,1.411,5.38485
22.89,1.411,5.39896
22.9,1.411,5.41307
22.91,1.411,5.42718
22.92,1.411,5.44129
22.92,1.412,5.44129
22.93,1.412,5.45541
22.94,1.412,5.46953
22.95,1.412,5.48365
22.96,1.412,5.49777
22.97,1.412,5.51189
22.97,1.412,5.51189
22.98,1.412,5.52601
22.99,1.412,5.54013
23,1.412,5.55425
23.01,1.412,5.56837
23.02,1.412,5.58249
23.03,1.412,5.59661
23.03,1.413,5.59661
23.04,1.413,5.61074
23.05,1.413,5.62487
23.06,1.413,5.639
23.07,1.414,5.65314
23.07,1.414,5.65314
23.08,1.414,5.66728
23.09,1.414,5.68142
23.1,1.414,5.69556
23.11,1.414,5.7097
23.12,1.414,5.72384
23.13,1.414,5.73798
23.13,1.414,5.73798
23.14,1.415,5.75213
23.15,1.415,5.76628
23.16,1.415,5.78043
23.17,1.415,5.79458
23.17,1.415,5.79458
23.18,1.415,5.80873
23.19,1.415,5.82288
23.2,1.415,5.83703
23.21,1.415,5.85118
23.22,1.415,5.86533
23.22,1.416,5.86533
23.23,1.416,5.87949
23.24,1.416,5.89365
23.25,1.416,5.90781
23.26,1.416,5.92197
23.27,1.416,5.93613
23.28,1.415,5.95028
23.28,1.415,5.95028
23.29,1.416,5.96444
23.3,1.416,5.9786
23.31,1.416,5.99276
23.32,1.416,6.00692
23.32,1.416,6.00692
23.33,1.416,6.02108
23.34,1.416,6.03524
23.35,1.417,6.04941
23.36,1.417,6.06358
23.36,1.417,6.06358
23.37,1.417,6.07775
23.38,1.417,6.09192
23.39,1.417,6.10609
23.4,1.417,6.12026
23.41,1.418,6.13444
23.41,1.418,6.13444
23.42,1.418,6.14862
23.43,1.418,6.1628
23.44,1.418,6.17698
23.45,1.418,6.19116
23.46,1.418,6.20534
23.47,1.418,6.21952
23.47,1.418,6.21952
23.48,1.418,6.2337
23.49,1.418,6.24788
23.5,1.418,6.26206
23.51,1.418,6.27624
23.52,1.418,6.29042
23.52,1.418,6.29042
23.53,1.418,6.3046
23.54,1.418,6.31878
23.55,1.418,6.33296
23.56,1.418,6.34714
23.57,1.418,6.36132
23.57,1.418,6.36132
23.58,1.418,6.3755
23.59,1.418,6.38968
23.6,1.419,6.40387
23.61,1.419,6.41806
23.62,1.419,6.43225
23.62,1.419,6.43225
23.63,1.419,6.44644
23.64,1.419,6.46063
23.65,1.419,6.47482
23.66,1.419,6.48901
23.67,1.419,6.5032
23.67,1.419,6.5032
23.68,1.419,6.51739
23.69,1.419,6.53158
23.7,1.419,6.54577
23.71,1.419,6.55996
23.72,1.419,6.57415
23.72,1.419,6.57415
23.73,1.419,6.58834
23.74,1.419,6.60253
23.75,1.419,6.61672
23.76,1.419,6.63091
23.77,1.419,6.6451
23.77,1.419,6.6451
23.78,1.419,6.65929
23.79,1.419,6.67348
23.8,1.419,6.68767
23.81,1.42,6.70187
23.82,1.42,6.71607
23.82,1.42,6.71607
23.83,1.419,6.73026
23.84,1.419,6.74445
23.85,1.419,6.75864
23.86,1.419,6.77283
23.86,1.419,6.77283
23.87,1.419,6.78702
23.88,1.419,6.80121
23.89,1.42,6.81541
23.9,1.42,6.82961
23.91,1.42,6.84381
23.91,1.42,6.84381
23.92,1.42,6.85801
23.93,1.42,6.87221
23.94,1.42,6.88641
23.95,1.42,6.90061
23.96,1.42,6.91481
23.97,1.42,6.92901
23.97,1.42,6.92901
23.98,1.42,6.94321
23.99,1.42,6.95741
24,1.42,6.97161
24.01,1.421,6.98582
24.01,1.421,6.98582
24.02,1.421,7.00003
24.03,1.421,7.01424
24.04,1.421,7.02845
24.05,1.421,7.04266
24.06,1.421,7.05687
24.07,1.421,7.07108
24.07,1.421,7.07108
24.08,1.421,7.08529
24.09,1.421,7.0995
24.1,1.421,7.11371
24.11,1.421,7.12792
24.12,1.421,7.14213
24.12,1.421,7.14213
24.13,1.422,7.15635
24.14,1.421,7.17056
24.15,1.421,7.18477
24.16,1.421,7.19898
24.17,1.421,7.21319
24.17,1.421,7.21319
24.18,1.421,7.2274
24.19,1.421,7.24161
24.2,1.421,7.25582
24.21,1.421,7.27003
24.22,1.421,7.28424
24.22,1.421,7.28424
24.23,1.422,7.29846
24.24,1.422,7.31268
24.25,1.422,7.3269
24.26,1.422,7.34112
24.27,1.422,7.35534
24.27,1.423,7.35534
24.28,1.423,7.36957
24.29,1.423,7.3838
24.3,1.423,7.39803
24.31,1.422,7.41225
24.32,1.422,7.42647
24.32,1.422,7.42647
24.33,1.422,7.44069
24.34,1.422,7.45491
24.35,1.422,7.46913
24.36,1.422,7.48335
24.37,1.423,7.49758
24.37,1.423,7.49758
24.38,1.423,7.51181
24.39,1.423,7.52604
24.4,1.423,7.54027
24.41,1.423,7.5545
24.42,1.423,7.56873
24.42,1.423,7.56873
24.43,1.423,7.58296
24.44,1.423,7.59719
24.45,1.423,7.61142
24.46,1.423,7.62565
24.47,1.424,7.63989
24.47,1.424,7.63989
24.48,1.424,7.65413
24.49,1.424,7.66837
24.5,1.424,7.68261
24.51,1.424,7.69685
24.52,1.424,7.71109
24.52,1.425,7.71109
24.53,1.425,7.72534
24.54,1.425,7.73959
24.55,1.426,7.75385
24.56,1.426,7.76811
24.57,1.426,7.78237
24.57,1.426,7.78237
24.58,1.425,7.79662
24.59,1.425,7.81087
24.6,1.425,7.82512
24.61,1.425,7.83937
24.61,1.425,7.83937
24.62,1.425,7.85362
24.63,1.425,7.86787
24.64,1.425,7.88212
24.65,1.425,7.89637
24.66,1.425,7.91062
24.67,1.425,7.92487
24.67,1.425,7.92487
24.68,1.425,7.93912
24.69,1.425,7.95337
24.7,1.426,7.96763
24.71,1.426,7.98189
24.72,1.426,7.99615
24.72,1.426,7.99615
24.73,1.426,8.01041
24.74,1.426,8.02467
24.75,1.426,8.03893
24.76,1.426,8.05319
24.76,1.426,8.05319
24.77,1.426,8.06745
24.78,1.426,8.08171
24.79,1.426,8.09597
24.8,1.426,8.11023
24.81,1.426,8.12449
24.81,1.426,8.12449
24.82,1.426,8.13875
24.83,1.427,8.15302
24.84,1.427,8.16729
24.85,1.427,8.18156
24.86,1.427,8.19583
24.87,1.427,8.2101
24.87,1.427,8.2101
24.88,1.427,8.22437
24.89,1.427,8.23864
24.9,1.427,8.25291
24.91,1.427,8.26718
24.91,1.427,8.26718
24.92,1.427,8.28145
24.93,1.427,8.29572
24.94,1.427,8.30999
24.95,1.427,8.32426
24.96,1.428,8.33854
24.97,1.428,8.35282
24.97,1.428,8.35282
24.98,1.428,8.3671
24.99,1.428,8.38138
25,1.428,8.39566
25.01,1.428,8.40994
25.01,1.428,8.40994
25.02,1.428,8.42422
25.03,1.428,8.4385
25.04,1.428,8.45278
25.05,1.428,8.46706
25.06,1.428,8.48134
25.06,1.428,8.48134
25.07,1.428,8.49562
25.08,1.428,8.5099
25.09,1.428,8.52418
25.1,1.428,8.53846
25.11,1.428,8.55274
25.12,1.428,8.56702
25.12,1.428,8.56702
25.13,1.428,8.5813
25.14,1.428,8.59558
25.15,1.428,8.60986
25.16,1.428,8.62414
25.16,1.429,8.62414
25.17,1.429,8.63843
25.18,1.429,8.65272
25.19,1.429,8.66701
25.2,1.43,8.68131
25.21,1.43,8.69561
25.21,1.429,8.69561
25.22,1.429,8.7099
25.23,1.429,8.72419
25.24,1.429,8.73848
25.25,1.428,8.75276
25.26,1.428,8.76704
25.27,1.428,8.78132
25.27,1.428,8.78132
25.28,1.429,8.79561
25.29,1.429,8.8099
25.3,1.43,8.8242
25.31,1.43,8.8385
25.31,1.43,8.8385
25.32,1.43,8.8528
25.33,1.43,8.8671
25.34,1.43,8.8814
25.35,1.43,8.8957
25.36,1.43,8.91
25.36,1.43,8.91
25.37,1.43,8.9243
25.38,1.43,8.9386
25.39,1.43,8.9529
25.4,1.43,8.9672
25.41,1.43,8.9815
25.41,1.43,8.9815
25.42,1.43,8.9958
25.43,1.43,9.0101
25.44,1.43,9.0244
25.45,1.431,9.03871
25.46,1.431,9.05302
25.46,1.431,9.05302
25.47,1.431,9.06733
25.48,1.431,9.08164
25.49,1.432,9.09596
25.5,1.432,9.11028
25.51,1.432,9.1246
25.51,1.431,9.1246
25.52,1.431,9.13891
25.53,1.431,9.15322
25.54,1.43,9.16752
25.55,1.43,9.18182
25.56,1.43,9.19612
25.56,1.43,9.19612
25.57,1.43,9.21042
25.58,1.43,9.22472
25.59,1.43,9.23902
25.6,1.431,9.25333
25.61,1.431,9.26764
25.62,1.431,9.28195
25.62,1.431,9.28195
25.63,1.431,9.29626
25.64,1.431,9.31057
25.65,1.431,9.32488
25.66,1.431,9.33919
25.66,1.431,9.33919
25.67,1.432,9.35351
25.68,1.432,9.36783
25.69,1.432,9.38215
25.7,1.432,9.39647
25.71,1.432,9.41079
25.71,1.432,9.41079
25.72,1.432,9.42511
25.73,1.432,9.43943
25.74,1.433,9.45376
25.75,1.433,9.46809
25.76,1.433,9.48242
25.77,1.433,9.49675
25.77,1.433,9.49675
25.78,1.433,9.51108
25.79,1.433,9.52541
25.8,1.433,9.53974
25.81,1.433,9.55407
25.81,1.433,9.55407
25.82,1.433,9.5684
25.83,1.433,9.58273
25.84,1.433,9.59706
25.85,1.433,9.61139
25.86,1.433,9.62572
25.87,1.433,9.64005
25.87,1.433,9.64005
25.88,1.433,9.65438
25.89,1.433,9.66871
25.9,1.434,9.68305
25.91,1.434,9.69739
25.91,1.434,9.69739
25.92,1.434,9.71173
25.93,1.434,9.72607
25.94,1.434,9.74041
25.95,1.434,9.75475
25.96,1.434,9.76909
25.96,1.434,9.76909
25.97,1.434,9.78343
25.98,1.434,9.79777
25.99,1.434,9.81211
26,1.434,9.82645
26.01,1.434,9.84079
26.01,1.435,9.84079
26.02,1.435,9.85514
26.03,1.435,9.86949
26.04,1.435,9.88384
26.05,1.435,9.89819
26.06,1.435,9.91254
26.06,1.436,9.91254
26.07,1.436,9.9269
26.08,1.436,9.94126
26.09,1.436,9.95562
26.1,1.436,9.96998
26.11,1.436,9.98434
26.11,1.436,9.98434
26.12,1.436,9.9987
26.13,1.436,10.01306
26.14,1.436,10.02742
26.15,1.436,10.04178
26.16,1.436,10.05614
26.16,1.436,10.05614
26.17,1.436,10.0705
26.18,1.436,10.08486
26.19,1.436,10.09922
26.2,1.436,10.11358
26.21,1.436,10.12794
26.21,1.436,10.12794
26.22,1.436,10.1423
26.23,1.436,10.15666
26.24,1.436,10.17102
26.25,1.437,10.18539
26.25,1.437,10.18539
26.26,1.437,10.19976
26.27,1.437,10.21413
26.28,1.437,10.2285
26.29,1.437,10.24287
26.3,1.437,10.25724
26.31,1.437,10.27161
26.31,1.436,10.27161
26.32,1.436,10.28597
26.33,1.436,10.30033
26.34,1.436,10.31469
26.35,1.436,10.32905
26.36,1.436,10.34341
26.36,1.436,10.34341
26.37,1.436,10.35777
26.38,1.436,10.37213
26.39,1.437,10.3865
26.4,1.437,10.40087
26.41,1.437,10.41524
26.41,1.437,10.41524
26.42,1.437,10.42961
26.43,1.437,10.44398
26.44,1.438,10.45836
26.45,1.438,10.47274
26.46,1.438,10.48712
26.46,1.438,10.48712
26.47,1.438,10.5015
26.48,1.438,10.51588
26.49,1.438,10.53026
26.5,1.438,10.54464
26.5,1.438,10.54464
26.51,1.438,10.55902
26.52,1.438,10.5734
26.53,1.438,10.58778
26.54,1.437,10.60215
26.55,1.437,10.61652
26.56,1.437,10.63089
26.56,1.437,10.63089
26.57,1.437,10.64526
26.58,1.438,10.65964
26.59,1.438,10.67402
26.6,1.438,10.6884
26.61,1.438,10.70278
26.61,1.438,10.70278
26.62,1.438,10.71716
26.63,1.438,10.73154
26.64,1.437,10.74591
26.65,1.437,10.76028
26.66,1.437,10.77465
26.66,1.437,10.77465
26.67,1.437,10.78902
26.68,1.437,10.80339
26.69,1.437,10.81776
26.7,1.437,10.83213
26.71,1.437,10.8465
26.71,1.437,10.8465
26.72,1.437,10.86087
26.73,1.437,10.87524
26.74,1.436,10.8896
26.75,1.436,10.90396
26.76,1.436,10.91832
26.76,1.436,10.91832
26.77,1.437,10.93269
26.78,1.437,10.94706
26.79,1.437,10.96143
26.8,1.438,10.97581
26.81,1.438,10.99019
26.81,1.438,10.99019
26.82,1.439,11.00458
26.83,1.439,11.01897
26.84,1.439,11.03336
26.85,1.438,11.04774
26.86,1.438,11.06212
26.86,1.438,11.06212
26.87,1.438,11.0765
26.88,1.438,11.09088
26.89,1.438,11.10526
26.9,1.438,11.11964
26.91,1.439,11.13403
26.91,1.439,11.13403
26.92,1.439,11.14842
26.93,1.439,11.16281
26.94,1.439,11.1772
26.95,1.439,11.19159
26.96,1.439,11.20598
26.96,1.439,11.20598
26.97,1.439,11.22037
26.98,1.439,11.23476
26.99,1.439,11.24915
27,1.439,11.26354
27.01,1.439,11.27793
27.01,1.439,11.27793
27.02,1.439,11.29232
27.03,1.439,11.30671
27.04,1.439,11.3211
27.05,1.439,11.33549
27.06,1.439,11.34988
27.06,1.439,11.34988
27.07,1.439,11.36427
27.08,1.439,11.37866
27.09,1.44,11.39306
27.1,1.44,11.40746
27.11,1.44,11.42186
27.11,1.441,11.42186
27.12,1.441,11.43627
27.13,1.441,11.45068
27.14,1.441,11.46509
27.15,1.441,11.4795
27.16,1.441,11.49391
27.17,1.441,11.50832
27.17,1.441,11.50832
27.18,1.441,11.52273
27.19,1.441,11.53714
27.2,1.441,11.55155
27.21,1.441,11.56596
27.21,1.441,11.56596
27.22,1.441,11.58037
27.23,1.441,11.59478
27.24,1.441,11.60919
27.25,1.441,11.6236
27.26,1.441,11.63801
27.26,1.441,11.63801
27.27,1.442,11.65243
27.28,1.442,11.66685
27.29,1.442,11.68127
27.3,1.442,11.69569
27.31,1.442,11.71011
27.31,1.442,11.71011
27.32,1.442,11.72453
27.33,1.442,11.73895
27.34,1.442,11.75337
27.35,1.442,11.76779
27.36,1.442,11.78221
27.36,1.442,11.78221
27.37,1.442,11.79663
27.38,1.443,11.81106
27.39,1.443,11.82549
27.4,1.443,11.83992
27.41,1.443,11.85435
27.41,1.443,11.85435
27.42,1.443,11.86878
27.43,1.443,11.88321
27.44,1.443,11.89764
27.45,1.443,11.91207
27.46,1.443,11.9265
27.46,1.443,11.9265
27.47,1.443,11.94093
27.48,1.444,11.95537
27.49,1.444,11.96981
27.5,1.444,11.98425
27.51,1.444,11.99869
27.51,1.444,11.99869
27.52,1.444,12.01313
27.53,1.444,12.02757
27.54,1.444,12.04201
27.55,1.445,12.05646
27.56,1.445,12.07091
27.57,1.445,12.08536
27.57,1.445,12.08536
27.58,1.445,12.09981
27.59,1.445,12.11426
27.6,1.445,12.12871
27.61,1.445,12.14316
27.61,1.446,12.14316
27.62,1.446,12.15762
27.63,1.446,12.17208
27.64,1.446,12.18654
27.65,1.446,12.201
27.66,1.447,12.21547
27.66,1.447,12.21547
27.67,1.447,12.22994
27.68,1.447,12.24441
27.69,1.447,12.25888
27.7,1.447,12.27335
27.71,1.447,12.28782
27.71,1.447,12.28782
27.72,1.447,12.30229
27.73,1.447,12.31676
27.74,1.447,12.33123
27.75,1.447,12.3457
27.76,1.447,12.36017
27.76,1.447,12.36017
27.77,1.447,12.37464
27.78,1.447,12.38911
27.79,1.447,12.40358
27.8,1.447,12.41805
27.81,1.447,12.43252
27.81,1.447,12.43252
27.82,1.447,12.44699
27.83,1.447,12.46146
27.84,1.448,12.47594
27.85,1.448,12.49042
27.86,1.448,12.5049
27.87,1.448,12.51938
27.87,1.448,12.51938
27.88,1.448,12.53386
27.89,1.448,12.54834
27.9,1.448,12.56282
27.91,1.448,12.5773
27.91,1.448,12.5773
27.92,1.448,12.59178
27.93,1.449,12.60627
27.94,1.449,12.62076
27.95,1.449,12.63525
27.96,1.449,12.64974
27.96,1.449,12.64974
27.97,1.449,12.66423
27.98,1.449,12.67872
27.99,1.449,12.69321
28,1.45,12.70771
28.01,1.45,12.72221
28.01,1.45,12.72221
28.02,1.45,12.73671
28.03,1.45,12.75121
28.04,1.451,12.76572
28.05,1.451,12.78023
28.06,1.451,12.79474
28.06,1.45,12.79474
28.07,1.45,12.80924
28.08,1.45,12.82374
28.09,1.45,12.83824
28.1,1.45,12.85274
28.11,1.45,12.86724
28.11,1.45,12.86724
28.12,1.45,12.88174
28.13,1.45,12.89624
28.14,1.45,12.91074
28.15,1.45,12.92524
28.15,1.45,12.92524
28.16,1.45,12.93974
28.17,1.45,12.95424
28.18,1.45,12.96874
28.19,1.45,12.98324
28.2,1.451,12.99775
28.21,1.451,13.01226
28.21,1.451,13.01226
28.22,1.451,13.02677
28.23,1.451,13.04128
28.24,1.451,13.05579
28.25,1.451,13.0703
28.26,1.451,13.08481
28.26,1.451,13.08481
28.27,1.451,13.09932
28.28,1.451,13.11383
28.29,1.451,13.12834
28.3,1.451,13.14285
28.31,1.451,13.15736
28.31,1.451,13.15736
28.32,1.452,13.17188
28.33,1.452,13.1864
28.34,1.452,13.20092
28.35,1.452,13.21544
28.36,1.452,13.22996
28.36,1.452,13.22996
28.37,1.452,13.24448
28.38,1.452,13.259
28.39,1.452,13.27352
28.4,1.452,13.28804
28.41,1.452,13.30256
28.41,1.452,13.30256
28.42,1.452,13.31708
28.43,1.452,13.3316
28.44,1.452,13.34612
28.45,1.452,13.36064
28.46,1.452,13.37516
28.46,1.452,13.37516
28.47,1.452,13.38968
28.48,1.452,13.4042
28.49,1.452,13.41872
28.5,1.452,13.43324
28.51,1.452,13.44776
28.51,1.452,13.44776
28.52,1.453,13.46229
28.53,1.453,13.47682
28.54,1.453,13.49135
28.55,1.453,13.50588
28.56,1.453,13.52041
28.56,1.453,13.52041
28.57,1.453,13.53494
28.58,1.453,13.54947
28.59,1.453,13.564
28.6,1.453,13.57853
28.61,1.453,13.59306
28.62,1.453,13.60759
28.62,1.453,13.60759
28.63,1.454,13.62213
28.64,1.454,13.63667
28.65,1.454,13.65121
28.66,1.454,13.66575
28.66,1.454,13.66575
28.67,1.453,13.68028
28.68,1.453,13.69481
28.69,1.453,13.70934
28.7,1.454,13.72388
28.71,1.454,13.73842
28.71,1.454,13.73842
28.72,1.455,13.75297
28.73,1.455,13.76752
28.74,1.455,13.78207
28.75,1.456,13.79663
28.76,1.456,13.81119
28.76,1.456,13.81119
28.77,1.456,13.82575
28.78,1.456,13.84031
28.79,1.456,13.85487
28.8,1.455,13.86942
28.81,1.456,13.88398
28.81,1.456,13.88398
28.82,1.456,13.89854
28.83,1.456,13.9131
28.84,1.456,13.92766
28.85,1.456,13.94222
28.86,1.456,13.95678
28.86,1.456,13.95678
28.87,1.456,13.97134
28.88,1.456,13.9859
28.89,1.456,14.00046
28.9,1.456,14.01502
28.91,1.456,14.02958
28.91,1.456,14.02958
28.92,1.456,14.04414
28.93,1.456,14.0587
28.94,1.457,14.07327
28.95,1.457,14.08784
28.95,1.458,14.08784
28.96,1.458,14.10242
28.97,1.458,14.117
28.98,1.459,14.13159
28.99,1.459,14.14618
29,1.458,14.16076
29.01,1.458,14.17534
29.01,1.458,14.17534
29.02,1.458,14.18992
29.03,1.458,14.2045
29.04,1.458,14.21908
29.05,1.458,14.23366
29.06,1.458,14.24824
29.06,1.458,14.24824
29.07,1.458,14.26282
29.08,1.458,14.2774
29.09,1.459,14.29199
29.1,1.459,14.30658
29.11,1.459,14.32117
29.11,1.459,14.32117
29.12,1.46,14.33577
29.13,1.46,14.35037
29.14,1.46,14.36497
29.15,1.459,14.37956
29.16,1.459,14.39415
29.16,1.459,14.39415
29.17,1.459,14.40874
29.18,1.459,14.42333
29.19,1.459,14.43792
29.2,1.459,14.45251
29.21,1.459,14.4671
29.21,1.46,14.4671
29.22,1.46,14.4817
29.23,1.46,14.4963
29.24,1.46,14.5109
29.25,1.46,14.5255
29.26,1.46,14.5401
29.26,1.46,14.5401
29.27,1.46,14.5547
29.28,1.46,14.5693
29.29,1.46,14.5839
29.3,1.46,14.5985
29.31,1.46,14.6131
29.31,1.46,14.6131
29.32,1.46,14.6277
29.33,1.46,14.6423
29.34,1.459,14.65689
29.35,1.46,14.67149
29.36,1.46,14.68609
29.36,1.46,14.68609
29.37,1.46,14.70069
29.38,1.46,14.71529
29.39,1.461,14.7299
29.4,1.461,14.74451
29.41,1.461,14.75912
29.42,1.461,14.77373
29.42,1.461,14.77373
29.43,1.461,14.78834
29.44,1.461,14.80295
29.45,1.461,14.81756
29.46,1.461,14.83217
29.46,1.461,14.83217
29.47,1.461,14.84678
29.48,1.461,14.86139
29.49,1.461,14.876
29.5,1.461,14.89061
29.51,1.462,14.90523
29.51,1.462,14.90523
29.52,1.462,14.91985
29.53,1.463,14.93448
29.54,1.463,14.94911
29.55,1.463,14.96374
29.56,1.463,14.97837
29.56,1.463,14.97837
29.57,1.463,14.993
29.58,1.463,15.00763
29.59,1.463,15.02226
29.6,1.463,15.03689
29.61,1.463,15.05152
29.61,1.462,15.05152
29.62,1.463,15.06615
29.63,1.463,15.08078
29.64,1.463,15.09541
29.65,1.463,15.11004
29.66,1.463,15.12467
29.66,1.464,15.12467
29.67,1.464,15.13931
29.68,1.464,15.15395
29.69,1.464,15.16859
29.7,1.464,15.18323
29.71,1.464,15.19787
29.71,1.464,15.19787
29.72,1.464,15.21251
29.73,1.464,15.22715
29.74,1.464,15.24179
29.75,1.463,15.25642
29.76,1.463,15.27105
29.76,1.463,15.27105
29.77,1.464,15.28569
29.78,1.464,15.30033
29.79,1.464,15.31497
29.8,1.464,15.32961
29.81,1.464,15.34425
29.81,1.464,15.34425
29.82,1.465,15.3589
29.83,1.465,15.37355
29.84,1.465,15.3882
29.85,1.464,15.40284
29.86,1.464,15.41748
29.86,1.464,15.41748
29.87,1.465,15.43213
29.88,1.465,15.44678
29.89,1.465,15.46143
29.9,1.466,15.47609
29.91,1.466,15.49075
29.91,1.466,15.49075
29.92,1.466,15.50541
29.93,1.466,15.52007
29.94,1.466,15.53473
29.95,1.466,15.54939
29.96,1.465,15.56404
29.96,1.465,15.56404
29.97,1.465,15.57869
29.98,1.466,15.59335
29.99,1.466,15.60801
30,1.466,15.62267
30.01,1.466,15.63733
30.01,1.466,15.63733
30.02,1.467,15.652
30.03,1.467,15.66667
30.04,1.467,15.68134
30.05,1.467,15.69601
30.06,1.467,15.71068
30.06,1.468,15.71068
30.07,1.468,15.72536
30.08,1.468,15.74004
30.09,1.468,15.75472
30.1,1.468,15.7694
30.11,1.468,15.78408
30.11,1.467,15.78408
30.12,1.467,15.79875
30.13,1.467,15.81342
30.14,1.467,15.82809
30.15,1.468,15.84277
30.16,1.468,15.85745
30.16,1.468,15.85745
30.17,1.468,15.87213
30.18,1.468,15.88681
30.19,1.469,15.9015
30.2,1.469,15.91619
30.21,1.469,15.93088
30.21,1.469,15.93088
30.22,1.469,15.94557
30.23,1.469,15.96026
30.24,1.469,15.97495
30.25,1.47,15.98965
30.26,1.47,16.00435
30.26,1.47,16.00435
30.27,1.47,16.01905
30.28,1.47,16.03375
30.29,1.471,16.04846
30.3,1.471,16.06317
30.31,1.471,16.07788
30.31,1.471,16.07788
30.32,1.471,16.09259
30.33,1.471,16.1073
30.34,1.471,16.12201
30.35,1.471,16.13672
30.36,1.471,16.15143
30.36,1.471,16.15143
30.37,1.471,16.16614
30.38,1.471,16.18085
30.39,1.471,16.19556
30.4,1.471,16.21027
30.41,1.471,16.22498
30.41,1.471,16.22498
30.42,1.471,16.23969
30.43,1.472,16.25441
30.44,1.472,16.26913
30.45,1.472,16.28385
30.46,1.472,16.29857
30.47,1.472,16.31329
30.47,1.472,16.31329
30.48,1.472,16.32801
30.49,1.472,16.34273
30.5,1.472,16.35745
30.51,1.472,16.37217
30.51,1.472,16.37217
30.52,1.472,16.38689
30.53,1.472,16.40161
30.54,1.472,16.41633
30.55,1.472,16.43105
30.56,1.472,16.44577
30.56,1.473,16.44577
30.57,1.473,16.4605
30.58,1.473,16.47523
30.59,1.473,16.48996
30.6,1.474,16.5047
30.61,1.474,16.51944
30.61,1.474,16.51944
30.62,1.474,16.53418
30.63,1.474,16.54892
30.64,1.473,16.56365
30.65,1.473,16.57838
30.66,1.473,16.59311
30.66,1.473,16.59311
30.67,1.473,16.60784
30.68,1.473,16.62257
30.69,1.474,16.63731
30.7,1.474,16.65205
30.71,1.474,16.66679
30.71,1.474,16.66679
30.72,1.474,16.68153
30.73,1.474,16.69627
30.74,1.474,16.71101
30.75,1.474,16.72575
30.76,1.475,16.7405
30.76,1.475,16.7405
30.77,1.475,16.75525
30.78,1.475,16.77
30.79,1.475,16.78475
30.8,1.476,16.79951
30.8,1.476,16.79951
30.81,1.476,16.81427
30.82,1.476,16.82903
30.83,1.477,16.8438
30.84,1.477,16.85857
30.85,1.477,16.87334
30.86,1.478,16.88812
30.86,1.478,16.88812
30.87,1.478,16.9029
30.88,1.478,16.91768
30.89,1.478,16.93246
30.9,1.478,16.94724
30.91,1.478,16.96202
30.91,1.478,16.96202
30.92,1.478,16.9768
30.93,1.477,16.99157
30.94,1.477,17.00634
30.95,1.478,17.02112
30.96,1.478,17.0359
30.96,1.478,17.0359
30.97,1.478,17.05068
30.98,1.477,17.06545
30.99,1.477,17.08022
31,1.477,17.09499
31.01,1.477,17.10976
31.01,1.477,17.10976
31.02,1.478,17.12454
31.03,1.478,17.13932
31.04,1.478,17.1541
31.05,1.478,17.16888
31.06,1.479,17.18367
31.06,1.479,17.18367
31.07,1.479,17.19846
31.08,1.479,17.21325
31.09,1.479,17.22804
31.1,1.479,17.24283
31.11,1.479,17.25762
31.11,1.479,17.25762
31.12,1.479,17.27241
31.13,1.48,17.28721
31.14,1.48,17.30201
31.15,1.48,17.31681
31.16,1.48,17.33161
31.16,1.48,17.33161
31.17,1.48,17.34641
31.18,1.481,17.36122
31.19,1.481,17.37603
31.2,1.481,17.39084
31.21,1.481,17.40565
31.22,1.481,17.42046
31.22,1.481,17.42046
31.23,1.481,17.43527
31.24,1.481,17.45008
31.25,1.481,17.46489
31.26,1.481,17.4797
31.26,1.481,17.4797
31.27,1.481,17.49451
31.28,1.481,17.50932
31.29,1.481,17.52413
31.3,1.482,17.53895
31.31,1.482,17.55377
31.31,1.482,17.55377
31.32,1.483,17.5686
31.33,1.483,17.58343
31.34,1.483,17.59826
31.35,1.484,17.6131
31.36,1.484,17.62794
31.36,1.484,17.62794
31.37,1.484,17.64278
31.38,1.484,17.65762
31.39,1.484,17.67246
31.4,1.484,17.6873
31.41,1.484,17.70214
31.41,1.484,17.70214
31.42,1.484,17.71698
31.43,1.484,17.73182
31.44,1.484,17.74666
31.45,1.484,17.7615
31.46,1.484,17.77634
31.46,1.485,17.77634
31.47,1.485,17.79119
31.48,1.485,17.80604
31.49,1.486,17.8209
31.5,1.486,17.83576
31.51,1.486,17.85062
31.52,1.486,17.86548
31.52,1.486,17.86548
31.53,1.486,17.88034
31.54,1.486,17.8952
31.55,1.487,17.91007
31.56,1.487,17.92494
31.56,1.487,17.92494
31.57,1.487,17.93981
31.58,1.487,17.95468
31.59,1.487,17.96955
31.6,1.487,17.98442
31.61,1.487,17.99929
31.61,1.487,17.99929
31.62,1.487,18.01416
31.63,1.487,18.02903
31.64,1.487,18.0439
31.65,1.487,18.05877
31.66,1.488,18.07365
31.66,1.488,18.07365
31.67,1.488,18.08853
31.68,1.489,18.10342
31.69,1.489,18.11831
31.7,1.489,18.1332
31.71,1.489,18.14809
31.71,1.489,18.14809
31.72,1.489,18.16298
31.73,1.489,18.17787
31.74,1.489,18.19276
31.75,1.489,18.20765
31.76,1.489,18.22254
31.76,1.489,18.22254
31.77,1.489,18.23743
31.78,1.489,18.25232
31.79,1.489,18.26721
31.8,1.49,18.28211
31.81,1.49,18.29701
31.81,1.49,18.29701
31.82,1.49,18.31191
31.83,1.49,18.32681
31.84,1.49,18.34171
31.85,1.49,18.35661
31.85,1.49,18.35661
31.86,1.49,18.37151
31.87,1.49,18.38641
31.88,1.49,18.40131
31.89,1.49,18.41621
31.9,1.49,18.43111
31.9,1.49,18.43111
31.91,1.49,18.44601
31.92,1.491,18.46092
31.93,1.491,18.47583
31.94,1.491,18.49074
31.95,1.492,18.50566
31.96,1.492,18.52058
31.96,1.492,18.52058
31.97,1.492,18.5355
31.98,1.493,18.55043
31.99,1.493,18.56536
32,1.493,18.58029
32.01,1.493,18.59522
32.01,1.493,18.59522
32.02,1.492,18.61014
32.03,1.492,18.62506
32.04,1.492,18.63998
32.05,1.492,18.6549
32.06,1.492,18.66982
32.06,1.492,18.66982
32.07,1.492,18.68474
32.08,1.493,18.69967
32.09,1.493,18.7146
32.1,1.493,18.72953
32.11,1.493,18.74446
32.11,1.493,18.74446
32.12,1.494,18.7594
32.13,1.494,18.77434
32.14,1.494,18.78928
32.15,1.494,18.80422
32.16,1.494,18.81916
32.16,1.495,18.81916
32.17,1.495,18.83411
32.18,1.495,18.84906
32.19,1.495,18.86401
32.2,1.495,18.87896
32.21,1.495,18.89391
32.21,1.495,18.89391
32.22,1.495,18.90886
32.23,1.495,18.92381
32.24,1.495,18.93876
32.25,1.495,18.95371
32.25,1.495,18.95371
32.26,1.495,18.96866
32.27,1.495,18.98361
32.28,1.495,18.99856
32.29,1.495,19.01351
32.3,1.495,19.02846
32.31,1.495,19.04341
32.31,1.495,19.04341
32.32,1.495,19.05836
32.33,1.495,19.07331
32.34,1.495,19.08826
32.35,1.495,19.10321
32.36,1.496,19.11817
32.36,1.496,19.11817
32.37,1.496,19.13313
32.38,1.497,19.1481
32.39,1.497,19.16307
32.4,1.497,19.17804
32.41,1.497,19.19301
32.41,1.497,19.19301
32.42,1.498,19.20799
32.43,1.498,19.22297
32.44,1.498,19.23795
32.45,1.498,19.25293
32.46,1.498,19.26791
32.46,1.498,19.26791
32.47,1.498,19.28289
32.48,1.498,19.29787
32.49,1.498,19.31285
32.5,1.498,19.32783
32.51,1.498,19.34281
32.51,1.498,19.34281
32.52,1.498,19.35779
32.53,1.498,19.37277
32.54,1.499,19.38776
32.55,1.499,19.40275
32.56,1.499,19.41774
32.56,1.499,19.41774
32.57,1.499,19.43273
32.58,1.499,19.44772
32.59,1.499,19.46271
32.6,1.499,19.4777
32.61,1.5,19.4927
32.61,1.5,19.4927
32.62,1.5,19.5077
32.63,1.5,19.5227
32.64,1.501,19.53771
32.65,1.501,19.55272
32.65,1.501,19.55272
32.66,1.501,19.56773
32.67,1.501,19.58274
32.68,1.501,19.59775
32.69,1.501,19.61276
32.7,1.501,19.62777
32.7,1.501,19.62777
32.71,1.501,19.64278
32.72,1.501,19.65779
32.73,1.502,19.67281
32.74,1.502,19.68783
32.75,1.502,19.70285
32.75,1.502,19.70285
32.76,1.503,19.71788
32.77,1.503,19.73291
32.78,1.503,19.74794
32.79,1.504,19.76298
32.8,1.504,19.77802
32.81,1.504,19.79306
32.81,1.504,19.79306
32.82,1.505,19.80811
32.83,1.505,19.82316
32.84,1.505,19.83821
32.85,1.505,19.85326
32.85,1.505,19.85326
32.86,1.505,19.86831
32.87,1.505,19.88336
32.88,1.505,19.89841
32.89,1.505,19.91346
32.9,1.505,19.92851
32.9,1.505,19.92851
32.91,1.505,19.94356
32.92,1.506,19.95862
32.93,1.506,19.97368
32.94,1.506,19.98874
32.95,1.507,20.00381
32.96,1.507,20.01888
32.96,1.507,20.01888
32.97,1.507,20.03395
32.98,1.507,20.04902
32.99,1.507,20.06409
33,1.507,20.07916
33.01,1.507,20.09423
33.01,1.507,20.09423
33.02,1.507,20.1093
33.03,1.507,20.12437
33.04,1.507,20.13944
33.05,1.507,20.15451
33.05,1.507,20.15451
33.06,1.507,20.16958
33.07,1.507,20.18465
33.08,1.507,20.19972
33.09,1.507,20.21479
33.1,1.507,20.22986
33.1,1.507,20.22986
33.11,1.507,20.24493
33.12,1.507,20.26
33.13,1.507,20.27507
33.14,1.507,20.29014
33.15,1.507,20.30521
33.16,1.508,20.32029
33.16,1.508,20.32029
33.17,1.508,20.33537
33.18,1.508,20.35045
33.19,1.508,20.36553
33.2,1.508,20.38061
33.21,1.508,20.39569
33.21,1.509,20.39569
33.22,1.509,20.41078
33.23,1.509,20.42587
33.24,1.509,20.44096
33.25,1.509,20.45605
33.25,1.509,20.45605
33.26,1.509,20.47114
33.27,1.51,20.48624
33.28,1.51,20.50134
33.29,1.51,20.51644
33.3,1.511,20.53155
33.3,1.511,20.53155
33.31,1.511,20.54666
33.32,1.511,20.56177
33.33,1.512,20.57689
33.34,1.512,20.59201
33.35,1.512,20.60713
33.35,1.511,20.60713
33.36,1.511,20.62224
33.37,1.512,20.63736
33.38,1.512,20.65248
33.39,1.512,20.6676
33.4,1.512,20.68272
33.41,1.512,20.69784
33.41,1.512,20.69784
33.42,1.513,20.71297
33.43,1.513,20.7281
33.44,1.513,20.74323
33.45,1.513,20.75836
33.45,1.513,20.75836
33.46,1.513,20.77349
33.47,1.513,20.78862
33.48,1.513,20.80375
33.49,1.513,20.81888
33.5,1.513,20.83401
33.5,1.513,20.83401
33.51,1.513,20.84914
33.52,1.513,20.86427
33.53,1.513,20.8794
33.54,1.514,20.89454
33.55,1.514,20.90968
33.55,1.514,20.90968
33.56,1.514,20.92482
33.57,1.514,20.93996
33.58,1.514,20.9551
33.59,1.514,20.97024
33.6,1.514,20.98538
33.6,1.514,20.98538
33.61,1.515,21.00053
33.62,1.515,21.01568
33.63,1.515,21.03083
33.64,1.515,21.04598
33.65,1.515,21.06113
33.66,1.515,21.07628
33.66,1.515,21.07628
33.67,1.515,21.09143
33.68,1.515,21.10658
33.69,1.515,21.12173
33.7,1.515,21.13688
33.7,1.516,21.13688
33.71,1.516,21.15204
33.72,1.516,21.1672
33.73,1.517,21.18237
33.74,1.517,21.19754
33.75,1.517,21.21271
33.75,1.517,21.21271
33.76,1.517,21.22788
33.77,1.517,21.24305
33.78,1.517,21.25822
33.79,1.517,21.27339
33.8,1.517,21.28856
33.8,1.517,21.28856
33.81,1.517,21.30373
33.82,1.517,21.3189
33.83,1.517,21.33407
33.84,1.517,21.34924
33.85,1.518,21.36442
33.85,1.518,21.36442
33.86,1.518,21.3796
33.87,1.519,21.39479
33.88,1.519,21.40998
33.89,1.519,21.42517
33.9,1.52,21.44037
33.9,1.519,21.44037
33.91,1.519,21.45556
33.92,1.519,21.47075
33.93,1.519,21.48594
33.94,1.519,21.50113
33.95,1.519,21.51632
33.96,1.519,21.53151
33.96,1.519,21.53151
33.97,1.52,21.54671
33.98,1.52,21.56191
33.99,1.52,21.57711
34,1.521,21.59232
34.01,1.521,21.60753
34.01,1.521,21.60753
34.02,1.521,21.62274
34.03,1.521,21.63795
34.04,1.522,21.65317
34.05,1.522,21.66839
34.05,1.522,21.66839
34.06,1.522,21.68361
34.07,1.522,21.69883
34.08,1.523,21.71406
34.09,1.523,21.72929
34.1,1.523,21.74452
34.11,1.523,21.75975
34.11,1.524,21.75975
34.12,1.524,21.77499
34.13,1.524,21.79023
34.14,1.524,21.80547
34.15,1.524,21.82071
34.15,1.524,21.82071
34.16,1.524,21.83595
34.17,1.524,21.85119
34.18,1.524,21.86643
34.19,1.524,21.88167
34.2,1.524,21.89691
34.2,1.524,21.89691
34.21,1.524,21.91215
34.22,1.524,21.92739
34.23,1.524,21.94263
34.24,1.524,21.95787
34.25,1.524,21.97311
34.25,1.524,21.97311
34.26,1.525,21.98836
34.27,1.525,22.00361
34.28,1.525,22.01886
34.29,1.525,22.03411
34.3,1.526,22.04937
34.3,1.526,22.04937
34.31,1.526,22.06463
34.32,1.526,22.07989
34.33,1.526,22.09515
34.34,1.526,22.11041
34.35,1.526,22.12567
34.35,1.527,22.12567
34.36,1.527,22.14094
34.37,1.527,22.15621
34.38,1.527,22.17148
34.39,1.527,22.18675
34.4,1.527,22.20202
34.4,1.528,22.20202
34.41,1.528,22.2173
34.42,1.528,22.23258
34.43,1.528,22.24786
34.44,1.529,22.26315
34.45,1.529,22.27844
34.45,1.529,22.27844
34.46,1.529,22.29373
34.47,1.529,22.30902
34.48,1.53,22.32432
34.49,1.53,22.33962
34.5,1.53,22.35492
34.5,1.53,22.35492
34.51,1.531,22.37023
34.52,1.531,22.38554
34.53,1.531,22.40085
34.54,1.531,22.41616
34.55,1.531,22.43147
34.55,1.531,22.43147
34.56,1.531,22.44678
34.57,1.531,22.46209
34.58,1.531,22.4774
34.59,1.532,22.49272
34.6,1.532,22.50804
34.6,1.532,22.50804
34.61,1.532,22.52336
34.62,1.532,22.53868
34.63,1.532,22.554
34.64,1.532,22.56932
34.65,1.532,22.58464
34.65,1.533,22.58464
34.66,1.533,22.59997
34.67,1.533,22.6153
34.68,1.533,22.63063
34.69,1.534,22.64597
34.7,1.534,22.66131
34.7,1.534,22.66131
34.71,1.534,22.67665
34.72,1.534,22.69199
34.73,1.534,22.70733
34.74,1.533,22.72266
34.75,1.533,22.73799
34.75,1.533,22.73799
34.76,1.533,22.75332
34.77,1.534,22.76866
34.78,1.534,22.784
34.79,1.535,22.79935
34.8,1.535,22.8147
34.8,1.535,22.8147
34.81,1.536,22.83006
34.82,1.536,22.84542
34.83,1.536,22.86078
34.84,1.536,22.87614
34.85,1.536,22.8915
34.86,1.536,22.90686
34.86,1.536,22.90686
34.87,1.536,22.92222
34.88,1.536,22.93758
34.89,1.536,22.95294
34.9,1.536,22.9683
34.9,1.536,22.9683
34.91,1.536,22.98366
34.92,1.537,22.99903
34.93,1.537,23.0144
34.94,1.537,23.02977
34.95,1.538,23.04515
34.95,1.538,23.04515
34.96,1.538,23.06053
34.97,1.538,23.07591
34.98,1.538,23.09129
34.99,1.538,23.10667
35,1.539,23.12206
35,1.539,23.12206
35.01,1.539,23.13745
35.02,1.539,23.15284
35.03,1.539,23.16823
35.04,1.539,23.18362
35.05,1.539,23.19901
35.05,1.539,23.19901
35.06,1.539,23.2144
35.07,1.539,23.22979
35.08,1.539,23.24518
35.09,1.539,23.26057
35.1,1.54,23.27597
35.1,1.54,23.27597
35.11,1.54,23.29137
35.12,1.54,23.30677
35.13,1.541,23.32218
35.14,1.541,23.33759
35.15,1.541,23.353
35.15,1.542,23.353
35.16,1.542,23.36842
35.17,1.542,23.38384
35.18,1.542,23.39926
35.19,1.543,23.41469
35.2,1.543,23.43012
35.2,1.543,23.43012
35.21,1.543,23.44555
35.22,1.543,23.46098
35.23,1.543,23.47641
35.24,1.543,23.49184
35.25,1.543,23.50727
35.25,1.543,23.50727
35.26,1.543,23.5227
35.27,1.543,23.53813
35.28,1.544,23.55357
35.29,1.544,23.56901
35.3,1.544,23.58445
35.3,1.544,23.58445
35.31,1.544,23.59989
35.32,1.544,23.61533
35.33,1.545,23.63078
35.34,1.545,23.64623
35.34,1.545,23.64623
35.35,1.545,23.66168
35.36,1.545,23.67713
35.37,1.546,23.69259
35.38,1.546,23.70805
35.39,1.546,23.72351
35.4,1.545,23.73896
35.4,1.545,23.73896
35.41,1.545,23.75441
35.42,1.545,23.76986
35.43,1.545,23.78531
35.44,1.545,23.80076
35.45,1.545,23.81621
35.45,1.545,23.81621
35.46,1.546,23.83167
35.47,1.546,23.84713
35.48,1.546,23.86259
35.49,1.546,23.87805
35.49,1.546,23.87805
35.5,1.547,23.89352
35.51,1.547,23.90899
35.52,1.547,23.92446
35.53,1.548,23.93994
35.54,1.548,23.95542
35.55,1.548,23.9709
35.55,1.549,23.9709
35.56,1.549,23.98639
35.57,1.549,24.00188
35.58,1.549,24.01737
35.59,1.549,24.03286
35.6,1.549,24.04835
35.6,1.549,24.04835
35.61,1.549,24.06384
35.62,1.549,24.07933
35.63,1.549,24.09482
35.64,1.549,24.11031
35.65,1.549,24.1258
35.65,1.549,24.1258
35.66,1.549,24.14129
35.67,1.549,24.15678
35.68,1.549,24.17227
35.69,1.549,24.18776
35.69,1.549,24.18776
35.7,1.549,24.20325
35.71,1.55,24.21875
35.72,1.55,24.23425
35.73,1.55,24.24975
35.74,1.55,24.26525
35.75,1.551,24.28076
35.75,1.551,24.28076
35.76,1.551,24.29627
35.77,1.551,24.31178
35.78,1.551,24.32729
35.79,1.551,24.3428
35.8,1.551,24.35831
35.8,1.551,24.35831
35.81,1.551,24.37382
35.82,1.552,24.38934
35.83,1.552,24.40486
35.84,1.552,24.42038
35.85,1.552,24.4359
35.85,1.552,24.4359
35.86,1.552,24.45142
35.87,1.553,24.46695
35.88,1.553,24.48248
35.89,1.553,24.49801
35.9,1.553,24.51354
35.9,1.554,24.51354
35.91,1.554,24.52908
35.92,1.554,24.54462
35.93,1.554,24.56016
35.94,1.554,24.5757
35.95,1.554,24.59124
35.95,1.554,24.59124
35.96,1.554,24.60678
35.97,1.554,24.62232
35.98,1.554,24.63786
35.99,1.554,24.6534
36,1.554,24.66894
36,1.554,24.66894
36.01,1.555,24.68449
36.02,1.555,24.70004
36.03,1.555,24.71559
36.04,1.555,24.73114
36.05,1.556,24.7467
36.05,1.556,24.7467
36.06,1.557,24.76227
36.07,1.557,24.77784
36.08,1.557,24.79341
36.09,1.558,24.80899
36.09,1.558,24.80899
36.1,1.558,24.82457
36.11,1.558,24.84015
36.12,1.558,24.85573
36.13,1.558,24.87131
36.14,1.558,24.88689
36.14,1.558,24.88689
36.15,1.558,24.90247
36.16,1.558,24.91805
36.17,1.558,24.93363
36.18,1.558,24.94921
36.19,1.558,24.96479
36.19,1.558,24.96479
36.2,1.558,24.98037
36.21,1.558,24.99595
36.22,1.559,25.01154
36.23,1.559,25.02713
36.24,1.559,25.04272
36.25,1.56,25.05832
36.25,1.56,25.05832
36.26,1.56,25.07392
36.27,1.56,25.08952
36.28,1.56,25.10512
36.29,1.56,25.12072
36.29,1.56,25.12072
36.3,1.56,25.13632
36.31,1.56,25.15192
36.32,1.56,25.16752
36.33,1.56,25.18312
36.34,1.561,25.19873
36.34,1.561,25.19873
36.35,1.561,25.21434
36.36,1.561,25.22995
36.37,1.561,25.24556
36.38,1.561,25.26117
36.39,1.561,25.27678
36.4,1.561,25.29239
36.4,1.561,25.29239
36.41,1.562,25.30801
36.42,1.562,25.32363
36.43,1.562,25.33925
36.44,1.563,25.35488
36.45,1.563,25.37051
36.45,1.563,25.37051
36.46,1.563,25.38614
36.47,1.563,25.40177
36.48,1.564,25.41741
36.49,1.564,25.43305
36.49,1.564,25.43305
36.5,1.564,25.44869
36.51,1.564,25.46433
36.52,1.564,25.47997
36.53,1.564,25.49561
36.54,1.564,25.51125
36.54,1.564,25.51125
36.55,1.563,25.52688
36.56,1.563,25.54251
36.57,1.563,25.55814
36.58,1.563,25.57377
36.59,1.563,25.5894
36.59,1.564,25.5894
36.6,1.564,25.60504
36.61,1.564,25.62068
36.62,1.564,25.63632
36.63,1.565,25.65197
36.64,1.565,25.66762
36.64,1.565,25.66762
36.65,1.565,25.68327
36.66,1.565,25.69892
36.67,1.565,25.71457
36.68,1.565,25.73022
36.69,1.565,25.74587
36.7,1.565,25.76152
36.7,1.565,25.76152
36.71,1.565,25.77717
36.72,1.565,25.79282
36.73,1.565,25.80847
36.74,1.565,25.82412
36.75,1.565,25.83977
36.75,1.565,25.83977
36.76,1.565,25.85542
36.77,1.566,25.87108
36.78,1.566,25.88674
36.79,1.566,25.9024
36.8,1.566,25.91806
36.8,1.567,25.91806
36.81,1.567,25.93373
36.82,1.567,25.9494
36.83,1.568,25.96508
36.84,1.568,25.98076
36.84,1.568,25.98076
36.85,1.568,25.99644
36.86,1.568,26.01212
36.87,1.568,26.0278
36.88,1.567,26.04347
36.89,1.567,26.05914
36.89,1.567,26.05914
36.9,1.567,26.07481
36.91,1.568,26.09049
36.92,1.568,26.10617
36.93,1.568,26.12185
36.94,1.568,26.13753
36.94,1.568,26.13753
36.95,1.568,26.15321
36.96,1.568,26.16889
36.97,1.569,26.18458
36.98,1.569,26.20027
36.99,1.569,26.21596
36.99,1.569,26.21596
37,1.57,26.23166
37.01,1.57,26.24736
37.02,1.57,26.26306
37.03,1.57,26.27876
37.04,1.57,26.29446
37.04,1.57,26.29446
37.05,1.57,26.31016
37.06,1.57,26.32586
37.07,1.57,26.34156
37.08,1.57,26.35726
37.09,1.57,26.37296
37.09,1.57,26.37296
37.1,1.57,26.38866
37.11,1.57,26.40436
37.12,1.57,26.42006
37.13,1.57,26.43576
37.14,1.57,26.45146
37.15,1.57,26.46716
37.15,1.57,26.46716
37.16,1.57,26.48286
37.17,1.57,26.49856
37.18,1.571,26.51427
37.19,1.571,26.52998
37.2,1.572,26.5457
37.2,1.572,26.5457
37.21,1.572,26.56142
37.22,1.572,26.57714
37.23,1.573,26.59287
37.24,1.573,26.6086
37.24,1.573,26.6086
37.25,1.573,26.62433
37.26,1.573,26.64006
37.27,1.573,26.65579
37.28,1.573,26.67152
37.29,1.573,26.68725
37.29,1.573,26.68725
37.3,1.573,26.70298
37.31,1.573,26.71871
37.32,1.573,26.73444
37.33,1.573,26.75017
37.33,1.573,26.75017
37.34,1.573,26.7659
37.35,1.574,26.78164
37.36,1.574,26.79738
37.37,1.574,26.81312
37.38,1.574,26.82886
37.39,1.574,26.8446
37.39,1.574,26.8446
37.4,1.574,26.86034
37.41,1.574,26.87608
37.42,1.574,26.89182
37.43,1.575,26.90757
37.44,1.575,26.92332
37.44,1.575,26.92332
37.45,1.575,26.93907
37.46,1.576,26.95483
37.47,1.576,26.97059
37.48,1.576,26.98635
37.49,1.576,27.00211
37.5,1.576,27.01787
37.5,1.576,27.01787
37.51,1.576,27.03363
37.52,1.576,27.04939
37.53,1.576,27.06515
37.54,1.576,27.08091
37.54,1.576,27.08091
37.55,1.576,27.09667
37.56,1.576,27.11243
37.57,1.577,27.1282
37.58,1.577,27.14397
37.59,1.578,27.15975
37.59,1.578,27.15975
37.6,1.578,27.17553
37.61,1.578,27.19131
37.62,1.578,27.20709
37.63,1.578,27.22287
37.64,1.578,27.23865
37.64,1.578,27.23865
37.65,1.578,27.25443
37.66,1.578,27.27021
37.67,1.578,27.28599
37.68,1.578,27.30177
37.69,1.578,27.31755
37.69,1.578,27.31755
37.7,1.578,27.33333
37.71,1.578,27.34911
37.72,1.578,27.36489
37.73,1.579,27.38068
37.74,1.579,27.39647
37.75,1.579,27.41226
37.75,1.579,27.41226
37.76,1.579,27.42805
37.77,1.58,27.44385
37.78,1.58,27.45965
37.79,1.58,27.47545
37.79,1.58,27.47545
37.8,1.58,27.49125
37.81,1.58,27.50705
37.82,1.58,27.52285
37.83,1.58,27.53865
37.84,1.58,27.55445
37.84,1.58,27.55445
37.85,1.58,27.57025
37.86,1.58,27.58605
37.87,1.581,27.60186
37.88,1.581,27.61767
37.89,1.581,27.63348
37.9,1.581,27.64929
37.9,1.582,27.64929
37.91,1.582,27.66511
37.92,1.582,27.68093
37.93,1.582,27.69675
37.94,1.582,27.71257
37.94,1.582,27.71257
37.95,1.582,27.72839
37.96,1.582,27.74421
37.97,1.582,27.76003
37.98,1.582,27.77585
37.99,1.582,27.79167
38,1.582,27.80749
38,1.582,27.80749
38.01,1.582,27.82331
38.02,1.582,27.83913
38.03,1.583,27.85496
38.04,1.583,27.87079
38.04,1.583,27.87079
38.05,1.583,27.88662
38.06,1.584,27.90246
38.07,1.584,27.9183
38.08,1.584,27.93414
38.09,1.584,27.94998
38.09,1.584,27.94998
38.1,1.583,27.96581
38.11,1.583,27.98164
38.12,1.583,27.99747
38.13,1.584,28.01331
38.14,1.584,28.02915
38.14,1.584,28.02915
38.15,1.585,28.045
38.16,1.586,28.06086
38.17,1.586,28.07672
38.18,1.586,28.09258
38.19,1.586,28.10844
38.19,1.586,28.10844
38.2,1.586,28.1243
38.21,1.586,28.14016
38.22,1.586,28.15602
38.23,1.586,28.17188
38.24,1.587,28.18775
38.24,1.587,28.18775
38.25,1.587,28.20362
38.26,1.587,28.21949
38.27,1.587,28.23536
38.28,1.588,28.25124
38.29,1.588,28.26712
38.29,1.588,28.26712
38.3,1.588,28.283
38.31,1.588,28.29888
38.32,1.588,28.31476
38.33,1.588,28.33064
38.34,1.588,28.34652
38.34,1.588,28.34652
38.35,1.588,28.3624
38.36,1.589,28.37829
38.37,1.589,28.39418
38.38,1.589,28.41007
38.39,1.59,28.42597
38.39,1.59,28.42597
38.4,1.59,28.44187
38.41,1.59,28.45777
38.42,1.591,28.47368
38.43,1.591,28.48959
38.44,1.591,28.5055
38.44,1.59,28.5055
38.45,1.59,28.5214
38.46,1.59,28.5373
38.47,1.59,28.5532
38.48,1.591,28.56911
38.49,1.591,28.58502
38.49,1.591,28.58502
38.5,1.591,28.60093
38.51,1.591,28.61684
38.52,1.592,28.63276
38.53,1.592,28.64868
38.54,1.592,28.6646
38.54,1.591,28.6646
38.55,1.591,28.68051
38.56,1.591,28.69642
38.57,1.591,28.71233
38.58,1.591,28.72824
38.59,1.591,28.74415
38.59,1.591,28.74415
38.6,1.591,28.76006
38.61,1.591,28.77597
38.62,1.592,28.79189
38.63,1.592,28.80781
38.64,1.592,28.82373
38.64,1.592,28.82373
38.65,1.592,28.83965
38.66,1.593,28.85558
38.67,1.593,28.87151
38.68,1.593,28.88744
38.69,1.593,28.90337
38.69,1.593,28.90337
38.7,1.594,28.91931
38.71,1.594,28.93525
38.72,1.594,28.95119
38.73,1.595,28.96714
38.74,1.595,28.98309
38.74,1.595,28.98309
38.75,1.595,28.99904
38.76,1.595,29.01499
38.77,1.595,29.03094
38.78,1.595,29.04689
38.79,1.595,29.06284
38.79,1.595,29.06284
38.8,1.596,29.0788
38.81,1.596,29.09476
38.82,1.596,29.11072
38.83,1.596,29.12668
38.84,1.596,29.14264
38.84,1.596,29.14264
38.85,1.597,29.15861
38.86,1.597,29.17458
38.87,1.597,29.19055
38.88,1.597,29.20652
38.88,1.598,29.20652
38.89,1.598,29.2225
38.9,1.598,29.23848
38.91,1.598,29.25446
38.92,1.598,29.27044
38.93,1.599,29.28643
38.93,1.599,29.28643
38.94,1.599,29.30242
38.95,1.599,29.31841
38.96,1.599,29.3344
38.97,1.599,29.35039
38.98,1.599,29.36638
38.99,1.599,29.38237
38.99,1.6,29.38237
39,1.6,29.39837
39.01,1.6,29.41437
39.02,1.601,29.43038
39.03,1.601,29.44639
39.03,1.601,29.44639
39.04,1.601,29.4624
39.05,1.601,29.47841
39.06,1.601,29.49442
39.07,1.602,29.51044
39.08,1.602,29.52646
39.09,1.602,29.54248
39.09,1.602,29.54248
39.1,1.603,29.55851
39.11,1.603,29.57454
39.12,1.603,29.59057
39.13,1.603,29.6066
39.14,1.603,29.62263
39.14,1.603,29.62263
39.15,1.603,29.63866
39.16,1.602,29.65468
39.17,1.602,29.6707
39.18,1.602,29.68672
39.19,1.602,29.70274
39.19,1.602,29.70274
39.2,1.602,29.71876
39.21,1.602,29.73478
39.22,1.603,29.75081
39.23,1.603,29.76684
39.23,1.604,29.76684
39.24,1.604,29.78288
39.25,1.604,29.79892
39.26,1.604,29.81496
39.27,1.604,29.831
39.28,1.604,29.84704
39.28,1.605,29.84704
39.29,1.605,29.86309
39.3,1.605,29.87914
39.31,1.605,29.89519
39.32,1.606,29.91125
39.33,1.606,29.92731
39.33,1.606,29.92731
39.34,1.607,29.94338
39.35,1.607,29.95945
39.36,1.607,29.97552
39.37,1.607,29.99159
39.38,1.608,30.00767
39.38,1.608,30.00767
39.39,1.608,30.02375
39.4,1.608,30.03983
39.41,1.608,30.05591
39.42,1.608,30.07199
39.43,1.609,30.08808
39.43,1.609,30.08808
39.44,1.609,30.10417
39.45,1.609,30.12026
39.46,1.609,30.13635
39.47,1.609,30.15244
39.48,1.609,30.16853
39.48,1.61,30.16853
39.49,1.61,30.18463
39.5,1.61,30.20073
39.51,1.61,30.21683
39.52,1.611,30.23294
39.53,1.611,30.24905
39.53,1.611,30.24905
39.54,1.612,30.26517
39.55,1.612,30.28129
39.56,1.613,30.29742
39.57,1.613,30.31355
39.58,1.613,30.32968
39.58,1.614,30.32968
39.59,1.614,30.34582
39.6,1.614,30.36196
39.61,1.614,30.3781
39.62,1.614,30.39424
39.63,1.614,30.41038
39.63,1.614,30.41038
39.64,1.614,30.42652
39.65,1.615,30.44267
39.66,1.615,30.45882
39.67,1.615,30.47497
39.68,1.615,30.49112
39.68,1.615,30.49112
39.69,1.615,30.50727
39.7,1.615,30.52342
39.71,1.616,30.53958
39.72,1.616,30.55574
39.73,1.616,30.5719
39.74,1.616,30.58806
39.74,1.616,30.58806
39.75,1.616,30.60422
39.76,1.616,30.62038
39.77,1.616,30.63654
39.78,1.617,30.65271
39.78,1.617,30.65271
39.79,1.617,30.66888
39.8,1.617,30.68505
39.81,1.618,30.70123
39.82,1.618,30.71741
39.83,1.618,30.73359
39.83,1.619,30.73359
39.84,1.619,30.74978
39.85,1.62,30.76598
39.86,1.62,30.78218
39.87,1.62,30.79838
39.88,1.62,30.81458
39.88,1.62,30.81458
39.89,1.62,30.83078
39.9,1.62,30.84698
39.91,1.62,30.86318
39.92,1.62,30.87938
39.93,1.621,30.89559
39.93,1.621,30.89559
39.94,1.621,30.9118
39.95,1.621,30.92801
39.96,1.622,30.94423
39.97,1.622,30.96045
39.98,1.622,30.97667
39.98,1.623,30.97667
39.99,1.623,30.9929
40,1.623,31.00913
40.01,1.623,31.02536
40.02,1.623,31.04159
40.03,1.623,31.05782
40.03,1.623,31.05782
40.04,1.623,31.07405
40.05,1.624,31.09029
40.06,1.624,31.10653
40.07,1.625,31.12278
40.08,1.625,31.13903
40.08,1.625,31.13903
40.09,1.625,31.15528
40.1,1.626,31.17154
40.11,1.626,31.1878
40.12,1.626,31.20406
40.12,1.626,31.20406
40.13,1.626,31.22032
40.14,1.626,31.23658
40.15,1.627,31.25285
40.16,1.627,31.26912
40.17,1.627,31.28539
40.18,1.628,31.30167
40.18,1.628,31.30167
40.19,1.629,31.31796
40.2,1.629,31.33425
40.21,1.629,31.35054
40.22,1.63,31.36684
40.23,1.63,31.38314
40.23,1.63,31.38314
40.24,1.63,31.39944
40.25,1.63,31.41574
40.26,1.63,31.43204
40.27,1.63,31.44834
40.28,1.63,31.46464
40.28,1.63,31.46464
40.29,1.63,31.48094
40.3,1.63,31.49724
40.31,1.631,31.51355
40.32,1.631,31.52986
40.33,1.631,31.54617
40.33,1.632,31.54617
40.34,1.632,31.56249
40.35,1.632,31.57881
40.36,1.633,31.59514
40.37,1.633,31.61147
40.38,1.633,31.6278
40.38,1.633,31.6278
40.39,1.633,31.64413
40.4,1.634,31.66047
40.41,1.634,31.67681
40.42,1.634,31.69315
40.43,1.634,31.70949
40.43,1.634,31.70949
40.44,1.635,31.72584
40.45,1.635,31.74219
40.46,1.635,31.75854
40.47,1.636,31.7749
40.47,1.636,31.7749
40.48,1.636,31.79126
40.49,1.636,31.80762
40.5,1.636,31.82398
40.51,1.636,31.84034
40.52,1.636,31.8567
40.53,1.637,31.87307
40.53,1.637,31.87307
40.54,1.638,31.88945
40.55,1.639,31.90584
40.56,1.64,31.92224
40.57,1.641,31.93865
40.57,1.641,31.93865
40.58,1.642,31.95507
40.59,1.642,31.97149
40.6,1.643,31.98792
40.61,1.643,32.00435
40.62,1.643,32.02078
40.63,1.643,32.03721
40.63,1.644,32.03721
40.64,1.644,32.05365
40.65,1.644,32.07009
40.66,1.644,32.08653
40.67,1.645,32.10298
40.68,1.645,32.11943
40.68,1.645,32.11943
40.69,1.646,32.13589
40.7,1.646,32.15235
40.71,1.647,32.16882
40.72,1.648,32.1853
40.72,1.648,32.1853
40.73,1.648,32.20178
40.74,1.648,32.21826
40.75,1.648,32.23474
40.76,1.648,32.25122
40.77,1.648,32.2677
40.78,1.649,32.28419
40.78,1.649,32.28419
40.79,1.649,32.30068
40.8,1.649,32.31717
40.81,1.65,32.33367
40.82,1.651,32.35018
40.83,1.651,32.36669
40.83,1.652,32.36669
40.84,1.652,32.38321
40.85,1.652,32.39973
40.86,1.653,32.41626
40.87,1.653,32.43279
40.87,1.653,32.43279
40.88,1.653,32.44932
40.89,1.653,32.46585
40.9,1.653,32.48238
40.91,1.654,32.49892
40.92,1.654,32.51546
40.93,1.654,32.532
40.93,1.655,32.532
40.94,1.655,32.54855
40.95,1.655,32.5651
40.96,1.656,32.58166
40.97,1.656,32.59822
40.97,1.656,32.59822
40.98,1.657,32.61479
40.99,1.657,32.63136
41,1.658,32.64794
41.01,1.658,32.66452
41.02,1.659,32.68111
41.02,1.659,32.68111
41.03,1.66,32.69771
41.04,1.66,32.71431
41.05,1.66,32.73091
41.06,1.661,32.74752
41.07,1.661,32.76413
41.07,1.661,32.76413
41.08,1.661,32.78074
41.09,1.661,32.79735
41.1,1.662,32.81397
41.11,1.662,32.83059
41.12,1.662,32.84721
41.12,1.663,32.84721
41.13,1.663,32.86384
41.14,1.663,32.88047
41.15,1.664,32.89711
41.16,1.664,32.91375
41.17,1.665,32.9304
41.18,1.665,32.94705
41.18,1.666,32.94705
41.19,1.666,32.96371
41.2,1.666,32.98037
41.21,1.666,32.99703
41.22,1.666,33.01369
41.22,1.667,33.01369
41.23,1.667,33.03036
41.24,1.667,33.04703
41.25,1.667,33.0637
41.26,1.668,33.08038
41.27,1.668,33.09706
41.27,1.669,33.09706
41.28,1.669,33.11375
41.29,1.67,33.13045
41.3,1.671,33.14716
41.31,1.672,33.16388
41.32,1.672,33.1806
41.32,1.673,33.1806
41.33,1.673,33.19733
41.34,1.673,33.21406
41.35,1.673,33.23079
41.36,1.673,33.24752
41.37,1.673,33.26425
41.37,1.674,33.26425
41.38,1.674,33.28099
41.39,1.675,33.29774
41.4,1.676,33.3145
41.41,1.676,33.33126
41.42,1.677,33.34803
41.42,1.677,33.34803
41.43,1.677,33.3648
41.44,1.677,33.38157
41.45,1.678,33.39835
41.46,1.678,33.41513
41.47,1.678,33.43191
41.47,1.678,33.43191
41.48,1.679,33.4487
41.49,1.679,33.46549
41.5,1.68,33.48229
41.51,1.681,33.4991
41.51,1.681,33.4991
41.52,1.681,33.51591
41.53,1.682,33.53273
41.54,1.682,33.54955
41.55,1.682,33.56637
41.56,1.682,33.58319
41.57,1.683,33.60002
41.57,1.683,33.60002
41.58,1.683,33.61685
41.59,1.683,33.63368
41.6,1.683,33.65051
41.61,1.683,33.66734
41.62,1.683,33.68417
41.62,1.683,33.68417
41.63,1.684,33.70101
41.64,1.684,33.71785
41.65,1.684,33.73469
41.66,1.685,33.75154
41.66,1.685,33.75154
41.67,1.686,33.7684
41.68,1.686,33.78526
41.69,1.686,33.80212
41.7,1.686,33.81898
41.71,1.687,33.83585
41.71,1.687,33.83585
41.72,1.687,33.85272
41.73,1.687,33.86959
41.74,1.687,33.88646
41.75,1.688,33.90334
41.76,1.688,33.92022
41.76,1.688,33.92022
41.77,1.689,33.93711
41.78,1.689,33.954
41.79,1.689,33.97089
41.8,1.69,33.98779
41.8,1.69,33.98779
41.81,1.69,34.00469
41.82,1.69,34.02159
41.83,1.691,34.0385
41.84,1.692,34.05542
41.85,1.694,34.07236
41.86,1.695,34.08931
41.86,1.696,34.08931
41.87,1.696,34.10627
41.88,1.697,34.12324
41.89,1.697,34.14021
41.9,1.698,34.15719
41.91,1.698,34.17417
41.91,1.698,34.17417
41.92,1.699,34.19116
41.93,1.699,34.20815
41.94,1.699,34.22514
41.95,1.699,34.24213
41.96,1.699,34.25912
41.96,1.7,34.25912
41.97,1.7,34.27612
41.98,1.7,34.29312
41.99,1.701,34.31013
42,1.701,34.32714
42.01,1.701,34.34415
42.01,1.702,34.34415
42.02,1.702,34.36117
42.03,1.702,34.37819
42.04,1.702,34.39521
42.05,1.702,34.41223
42.06,1.703,34.42926
42.06,1.703,34.42926
42.07,1.703,34.44629
42.08,1.703,34.46332
42.09,1.704,34.48036
42.1,1.705,34.49741
42.11,1.705,34.51446
42.11,1.706,34.51446
42.12,1.706,34.53152
42.13,1.707,34.54859
42.14,1.708,34.56567
42.15,1.709,34.58276
42.16,1.709,34.59985
42.16,1.71,34.59985
42.17,1.71,34.61695
42.18,1.71,34.63405
42.19,1.71,34.65115
42.2,1.711,34.66826
42.21,1.711,34.68537
42.21,1.711,34.68537
42.22,1.712,34.70249
42.23,1.712,34.71961
42.24,1.712,34.73673
42.25,1.713,34.75386
42.26,1.713,34.77099
42.26,1.714,34.77099
42.27,1.715,34.78814
42.28,1.715,34.80529
42.29,1.716,34.82245
42.3,1.717,34.83962
42.31,1.718,34.8568
42.31,1.719,34.8568
42.32,1.719,34.87399
42.33,1.72,34.89119
42.34,1.72,34.90839
42.35,1.72,34.92559
42.35,1.721,34.92559
42.36,1.721,34.9428
42.37,1.722,34.96002
42.38,1.722,34.97724
42.39,1.723,34.99447
42.4,1.724,35.01171
42.41,1.724,35.02895
42.41,1.724,35.02895
42.42,1.725,35.0462
42.43,1.725,35.06345
42.44,1.725,35.0807
42.45,1.726,35.09796
42.46,1.726,35.11522
42.46,1.726,35.11522
42.47,1.727,35.13249
42.48,1.728,35.14977
42.49,1.729,35.16706
42.5,1.73,35.18436
42.5,1.731,35.18436
42.51,1.731,35.20167
42.52,1.731,35.21898
42.53,1.732,35.2363
42.54,1.732,35.25362
42.55,1.732,35.27094
42.55,1.732,35.27094
42.56,1.733,35.28827
42.57,1.733,35.3056
42.58,1.733,35.32293
42.59,1.734,35.34027
42.6,1.734,35.35761
42.6,1.735,35.35761
42.61,1.735,35.37496
42.62,1.736,35.39232
42.63,1.736,35.40968
42.64,1.737,35.42705
42.65,1.737,35.44442
42.65,1.738,35.44442
42.66,1.738,35.4618
42.67,1.738,35.47918
42.68,1.739,35.49657
42.69,1.739,35.51396
42.7,1.739,35.53135
42.7,1.74,35.53135
42.71,1.741,35.54876
42.72,1.741,35.56617
42.73,1.741,35.58358
42.74,1.741,35.60099
42.75,1.742,35.61841
42.75,1.742,35.61841
42.76,1.743,35.63584
42.77,1.743,35.65327
42.78,1.744,35.67071
42.79,1.744,35.68815
42.8,1.744,35.70559
42.8,1.745,35.70559
42.81,1.746,35.72305
42.82,1.746,35.74051
42.83,1.747,35.75798
42.84,1.747,35.77545
42.84,1.748,35.77545
42.85,1.748,35.79293
42.86,1.748,35.81041
42.87,1.749,35.8279
42.88,1.749,35.84539
42.89,1.749,35.86288
42.89,1.749,35.86288
42.9,1.749,35.88037
42.91,1.749,35.89786
42.92,1.749,35.91535
42.93,1.75,35.93285
42.94,1.75,35.95035
42.95,1.751,35.96786
42.95,1.752,35.96786
42.96,1.753,35.98539
42.97,1.754,36.00293
42.98,1.756,36.02049
42.99,1.757,36.03806
43,1.757,36.05563
43,1.757,36.05563
43.01,1.757,36.0732
43.02,1.758,36.09078
43.03,1.758,36.10836
43.04,1.759,36.12595
43.05,1.759,36.14354
43.05,1.76,36.14354
43.06,1.761,36.16115
43.07,1.761,36.17876
43.08,1.761,36.19637
43.09,1.762,36.21399
43.1,1.762,36.23161
43.1,1.762,36.23161
43.11,1.763,36.24924
43.12,1.763,36.26687
43.13,1.765,36.28452
43.14,1.766,36.30218
43.14,1.767,36.30218
43.15,1.769,36.31987
43.16,1.769,36.33756
43.17,1.77,36.35526
43.18,1.77,36.37296
43.19,1.771,36.39067
43.19,1.771,36.39067
43.2,1.771,36.40838
43.21,1.772,36.4261
43.22,1.772,36.44382
43.23,1.772,36.46154
43.24,1.772,36.47926
43.24,1.772,36.47926
43.25,1.773,36.49699
43.26,1.773,36.51472
43.27,1.774,36.53246
43.28,1.774,36.5502
43.28,1.775,36.5502
43.29,1.775,36.56795
43.3,1.776,36.58571
43.31,1.776,36.60347
43.32,1.776,36.62123
43.33,1.777,36.639
43.34,1.777,36.65677
43.34,1.777,36.65677
43.35,1.777,36.67454
43.36,1.778,36.69232
43.37,1.778,36.7101
43.38,1.779,36.72789
43.38,1.779,36.72789
43.39,1.779,36.74568
43.4,1.78,36.76348
43.41,1.78,36.78128
43.42,1.781,36.79909
43.43,1.782,36.81691
43.44,1.782,36.83473
43.44,1.783,36.83473
43.45,1.783,36.85256
43.46,1.784,36.8704
43.47,1.784,36.88824
43.48,1.784,36.90608
43.49,1.784,36.92392
43.49,1.785,36.92392
43.5,1.785,36.94177
43.51,1.785,36.95962
43.52,1.786,36.97748
43.53,1.786,36.99534
43.53,1.787,36.99534
43.54,1.788,37.01322
43.55,1.79,37.03112
43.56,1.791,37.04903
43.57,1.791,37.06694
43.58,1.792,37.08486
43.58,1.793,37.08486
43.59,1.793,37.10279
43.6,1.794,37.12073
43.61,1.794,37.13867
43.62,1.794,37.15661
43.63,1.794,37.17455
43.63,1.795,37.17455
43.64,1.796,37.19251
43.65,1.797,37.21048
43.66,1.797,37.22845
43.67,1.797,37.24642
43.68,1.797,37.26439
43.68,1.797,37.26439
43.69,1.798,37.28237
43.7,1.798,37.30035
43.71,1.798,37.31833
43.72,1.799,37.33632
43.73,1.8,37.35432
43.74,1.801,37.37233
43.74,1.802,37.37233
43.75,1.804,37.39037
43.76,1.806,37.40843
43.77,1.807,37.4265
43.78,1.808,37.44458
43.78,1.808,37.44458
43.79,1.809,37.46267
43.8,1.809,37.48076
43.81,1.81,37.49886
43.82,1.811,37.51697
43.83,1.812,37.53509
43.83,1.812,37.53509
43.84,1.813,37.55322
43.85,1.814,37.57136
43.86,1.814,37.5895
43.87,1.815,37.60765
43.88,1.816,37.62581
43.88,1.817,37.62581
43.89,1.817,37.64398
43.9,1.818,37.66216
43.91,1.818,37.68034
43.92,1.819,37.69853
43.93,1.819,37.71672
43.93,1.82,37.71672
43.94,1.82,37.73492
43.95,1.82,37.75312
43.96,1.821,37.77133
43.97,1.821,37.78954
43.98,1.822,37.80776
43.98,1.822,37.80776
43.99,1.823,37.82599
44,1.825,37.84424
44.01,1.826,37.8625
44.02,1.828,37.88078
44.02,1.83,37.88078
44.03,1.831,37.89909
44.04,1.832,37.91741
44.05,1.833,37.93574
44.06,1.833,37.95407
44.07,1.833,37.9724
44.07,1.834,37.9724
44.08,1.834,37.99074
44.09,1.835,38.00909
44.1,1.835,38.02744
44.11,1.835,38.04579
44.12,1.836,38.06415
44.12,1.837,38.06415
44.13,1.837,38.08252
44.14,1.838,38.1009
44.15,1.838,38.11928
44.16,1.839,38.13767
44.17,1.839,38.15606
44.17,1.839,38.15606
44.18,1.839,38.17445
44.19,1.839,38.19284
44.2,1.84,38.21124
44.21,1.84,38.22964
44.22,1.841,38.24805
44.22,1.841,38.24805
44.23,1.841,38.26646
44.24,1.842,38.28488
44.25,1.843,38.30331
44.26,1.843,38.32174
44.27,1.844,38.34018
44.28,1.845,38.35863
44.28,1.846,38.35863
44.29,1.847,38.3771
44.3,1.848,38.39558
44.31,1.85,38.41408
44.32,1.85,38.43258
44.32,1.851,38.43258
44.33,1.851,38.45109
44.34,1.852,38.46961
44.35,1.852,38.48813
44.36,1.852,38.50665
44.37,1.853,38.52518
44.37,1.853,38.52518
44.38,1.853,38.54371
44.39,1.854,38.56225
44.4,1.854,38.58079
44.41,1.855,38.59934
44.42,1.856,38.6179
44.42,1.856,38.6179
44.43,1.857,38.63647
44.44,1.858,38.65505
44.45,1.86,38.67365
44.46,1.861,38.69226
44.47,1.862,38.71088
44.47,1.862,38.71088
44.48,1.862,38.7295
44.49,1.863,38.74813
44.5,1.863,38.76676
44.51,1.864,38.7854
44.52,1.864,38.80404
44.52,1.865,38.80404
44.53,1.866,38.8227
44.54,1.868,38.84138
44.55,1.87,38.86008
44.56,1.871,38.87879
44.57,1.872,38.89751
44.57,1.873,38.89751
44.58,1.873,38.91624
44.59,1.874,38.93498
44.6,1.874,38.95372
44.61,1.875,38.97247
44.62,1.876,38.99123
44.62,1.876,38.99123
44.63,1.878,39.01001
44.64,1.878,39.02879
44.65,1.879,39.04758
44.66,1.879,39.06637
44.66,1.88,39.06637
44.67,1.88,39.08517
44.68,1.881,39.10398
44.69,1.881,39.12279
44.7,1.882,39.14161
44.71,1.883,39.16044
44.71,1.885,39.16044
44.72,1.886,39.1793
44.73,1.887,39.19817
44.74,1.888,39.21705
44.75,1.888,39.23593
44.76,1.889,39.25482
44.77,1.89,39.27372
44.77,1.89,39.27372
44.78,1.891,39.29263
44.79,1.894,39.31157
44.8,1.896,39.33053
44.81,1.899,39.34952
44.81,1.901,39.34952
44.82,1.902,39.36854
44.83,1.903,39.38757
44.84,1.903,39.4066
44.85,1.903,39.42563
44.86,1.904,39.44467
44.86,1.905,39.44467
44.87,1.905,39.46372
44.88,1.905,39.48277
44.89,1.905,39.50182
44.9,1.906,39.52088
44.91,1.906,39.53994
44.91,1.907,39.53994
44.92,1.908,39.55902
44.93,1.909,39.57811
44.94,1.909,39.5972
44.95,1.91,39.6163
44.96,1.911,39.63541
44.96,1.912,39.63541
44.97,1.912,39.65453
44.98,1.913,39.67366
44.99,1.914,39.6928
45,1.915,39.71195
45.01,1.916,39.73111
45.01,1.918,39.73111
45.02,1.919,39.7503
45.03,1.92,39.7695
45.04,1.922,39.78872
45.05,1.924,39.80796
45.05,1.925,39.80796
45.06,1.926,39.82722
45.07,1.928,39.8465
45.08,1.929,39.86579
45.09,1.929,39.88508
45.1,1.93,39.90438
45.1,1.93,39.90438
45.11,1.93,39.92368
45.12,1.93,39.94298
45.13,1.93,39.96228
45.14,1.93,39.98158
45.15,1.93,40.00088
45.15,1.931,40.00088
45.16,1.932,40.0202
45.17,1.933,40.03953
45.18,1.934,40.05887
45.19,1.935,40.07822
45.2,1.936,40.09758
45.2,1.938,40.09758
45.21,1.939,40.11697
45.22,1.94,40.13637
45.23,1.94,40.15577
45.24,1.941,40.17518
45.25,1.942,40.1946
45.25,1.943,40.1946
45.26,1.944,40.21404
45.27,1.945,40.23349
45.28,1.945,40.25294
45.29,1.946,40.2724
45.3,1.947,40.29187
45.3,1.948,40.29187
45.31,1.948,40.31135
45.32,1.949,40.33084
45.33,1.95,40.35034
45.34,1.951,40.36985
45.34,1.951,40.36985
45.35,1.952,40.38937
45.36,1.953,40.4089
45.37,1.955,40.42845
45.38,1.956,40.44801
45.39,1.957,40.46758
45.4,1.958,40.48716
45.4,1.958,40.48716
45.41,1.959,40.50675
45.42,1.96,40.52635
45.43,1.96,40.54595
45.44,1.961,40.56556
45.45,1.961,40.58517
45.45,1.961,40.58517
45.46,1.962,40.60479
45.47,1.962,40.62441
45.48,1.963,40.64404
45.49,1.963,40.66367
45.49,1.963,40.66367
45.5,1.964,40.68331
45.51,1.965,40.70296
45.52,1.966,40.72262
45.53,1.967,40.74229
45.54,1.969,40.76198
45.54,1.971,40.76198
45.55,1.973,40.78171
45.56,1.973,40.80144
45.57,1.974,40.82118
45.58,1.976,40.84094
45.59,1.976,40.8607
45.59,1.978,40.8607
45.6,1.98,40.8805
45.61,1.981,40.90031
45.62,1.983,40.92014
45.63,1.984,40.93998
45.64,1.986,40.95984
45.65,1.987,40.97971
45.65,1.988,40.97971
45.66,1.988,40.99959
45.67,1.989,41.01948
45.68,1.99,41.03938
45.69,1.992,41.0593
45.69,1.993,41.0593
45.7,1.996,41.07926
45.71,1.997,41.09923
45.72,1.999,41.11922
45.73,2,41.13922
45.73,2.001,41.13922
45.74,2.001,41.15923
45.75,2.002,41.17925
45.76,2.002,41.19927
45.77,2.003,41.2193
45.78,2.003,41.23933
45.78,2.004,41.23933
45.79,2.005,41.25938
45.8,2.006,41.27944
45.81,2.008,41.29952
45.82,2.009,41.31961
45.83,2.01,41.33971
45.83,2.011,41.33971
45.84,2.012,41.35983
45.85,2.012,41.37995
45.86,2.013,41.40008
45.87,2.014,41.42022
45.88,2.016,41.44038
45.88,2.018,41.44038
45.89,2.019,41.46057
45.9,2.021,41.48078
45.91,2.022,41.501
45.92,2.023,41.52123
45.93,2.024,41.54147
45.93,2.025,41.54147
45.94,2.026,41.56173
45.95,2.026,41.58199
45.96,2.027,41.60226
45.97,2.029,41.62255
45.98,2.03,41.64285
45.99,2.032,41.66317
45.99,2.034,41.66317
46,2.036,41.68353
46.01,2.038,41.70391
46.02,2.04,41.72431
46.03,2.041,41.74472
46.03,2.042,41.74472
46.04,2.042,41.76514
46.05,2.042,41.78556
46.06,2.042,41.80598
46.07,2.043,41.82641
46.08,2.043,41.84684
46.08,2.043,41.84684
46.09,2.043,41.86727
46.1,2.045,41.88772
46.11,2.046,41.90818
46.12,2.047,41.92865
46.13,2.048,41.94913
46.13,2.049,41.94913
46.14,2.049,41.96962
46.15,2.05,41.99012
46.16,2.051,42.01063
46.17,2.053,42.03116
46.17,2.055,42.03116
46.18,2.057,42.05173
46.19,2.06,42.07233
46.2,2.063,42.09296
46.21,2.064,42.1136
46.22,2.065,42.13425
46.22,2.066,42.13425
46.23,2.066,42.15491
46.24,2.066,42.17557
46.25,2.066,42.19623
46.26,2.067,42.2169
46.27,2.067,42.23757
46.27,2.068,42.23757
46.28,2.069,42.25826
46.29,2.07,42.27896
46.3,2.072,42.29968
46.31,2.073,42.32041
46.32,2.074,42.34115
46.32,2.076,42.34115
46.33,2.077,42.36192
46.34,2.078,42.3827
46.35,2.079,42.40349
46.36,2.08,42.42429
46.37,2.081,42.4451
46.37,2.081,42.4451
46.38,2.081,42.46591
46.39,2.082,42.48673
46.4,2.083,42.50756
46.41,2.084,42.5284
46.42,2.086,42.54926
46.42,2.088,42.54926
46.43,2.089,42.57015
46.44,2.091,42.59106
46.45,2.092,42.61198
46.46,2.093,42.63291
46.46,2.094,42.63291
46.47,2.095,42.65386
46.48,2.096,42.67482
46.49,2.097,42.69579
46.5,2.097,42.71676
46.51,2.098,42.73774
46.51,2.098,42.73774
46.52,2.099,42.75873
46.53,2.1,42.77973
46.54,2.102,42.80075
46.55,2.104,42.82179
46.56,2.106,42.84285
46.56,2.107,42.84285
46.57,2.107,42.86392
46.58,2.108,42.885
46.59,2.108,42.90608
46.6,2.109,42.92717
46.61,2.109,42.94826
46.61,2.109,42.94826
46.62,2.109,42.96935
46.63,2.11,42.99045
46.64,2.111,43.01156
46.65,2.112,43.03268
46.66,2.113,43.05381
46.66,2.115,43.05381
46.67,2.116,43.07497
46.68,2.117,43.09614
46.69,2.118,43.11732
46.7,2.119,43.13851
46.71,2.119,43.1597
46.71,2.119,43.1597
46.72,2.119,43.18089
46.73,2.12,43.20209
46.74,2.12,43.22329
46.75,2.121,43.2445
46.75,2.123,43.2445
46.76,2.125,43.26575
46.77,2.127,43.28702
46.78,2.13,43.30832
46.79,2.132,43.32964
46.8,2.133,43.35097
46.8,2.134,43.35097
46.81,2.135,43.37232
46.82,2.135,43.39367
46.83,2.136,43.41503
46.84,2.136,43.43639
46.85,2.136,43.45775
46.85,2.136,43.45775
46.86,2.136,43.47911
46.87,2.136,43.50047
46.88,2.136,43.52183
46.89,2.136,43.54319
46.9,2.137,43.56456
46.9,2.137,43.56456
46.91,2.138,43.58594
46.92,2.138,43.60732
46.93,2.139,43.62871
46.94,2.139,43.6501
46.95,2.14,43.6715
46.95,2.141,43.6715
46.96,2.143,43.69293
46.97,2.144,43.71437
46.98,2.146,43.73583
46.99,2.147,43.7573
46.99,2.149,43.7573
47,2.15,43.7788
47.01,2.151,43.80031
47.02,2.152,43.82183
47.03,2.152,43.84335
47.04,2.153,43.86488
47.04,2.153,43.86488
47.05,2.154,43.88642
47.06,2.154,43.90796
47.07,2.155,43.92951
47.08,2.156,43.95107
47.09,2.156,43.97263
47.09,2.156,43.97263
47.1,2.157,43.9942
47.11,2.158,44.01578
47.12,2.159,44.03737
47.13,2.16,44.05897
47.14,2.161,44.08058
47.14,2.162,44.08058
47.15,2.163,44.10221
47.16,2.164,44.12385
47.17,2.164,44.14549
47.18,2.165,44.16714
47.19,2.165,44.18879
47.19,2.166,44.18879
47.2,2.166,44.21045
47.21,2.167,44.23212
47.22,2.167,44.25379
47.23,2.168,44.27547
47.23,2.168,44.27547
47.24,2.169,44.29716
47.25,2.17,44.31886
47.26,2.17,44.34056
47.27,2.17,44.36226
47.28,2.17,44.38396
47.28,2.17,44.38396
47.29,2.17,44.40566
47.3,2.171,44.42737
47.31,2.171,44.44908
47.32,2.172,44.4708
47.33,2.173,44.49253
47.33,2.173,44.49253
47.34,2.174,44.51427
47.35,2.174,44.53601
47.36,2.174,44.55775
47.37,2.175,44.5795
47.38,2.175,44.60125
47.39,2.175,44.623
47.39,2.175,44.623
47.4,2.174,44.64474
47.41,2.175,44.66649
47.42,2.176,44.68825
47.43,2.177,44.71002
47.44,2.178,44.7318
47.44,2.179,44.7318
47.45,2.18,44.7536
47.46,2.181,44.77541
47.47,2.182,44.79723
47.48,2.182,44.81905
47.48,2.182,44.81905
47.49,2.182,44.84087
47.5,2.183,44.8627
47.51,2.183,44.88453
47.52,2.184,44.90637
47.53,2.184,44.92821
47.54,2.184,44.95005
47.54,2.184,44.95005
47.55,2.185,44.9719
47.56,2.185,44.99375
47.57,2.185,45.0156
47.58,2.186,45.03746
47.58,2.187,45.03746
47.59,2.187,45.05933
47.6,2.188,45.08121
47.61,2.189,45.1031
47.62,2.19,45.125
47.63,2.19,45.1469
47.63,2.189,45.1469
47.64,2.19,45.1688
47.65,2.189,45.19069
47.66,2.189,45.21258
47.67,2.189,45.23447
47.68,2.19,45.25637
47.68,2.191,45.25637
47.69,2.192,45.27829
47.7,2.194,45.30023
47.71,2.195,45.32218
47.72,2.196,45.34414
47.72,2.196,45.34414
47.73,2.197,45.36611
47.74,2.197,45.38808
47.75,2.198,45.41006
47.76,2.198,45.43204
47.77,2.198,45.45402
47.78,2.198,45.476
47.78,2.199,45.476
47.79,2.199,45.49799
47.8,2.199,45.51998
47.81,2.199,45.54197
47.82,2.199,45.56396
47.82,2.199,45.56396
47.83,2.199,45.58595
47.84,2.2,45.60795
47.85,2.2,45.62995
47.86,2.2,45.65195
47.87,2.201,45.67396
47.87,2.201,45.67396
47.88,2.202,45.69598
47.89,2.202,45.718
47.9,2.203,45.74003
47.91,2.203,45.76206
47.92,2.203,45.78409
47.93,2.203,45.80612
47.93,2.203,45.80612
47.94,2.203,45.82815
47.95,2.202,45.85017
47.96,2.202,45.87219
47.97,2.202,45.89421
47.98,2.202,45.91623
47.98,2.203,45.91623
47.99,2.203,45.93826
48,2.204,45.9603
48.01,2.204,45.98234
48.02,2.205,46.00439
48.03,2.205,46.02644
48.03,2.205,46.02644
48.04,2.206,46.0485
48.05,2.206,46.07056
48.06,2.206,46.09262
48.07,2.206,46.11468
48.08,2.206,46.13674
48.08,2.205,46.13674
48.09,2.205,46.15879
48.1,2.205,46.18084
48.11,2.206,46.2029
48.12,2.206,46.22496
48.13,2.206,46.24702
48.13,2.206,46.24702
48.14,2.206,46.26908
48.15,2.206,46.29114
48.16,2.206,46.3132
48.17,2.206,46.33526
48.18,2.206,46.35732
48.18,2.206,46.35732
48.19,2.206,46.37938
48.2,2.205,46.40143
48.21,2.205,46.42348
48.22,2.205,46.44553
48.22,2.205,46.44553
48.23,2.204,46.46757
48.24,2.204,46.48961
48.25,2.204,46.51165
48.26,2.204,46.53369
48.27,2.204,46.55573
48.27,2.204,46.55573
48.28,2.204,46.57777
48.29,2.204,46.59981
48.3,2.204,46.62185
48.31,2.204,46.64389
48.32,2.204,46.66593
48.33,2.203,46.68796
48.33,2.203,46.68796
48.34,2.203,46.70999
48.35,2.204,46.73203
48.36,2.204,46.75407
48.37,2.204,46.77611
48.38,2.204,46.79815
48.38,2.204,46.79815
48.39,2.204,46.82019
48.4,2.204,46.84223
48.41,2.205,46.86428
48.42,2.205,46.88633
48.43,2.206,46.90839
48.43,2.206,46.90839
48.44,2.207,46.93046
48.45,2.207,46.95253
48.46,2.207,46.9746
48.47,2.207,46.99667
48.47,2.207,46.99667
48.48,2.207,47.01874
48.49,2.207,47.04081
48.5,2.207,47.06288
48.51,2.206,47.08494
48.52,2.206,47.107
48.52,2.205,47.107
48.53,2.205,47.12905
48.54,2.205,47.1511
48.55,2.205,47.17315
48.56,2.205,47.1952
48.57,2.205,47.21725
48.58,2.205,47.2393
48.58,2.205,47.2393
48.59,2.205,47.26135
48.6,2.205,47.2834
48.61,2.205,47.30545
48.62,2.204,47.32749
48.63,2.204,47.34953
48.63,2.205,47.34953
48.64,2.205,47.37158
48.65,2.205,47.39363
48.66,2.205,47.41568
48.67,2.205,47.43773
48.68,2.206,47.45979
48.68,2.206,47.45979
48.69,2.206,47.48185
48.7,2.206,47.50391
48.71,2.205,47.52596
48.72,2.205,47.54801
48.73,2.204,47.57005
48.73,2.204,47.57005
48.74,2.204,47.59209
48.75,2.204,47.61413
48.76,2.204,47.63617
48.77,2.204,47.65821
48.78,2.204,47.68025
48.78,2.204,47.68025
48.79,2.205,47.7023
48.8,2.205,47.72435
48.81,2.205,47.7464
48.82,2.205,47.76845
48.83,2.205,47.7905
48.83,2.205,47.7905
48.84,2.205,47.81255
48.85,2.205,47.8346
48.86,2.205,47.85665
48.87,2.205,47.8787
48.88,2.205,47.90075
48.88,2.205,47.90075
48.89,2.205,47.9228
48.9,2.205,47.94485
48.91,2.205,47.9669
48.92,2.205,47.98895
48.93,2.206,48.01101
48.93,2.206,48.01101
48.94,2.206,48.03307
48.95,2.206,48.05513
48.96,2.206,48.07719
48.97,2.206,48.09925
48.98,2.206,48.12131
48.98,2.206,48.12131
48.99,2.206,48.14337
49,2.207,48.16544
49.01,2.207,48.18751
49.02,2.207,48.20958
49.03,2.208,48.23166
49.03,2.209,48.23166
49.04,2.209,48.25375
49.05,2.209,48.27584
49.06,2.21,48.29794
49.07,2.21,48.32004
49.08,2.21,48.34214
49.08,2.21,48.34214
49.09,2.211,48.36425
49.1,2.211,48.38636
49.11,2.211,48.40847
49.12,2.211,48.43058
49.13,2.211,48.45269
49.14,2.212,48.47481
49.14,2.212,48.47481
49.15,2.213,48.49694
49.16,2.213,48.51907
49.17,2.213,48.5412
49.17,2.214,48.5412
49.18,2.214,48.56334
49.19,2.215,48.58549
49.2,2.216,48.60765
49.21,2.216,48.62981
49.22,2.217,48.65198
49.23,2.217,48.67415
49.23,2.218,48.67415
49.24,2.218,48.69633
49.25,2.219,48.71852
49.26,2.219,48.74071
49.27,2.219,48.7629
49.28,2.219,48.78509
49.28,2.22,48.78509
49.29,2.22,48.80729
49.3,2.221,48.8295
49.31,2.221,48.85171
49.32,2.222,48.87393
49.33,2.222,48.89615
49.33,2.223,48.89615
49.34,2.223,48.91838
49.35,2.224,48.94062
49.36,2.224,48.96286
49.37,2.225,48.98511
49.38,2.226,49.00737
49.38,2.227,49.00737
49.39,2.228,49.02965
49.4,2.229,49.05194
49.41,2.23,49.07424
49.42,2.231,49.09655
49.43,2.233,49.11888
49.43,2.235,49.11888
49.44,2.237,49.14125
49.45,2.238,49.16363
49.46,2.238,49.18601
49.47,2.238,49.20839
49.48,2.238,49.23077
49.48,2.238,49.23077
49.49,2.238,49.25315
49.5,2.238,49.27553
49.51,2.238,49.29791
49.52,2.239,49.3203
49.53,2.241,49.34271
49.53,2.243,49.34271
49.54,2.245,49.36516
49.55,2.247,49.38763
49.56,2.248,49.41011
49.57,2.25,49.43261
49.58,2.251,49.45512
49.58,2.251,49.45512
49.59,2.252,49.47764
49.6,2.252,49.50016
49.61,2.253,49.52269
49.62,2.254,49.54523
49.63,2.254,49.56777
49.63,2.254,49.56777
49.64,2.255,49.59032
49.65,2.256,49.61288
49.66,2.257,49.63545
49.67,2.258,49.65803
49.68,2.258,49.68061
49.68,2.26,49.68061
49.69,2.261,49.70322
49.7,2.263,49.72585
49.71,2.264,49.74849
49.72,2.266,49.77115
49.72,2.268,49.77115
49.73,2.269,49.79384
49.74,2.271,49.81655
49.75,2.271,49.83926
49.76,2.272,49.86198
49.77,2.273,49.88471
49.78,2.275,49.90746
49.78,2.276,49.90746
49.79,2.278,49.93024
49.8,2.279,49.95303
49.81,2.279,49.97582
49.82,2.28,49.99862
49.82,2.28,49.99862
49.83,2.281,50.02143
49.84,2.281,50.04424
49.85,2.282,50.06706
49.86,2.282,50.08988
49.86,2.283,50.08988
49.87,2.284,50.11272
49.88,2.286,50.13558
49.89,2.287,50.15845
49.9,2.289,50.18134
49.91,2.29,50.20424
49.91,2.291,50.20424
49.92,2.291,50.22715
49.93,2.292,50.25007
49.94,2.292,50.27299
49.95,2.293,50.29592
49.96,2.293,50.31885
49.96,2.294,50.31885
49.97,2.294,50.34179
49.98,2.294,50.36473
49.99,2.294,50.38767
50,2.295,50.41062
50.01,2.296,50.43358
50.02,2.297,50.45655
50.02,2.3,50.45655
50.03,2.301,50.47956
50.04,2.303,50.50259
50.05,2.304,50.52563
50.06,2.304,50.54867
50.06,2.304,50.54867
50.07,2.304,50.57171
50.08,2.304,50.59475
50.09,2.305,50.6178
50.1,2.305,50.64085
50.11,2.306,50.66391
50.11,2.308,50.66391
50.12,2.309,50.687
50.13,2.31,50.7101
50.14,2.311,50.73321
50.15,2.312,50.75633
50.16,2.312,50.77945
50.16,2.313,50.77945
50.17,2.314,50.80259
50.18,2.314,50.82573
50.19,2.315,50.84888
50.2,2.315,50.87203
50.21,2.316,50.89519
50.21,2.317,50.89519
50.22,2.317,50.91836
50.23,2.318,50.94154
50.24,2.318,50.96472
50.25,2.319,50.98791
50.26,2.319,51.0111
50.26,2.32,51.0111
50.27,2.321,51.03431
50.28,2.321,51.05752
50.29,2.322,51.08074
50.3,2.322,51.10396
50.31,2.323,51.12719
50.31,2.323,51.12719
50.32,2.323,51.15042
50.33,2.324,51.17366
50.34,2.324,51.1969
50.35,2.325,51.22015
50.36,2.325,51.2434
50.36,2.326,51.2434
50.37,2.328,51.26668
50.38,2.329,51.28997
50.39,2.331,51.31328
50.4,2.331,51.33659
50.4,2.332,51.33659
50.41,2.332,51.35991
50.42,2.332,51.38323
50.43,2.333,51.40656
50.44,2.333,51.42989
50.45,2.333,51.45322
50.45,2.334,51.45322
50.46,2.335,51.47657
50.47,2.336,51.49993
50.48,2.337,51.5233
50.49,2.338,51.54668
50.5,2.34,51.57008
50.51,2.341,51.59349
50.51,2.342,51.59349
50.52,2.342,51.61691
50.53,2.343,51.64034
50.54,2.343,51.66377
50.55,2.343,51.6872
50.55,2.343,51.6872
50.56,2.343,51.71063
50.57,2.343,51.73406
50.58,2.343,51.75749
50.59,2.344,51.78093
50.6,2.345,51.80438
50.61,2.346,51.82784
50.61,2.347,51.82784
50.62,2.348,51.85132
50.63,2.349,51.87481
50.64,2.35,51.89831
50.65,2.351,51.92182
50.65,2.351,51.92182
50.66,2.352,51.94534
50.67,2.353,51.96887
50.68,2.354,51.99241
50.69,2.355,52.01596
50.7,2.355,52.03951
50.7,2.356,52.03951
50.71,2.356,52.06307
50.72,2.356,52.08663
50.73,2.356,52.11019
50.74,2.355,52.13374
50.75,2.356,52.1573
50.75,2.356,52.1573
50.76,2.357,52.18087
50.77,2.357,52.20444
50.78,2.357,52.22801
50.79,2.357,52.25158
50.8,2.358,52.27516
50.8,2.358,52.27516
50.81,2.358,52.29874
50.82,2.358,52.32232
50.83,2.359,52.34591
50.84,2.36,52.36951
50.85,2.361,52.39312
50.85,2.362,52.39312
50.86,2.363,52.41675
50.87,2.364,52.44039
50.88,2.365,52.46404
50.89,2.365,52.48769
50.89,2.366,52.48769
50.9,2.366,52.51135
50.91,2.366,52.53501
50.92,2.366,52.55867
50.93,2.366,52.58233
50.94,2.366,52.60599
50.94,2.367,52.60599
50.95,2.367,52.62966
50.96,2.368,52.65334
50.97,2.368,52.67702
50.98,2.368,52.7007
50.99,2.369,52.72439
50.99,2.369,52.72439
51,2.369,52.74808
51.01,2.369,52.77177
51.02,2.369,52.79546
51.03,2.369,52.81915
51.03,2.37,52.81915
51.04,2.37,52.84285
51.05,2.371,52.86656
51.06,2.371,52.89027
51.07,2.372,52.91399
51.08,2.373,52.93772
51.09,2.374,52.96146
51.09,2.375,52.96146
51.1,2.376,52.98522
51.11,2.376,53.00898
51.12,2.377,53.03275
51.13,2.377,53.05652
51.14,2.377,53.08029
51.14,2.377,53.08029
51.15,2.377,53.10406
51.16,2.377,53.12783
51.17,2.378,53.15161
51.18,2.379,53.1754
51.19,2.38,53.1992
51.19,2.382,53.1992
51.2,2.382,53.22302
51.21,2.383,53.24685
51.22,2.384,53.27069
51.23,2.385,53.29454
51.23,2.386,53.29454
51.24,2.387,53.31841
51.25,2.388,53.34229
51.26,2.389,53.36618
51.27,2.39,53.39008
51.28,2.392,53.414
51.29,2.393,53.43793
51.29,2.393,53.43793
51.3,2.394,53.46187
51.31,2.395,53.48582
51.32,2.396,53.50978
51.33,2.396,53.53374
51.33,2.397,53.53374
51.34,2.399,53.55773
51.35,2.401,53.58174
51.36,2.404,53.60578
51.37,2.407,53.62985
51.38,2.409,53.65394
51.39,2.41,53.67804
51.39,2.412,53.67804
51.4,2.413,53.70217
51.41,2.414,53.72631
51.42,2.415,53.75046
51.43,2.416,53.77462
51.43,2.417,53.77462
51.44,2.418,53.7988
51.45,2.419,53.82299
51.46,2.421,53.8472
51.47,2.424,53.87144
51.48,2.426,53.8957
51.48,2.428,53.8957
51.49,2.429,53.91999
51.5,2.431,53.9443
51.51,2.432,53.96862
51.52,2.433,53.99295
51.53,2.434,54.01729
51.53,2.435,54.01729
51.54,2.435,54.04164
51.55,2.436,54.066
51.56,2.437,54.09037
51.57,2.438,54.11475
51.58,2.439,54.13914
51.58,2.441,54.13914
51.59,2.442,54.16356
51.6,2.444,54.188
51.61,2.445,54.21245
51.62,2.446,54.23691
51.63,2.448,54.26139
51.63,2.45,54.26139
51.64,2.451,54.2859
51.65,2.453,54.31043
51.66,2.455,54.33498
51.67,2.458,54.35956
51.68,2.46,54.38416
51.68,2.463,54.38416
51.69,2.465,54.40881
51.7,2.467,54.43348
51.71,2.47,54.45818
51.72,2.473,54.48291
51.73,2.477,54.50768
51.73,2.48,54.50768
51.74,2.483,54.53251
51.75,2.484,54.55735
51.76,2.486,54.58221
51.77,2.488,54.60709
51.77,2.489,54.60709
51.78,2.49,54.63199
51.79,2.491,54.6569
51.8,2.492,54.68182
51.81,2.493,54.70675
51.82,2.496,54.73171
51.82,2.498,54.73171
51.83,2.501,54.75672
51.84,2.504,54.78176
51.85,2.507,54.80683
51.86,2.511,54.83194
51.87,2.515,54.85709
51.87,2.518,54.85709
51.88,2.521,54.8823
51.89,2.523,54.90753
51.9,2.524,54.93277
51.91,2.525,54.95802
51.91,2.526,54.95802
51.92,2.528,54.9833
51.93,2.529,55.00859
51.94,2.531,55.0339
51.95,2.533,55.05923
51.96,2.535,55.08458
51.96,2.537,55.08458
51.97,2.54,55.10998
51.98,2.543,55.13541
51.99,2.545,55.16086
52,2.547,55.18633
52.01,2.549,55.21182
52.01,2.551,55.21182
52.02,2.553,55.23735
52.03,2.556,55.26291
52.04,2.559,55.2885
52.05,2.562,55.31412
52.06,2.565,55.33977
52.06,2.568,55.33977
52.07,2.57,55.36547
52.08,2.572,55.39119
52.09,2.573,55.41692
52.1,2.574,55.44266
52.11,2.576,55.46842
52.11,2.577,55.46842
52.12,2.579,55.49421
52.13,2.58,55.52001
52.14,2.582,55.54583
52.15,2.584,55.57167
52.15,2.585,55.57167
52.16,2.587,55.59754
52.17,2.589,55.62343
52.18,2.592,55.64935
52.19,2.595,55.6753
52.2,2.598,55.70128
52.2,2.603,55.70128
52.21,2.607,55.72735
52.22,2.611,55.75346
52.23,2.613,55.77959
52.24,2.616,55.80575
52.24,2.617,55.80575
52.25,2.618,55.83193
52.26,2.618,55.85811
52.27,2.62,55.88431
52.28,2.621,55.91052
52.29,2.622,55.93674
52.29,2.624,55.93674
52.3,2.627,55.96301
52.31,2.631,55.98932
52.32,2.637,56.01569
52.33,2.643,56.04212
52.34,2.649,56.06861
52.35,2.654,56.09515
52.35,2.657,56.09515
52.36,2.662,56.12177
52.37,2.666,56.14843
52.38,2.669,56.17512
52.39,2.672,56.20184
52.39,2.674,56.20184
52.4,2.676,56.2286
52.41,2.678,56.25538
52.42,2.68,56.28218
52.43,2.683,56.30901
52.43,2.686,56.30901
52.44,2.688,56.33589
52.45,2.69,56.36279
52.46,2.693,56.38972
52.47,2.696,56.41668
52.48,2.698,56.44366
52.48,2.7,56.44366
52.49,2.702,56.47068
52.5,2.703,56.49771
52.51,2.705,56.52476
52.52,2.707,56.55183
52.52,2.709,56.55183
52.53,2.712,56.57895
52.54,2.715,56.6061
52.55,2.719,56.63329
52.56,2.722,56.66051
52.57,2.726,56.68777
52.58,2.729,56.71506
52.58,2.732,56.71506
52.59,2.734,56.7424
52.6,2.736,56.76976
52.61,2.737,56.79713
52.61,2.738,56.79713
52.62,2.739,56.82452
52.63,2.742,56.85194
52.64,2.745,56.87939
52.65,2.749,56.90688
52.66,2.753,56.93441
52.66,2.756,56.93441
52.67,2.759,56.962
52.68,2.761,56.98961
52.69,2.763,57.01724
52.7,2.765,57.04489
52.71,2.767,57.07256
52.71,2.77,57.07256
52.72,2.773,57.10029
52.73,2.778,57.12807
52.74,2.782,57.15589
52.75,2.786,57.18375
52.76,2.79,57.21165
52.76,2.793,57.21165
52.77,2.796,57.23961
52.78,2.797,57.26758
52.79,2.798,57.29556
52.8,2.799,57.32355
52.8,2.802,57.32355
52.81,2.805,57.3516
52.82,2.808,57.37968
52.83,2.812,57.4078
52.84,2.816,57.43596
52.85,2.822,57.46418
52.85,2.829,57.46418
52.86,2.834,57.49252
52.87,2.838,57.5209
52.88,2.841,57.54931
52.89,2.842,57.57773
52.89,2.845,57.57773
52.9,2.848,57.60621
52.91,2.85,57.63471
52.92,2.852,57.66323
52.93,2.854,57.69177
52.94,2.856,57.72033
52.94,2.861,57.72033
52.95,2.865,57.74898
52.96,2.868,57.77766
52.97,2.871,57.80637
52.98,2.874,57.83511
52.99,2.877,57.86388
52.99,2.881,57.86388
53,2.885,57.89273
53.01,2.887,57.9216
53.02,2.891,57.95051
53.03,2.894,57.97945
53.03,2.898,57.97945
53.04,2.903,58.00848
53.05,2.907,58.03755
53.06,2.91,58.06665
53.07,2.913,58.09578
53.08,2.916,58.12494
53.08,2.919,58.12494
53.09,2.923,58.15417
53.1,2.925,58.18342
53.11,2.928,58.2127
53.12,2.93,58.242
53.12,2.933,58.242
53.13,2.936,58.27136
53.14,2.939,58.30075
53.15,2.942,58.33017
53.16,2.947,58.35964
53.17,2.951,58.38915
53.17,2.956,58.38915
53.18,2.963,58.41878
53.19,2.966,58.44844
53.2,2.971,58.47815
53.21,2.973,58.50788
53.22,2.975,58.53763
53.22,2.977,58.53763
53.23,2.979,58.56742
53.24,2.981,58.59723
53.25,2.984,58.62707
53.26,2.987,58.65694
53.27,2.991,58.68685
53.27,2.996,58.68685
53.28,3,58.71685
53.29,3.004,58.74689
53.3,3.007,58.77696
53.31,3.011,58.80707
53.31,3.014,58.80707
53.32,3.017,58.83724
53.33,3.021,58.86745
53.34,3.026,58.89771
53.35,3.032,58.92803
53.35,3.037,58.92803
53.36,3.042,58.95845
53.37,3.047,58.98892
53.38,3.052,59.01944
53.39,3.057,59.05001
53.4,3.06,59.08061
53.4,3.064,59.08061
53.41,3.066,59.11127
53.42,3.069,59.14196
53.43,3.072,59.17268
53.44,3.075,59.20343
53.44,3.077,59.20343
53.45,3.08,59.23423
53.46,3.084,59.26507
53.47,3.09,59.29597
53.48,3.095,59.32692
53.49,3.101,59.35793
53.49,3.105,59.35793
53.5,3.108,59.38901
53.51,3.111,59.42012
53.52,3.114,59.45126
53.53,3.117,59.48243
53.53,3.121,59.48243
53.54,3.124,59.51367
53.55,3.127,59.54494
53.56,3.133,59.57627
53.57,3.14,59.60767
53.57,3.147,59.60767
53.58,3.152,59.63919
53.59,3.155,59.67074
53.6,3.158,59.70232
53.61,3.161,59.73393
53.62,3.165,59.76558
53.62,3.168,59.76558
53.63,3.173,59.79731
53.64,3.177,59.82908
53.65,3.181,59.86089
53.66,3.186,59.89275
53.66,3.19,59.89275
53.67,3.194,59.92469
53.68,3.196,59.95665
53.69,3.199,59.98864
53.7,3.201,60.02065
53.71,3.204,60.05269
53.71,3.208,60.05269
53.72,3.213,60.08482
53.73,3.219,60.11701
53.74,3.226,60.14927
53.75,3.233,60.1816
53.75,3.24,60.1816
53.76,3.247,60.21407
53.77,3.251,60.24658
53.78,3.255,60.27913
53.79,3.258,60.31171
53.8,3.261,60.34432
53.8,3.264,60.34432
53.81,3.267,60.37699
53.82,3.273,60.40972
53.83,3.28,60.44252
53.84,3.286,60.47538
53.84,3.294,60.47538
53.85,3.301,60.50839
53.86,3.308,60.54147
53.87,3.313,60.5746
53.88,3.316,60.60776
53.89,3.319,60.64095
53.89,3.322,60.64095
53.9,3.324,60.67419
53.91,3.328,60.70747
53.92,3.332,60.74079
53.93,3.335,60.77414
53.93,3.338,60.77414
53.94,3.342,60.80756
53.95,3.348,60.84104
53.96,3.353,60.87457
53.97,3.359,60.90816
53.98,3.366,60.94182
53.98,3.371,60.94182
53.99,3.377,60.97559
54,3.382,61.00941
54.01,3.387,61.04328
54.02,3.392,61.0772
54.02,3.397,61.0772
54.03,3.402,61.11122
54.04,3.408,61.1453
54.05,3.413,61.17943
54.06,3.419,61.21362
54.06,3.424,61.21362
54.07,3.428,61.2479
54.08,3.434,61.28224
54.09,3.439,61.31663
54.1,3.443,61.35106
54.11,3.446,61.38552
54.11,3.451,61.38552
54.12,3.456,61.42008
54.13,3.461,61.45469
54.14,3.465,61.48934
54.15,3.468,61.52402
54.15,3.476,61.52402
54.16,3.484,61.55886
54.17,3.49,61.59376
54.18,3.495,61.62871
54.19,3.5,61.66371
54.19,3.507,61.66371
54.2,3.512,61.69883
54.21,3.517,61.734
54.22,3.522,61.76922
54.23,3.526,61.80448
54.23,3.53,61.80448
54.24,3.536,61.83984
54.25,3.543,61.87527
54.26,3.545,61.91072
54.27,3.546,61.94618
54.28,3.549,61.98167
54.28,3.553,61.98167
54.29,3.559,62.01726
54.3,3.567,62.05293
54.31,3.572,62.08865
54.32,3.58,62.12445
54.33,3.589,62.16034
54.33,3.602,62.16034
54.34,3.61,62.19644
54.35,3.613,62.23257
54.36,3.617,62.26874
54.36,3.621,62.26874
54.37,3.625,62.30499
54.38,3.63,62.34129
54.39,3.635,62.37764
54.4,3.638,62.41402
54.41,3.643,62.45045
54.41,3.649,62.45045
54.42,3.655,62.487
54.43,3.66,62.5236
54.44,3.665,62.56025
54.45,3.673,62.59698
54.45,3.681,62.59698
54.46,3.687,62.63385
54.47,3.694,62.67079
54.48,3.703,62.70782
54.49,3.712,62.74494
54.49,3.719,62.74494
54.5,3.725,62.78219
54.51,3.732,62.81951
54.52,3.736,62.85687
54.53,3.738,62.89425
54.54,3.743,62.93168
54.54,3.748,62.93168
54.55,3.754,62.96922
54.56,3.76,63.00682
54.57,3.767,63.04449
54.58,3.77,63.08219
54.58,3.775,63.08219
54.59,3.781,63.12
54.6,3.79,63.1579
54.61,3.798,63.19588
54.62,3.807,63.23395
54.62,3.813,63.23395
54.63,3.818,63.27213
54.64,3.827,63.3104
54.65,3.835,63.34875
54.66,3.841,63.38716
54.66,3.849,63.38716
54.67,3.852,63.42568
54.68,3.854,63.46422
54.69,3.859,63.50281
54.7,3.864,63.54145
54.71,3.87,63.58015
54.71,3.881,63.58015
54.72,3.887,63.61902
54.73,3.897,63.65799
54.74,3.906,63.69705
54.75,3.916,63.73621
54.75,3.926,63.73621
54.76,3.931,63.77552
54.77,3.933,63.81485
54.78,3.937,63.85422
54.79,3.947,63.89369
54.79,3.954,63.89369
54.8,3.961,63.9333
54.81,3.964,63.97294
54.82,3.972,64.01266
54.83,3.979,64.05245
54.83,3.991,64.05245
54.84,3.996,64.09241
54.85,4.005,64.13246
54.86,4.011,64.17257
54.87,4.018,64.21275
54.87,4.027,64.21275
54.88,4.037,64.25312
54.89,4.043,64.29355
54.9,4.046,64.33401
54.91,4.049,64.3745
54.91,4.053,64.3745
54.92,4.063,64.41513
54.93,4.067,64.4558
54.94,4.075,64.49655
54.95,4.088,64.53743
54.96,4.093,64.57836
54.96,4.103,64.57836
54.97,4.115,64.61951
54.98,4.122,64.66073
54.99,4.132,64.70205
55,4.139,64.74344
55,4.148,64.74344
55.01,4.158,64.78502
55.02,4.163,64.82665
55.03,4.171,64.86836
55.04,4.181,64.91017
55.04,4.186,64.91017
55.05,4.192,64.95209
55.06,4.197,64.99406
55.07,4.201,65.03607
55.08,4.203,65.0781
55.08,4.209,65.0781
55.09,4.214,65.12024
55.1,4.223,65.16247
55.11,4.233,65.2048
55.12,4.245,65.24725
55.13,4.258,65.28983
55.13,4.269,65.28983
55.14,4.277,65.3326
55.15,4.289,65.37549
55.16,4.296,65.41845
55.16,4.303,65.41845
55.17,4.308,65.46153
55.18,4.312,65.50465
55.19,4.321,65.54786
55.2,4.33,65.59116
55.21,4.341,65.63457
55.21,4.348,65.63457
55.22,4.356,65.67813
55.23,4.366,65.72179
55.24,4.377,65.76556
55.24,4.384,65.76556
55.25,4.391,65.80947
55.26,4.399,65.85346
55.27,4.409,65.89755
55.28,4.418,65.94173
55.28,4.427,65.94173
55.29,4.436,65.98609
55.3,4.442,66.03051
55.31,4.448,66.07499
55.32,4.453,66.11952
55.32,4.463,66.11952
55.33,4.473,66.16425
55.34,4.477,66.20902
55.35,4.485,66.25387
55.36,4.497,66.29884
55.37,4.51,66.34394
55.37,4.525,66.34394
55.38,4.539,66.38933
55.39,4.55,66.43483
55.4,4.559,66.48042
55.41,4.565,66.52607
55.41,4.573,66.52607
55.42,4.578,66.57185
55.43,4.585,66.6177
55.44,4.59,66.6636
55.44,4.596,66.6636
55.45,4.609,66.70969
55.46,4.616,66.75585
55.47,4.624,66.80209
55.48,4.634,66.84843
55.48,4.647,66.84843
55.49,4.659,66.89502
55.5,4.67,66.94172
55.51,4.682,66.98854
55.52,4.697,67.03551
55.53,4.708,67.08259
55.53,4.716,67.08259
55.54,4.727,67.12986
55.55,4.733,67.17719
55.56,4.742,67.22461
55.57,4.75,67.27211
55.57,4.763,67.27211
55.58,4.772,67.31983
55.59,4.781,67.36764
55.6,4.788,67.41552
55.61,4.8,67.46352
55.61,4.809,67.46352
55.62,4.821,67.51173
55.63,4.828,67.56001
55.64,4.837,67.60838
55.65,4.852,67.6569
55.65,4.862,67.6569
55.66,4.875,67.70565
55.67,4.884,67.75449
55.68,4.891,67.8034
55.68,4.898,67.8034
55.69,4.905,67.85245
55.7,4.916,67.90161
55.71,4.927,67.95088
55.72,4.935,68.00023
55.72,4.946,68.00023
55.73,4.958,68.04981
55.74,4.973,68.09954
55.75,4.985,68.14939
55.76,4.996,68.19935
55.76,5.009,68.19935
55.77,5.018,68.24953
55.78,5.03,68.29983
55.79,5.045,68.35028
55.8,5.058,68.40086
55.8,5.069,68.40086
55.81,5.078,68.45164
55.82,5.089,68.50253
55.83,5.1,68.55353
55.84,5.111,68.60464
55.84,5.123,68.60464
55.85,5.139,68.65603
55.86,5.152,68.70755
55.87,5.164,68.75919
55.87,5.174,68.75919
55.88,5.188,68.81107
55.89,5.198,68.86305
55.9,5.205,68.9151
55.91,5.213,68.96723
55.91,5.218,68.96723
55.92,5.227,69.0195
55.93,5.238,69.07188
55.94,5.254,69.12442
55.95,5.27,69.17712
55.95,5.28,69.17712
55.96,5.289,69.23001
55.97,5.301,69.28302
55.98,5.314,69.33616
55.98,5.329,69.33616
55.99,5.34,69.38956
56,5.352,69.44308
56.01,5.366,69.49674
56.02,5.382,69.55056
56.03,5.395,69.60451
56.03,5.411,69.60451
56.04,5.423,69.65874
56.05,5.437,69.71311
56.06,5.452,69.76763
56.06,5.463,69.76763
56.07,5.474,69.82237
56.08,5.486,69.87723
56.09,5.497,69.9322
56.1,5.509,69.98729
56.1,5.525,69.98729
56.11,5.539,70.04268
56.12,5.549,70.09817
56.13,5.559,70.15376
56.13,5.572,70.15376
56.14,5.58,70.20956
56.15,5.598,70.26554
56.16,5.61,70.32164
56.17,5.621,70.37785
56.17,5.637,70.37785
56.18,5.656,70.43441
56.19,5.673,70.49114
56.2,5.688,70.54802
56.21,5.702,70.60504
56.21,5.715,70.60504
56.22,5.728,70.66232
56.23,5.739,70.71971
56.24,5.751,70.77722
56.25,5.766,70.83488
56.25,5.779,70.83488
56.26,5.794,70.89282
56.27,5.808,70.9509
56.28,5.826,71.00916
56.28,5.84,71.00916
56.29,5.854,71.0677
56.3,5.868,71.12638
56.31,5.877,71.18515
56.32,5.888,71.24403
56.32,5.9,71.24403
56.33,5.915,71.30318
56.34,5.933,71.36251
56.35,5.952,71.42203
56.36,5.969,71.48172
56.36,5.988,71.48172
56.37,6.005,71.54177
56.38,6.022,71.60199
56.39,6.033,71.66232
56.39,6.041,71.66232
56.4,6.051,71.72283
56.41,6.061,71.78344
56.42,6.073,71.84417
56.43,6.09,71.90507
56.43,6.11,71.90507
56.44,6.13,71.96637
56.45,6.146,72.02783
56.46,6.165,72.08948
56.46,6.183,72.08948
56.47,6.199,72.15147
56.48,6.218,72.21365
56.49,6.238,72.27603
56.5,6.253,72.33856
56.5,6.271,72.33856
56.51,6.286,72.40142
56.52,6.302,72.46444
56.53,6.316,72.5276
56.53,6.327,72.5276
56.54,6.343,72.59103
56.55,6.356,72.65459
56.56,6.371,72.7183
56.57,6.386,72.78216
56.57,6.404,72.78216
56.58,6.42,72.84636
56.59,6.44,72.91076
56.6,6.458,72.97534
56.6,6.476,72.97534
56.61,6.491,73.04025
56.62,6.507,73.10532
56.63,6.532,73.17064
56.64,6.547,73.23611
56.64,6.565,73.23611
56.65,6.583,73.30194
56.66,6.597,73.36791
56.67,6.611,73.43402
56.67,6.631,73.43402
56.68,6.646,73.50048
56.69,6.665,73.56713
56.7,6.686,73.63399
56.7,6.708,73.63399
56.71,6.732,73.70131
56.72,6.749,73.7688
56.73,6.767,73.83647
56.74,6.788,73.90435
56.74,6.804,73.90435
56.75,6.818,73.97253
56.76,6.837,74.0409
56.77,6.849,74.10939
56.77,6.863,74.10939
56.78,6.879,74.17818
56.79,6.897,74.24715
56.8,6.915,74.3163
56.81,6.933,74.38563
56.81,6.953,74.38563
56.82,6.973,74.45536
56.83,6.995,74.52531
56.84,7.011,74.59542
56.84,7.032,74.59542
56.85,7.048,74.6659
56.86,7.069,74.73659
56.87,7.091,74.8075
56.88,7.115,74.87865
56.88,7.134,74.87865
56.89,7.155,74.9502
56.9,7.177,75.02197
56.91,7.2,75.09397
56.91,7.222,75.09397
56.92,7.241,75.16638
56.93,7.26,75.23898
56.94,7.278,75.31176
56.94,7.299,75.31176
56.95,7.32,75.38496
56.96,7.34,75.45836
56.97,7.362,75.53198
56.97,7.376,75.53198
56.98,7.396,75.60594
56.99,7.417,75.68011
57,7.439,75.7545
57,7.457,75.7545
57.01,7.481,75.82931
57.02,7.5,75.90431
57.03,7.524,75.97955
57.03,7.548,75.97955
57.04,7.572,76.05527
57.05,7.601,76.13128
57.06,7.619,76.20747
57.07,7.636,76.28383
57.07,7.656,76.28383
57.08,7.682,76.36065
57.09,7.705,76.4377
57.1,7.724,76.51494
57.1,7.747,76.51494
57.11,7.77,76.59264
57.12,7.791,76.67055
57.13,7.819,76.74874
57.13,7.846,76.74874
57.14,7.871,76.82745
57.15,7.891,76.90636
57.16,7.915,76.98551
57.16,7.94,76.98551
57.17,7.963,77.06514
57.18,7.981,77.14495
57.19,8.001,77.22496
57.19,8.021,77.22496
57.2,8.039,77.30535
57.21,8.061,77.38596
57.22,8.083,77.46679
57.22,8.112,77.46679
57.23,8.138,77.54817
57.24,8.164,77.62981
57.25,8.196,77.71177
57.25,8.222,77.71177
57.26,8.25,77.79427
57.27,8.278,77.87705
57.28,8.303,77.96008
57.28,8.326,77.96008
57.29,8.348,78.04356
57.3,8.368,78.12724
57.31,8.391,78.21115
57.31,8.415,78.21115
57.32,8.438,78.29553
57.33,8.466,78.38019
57.34,8.489,78.46508
57.34,8.519,78.46508
57.35,8.547,78.55055
57.36,8.582,78.63637
57.37,8.612,78.72249
57.37,8.64,78.72249
57.38,8.665,78.80914
57.39,8.695,78.89609
57.4,8.718,78.98327
57.4,8.745,78.98327
57.41,8.774,79.07101
57.42,8.797,79.15898
57.43,8.823,79.24721
57.44,8.846,79.33567
57.44,8.872,79.33567
57.45,8.895,79.42462
57.46,8.923,79.51385
57.46,8.95,79.51385
57.47,8.976,79.60361
57.48,9.005,79.69366
57.49,9.035,79.78401
57.49,9.069,79.78401
57.5,9.1,79.87501
57.51,9.13,79.96631
57.52,9.157,80.05788
57.52,9.189,80.05788
57.53,9.218,80.15006
57.54,9.251,80.24257
57.55,9.279,80.33536
57.55,9.303,80.33536
57.56,9.333,80.42869
57.57,9.358,80.52227
57.58,9.388,80.61615
57.58,9.416,80.61615
57.59,9.446,80.71061
57.6,9.473,80.80534
57.61,9.502,80.90036
57.61,9.529,80.90036
57.62,9.56,80.99596
57.63,9.59,81.09186
57.63,9.622,81.09186
57.64,9.654,81.1884
57.65,9.684,81.28524
57.66,9.719,81.38243
57.66,9.748,81.38243
57.67,9.78,81.48023
57.68,9.815,81.57838
57.69,9.844,81.67682
57.69,9.874,81.67682
57.7,9.9,81.77582
57.71,9.932,81.87514
57.72,9.962,81.97476
57.72,9.996,81.97476
57.73,10.029,82.07505
57.74,10.067,82.17572
57.75,10.096,82.27668
57.75,10.134,82.27668
57.76,10.172,82.3784
57.77,10.21,82.4805
57.77,10.25,82.4805
57.78,10.286,82.58336
57.79,10.323,82.68659
57.8,10.354,82.79013
57.8,10.388,82.79013
57.81,10.417,82.8943
57.82,10.45,82.9988
57.83,10.476,83.10356
57.83,10.507,83.10356
57.84,10.541,83.20897
57.85,10.579,83.31476
57.85,10.615,83.31476
57.86,10.647,83.42123
57.87,10.683,83.52806
57.88,10.722,83.63528
57.88,10.754,83.63528
57.89,10.785,83.74313
57.9,10.817,83.8513
57.91,10.848,83.95978
57.91,10.885,83.95978
57.92,10.921,84.06899
57.93,10.965,84.17864
57.93,11.012,84.17864
57.94,11.049,84.28913
57.95,11.086,84.39999
57.96,11.124,84.51123
57.96,11.16,84.51123
57.97,11.2,84.62323
57.98,11.237,84.7356
57.98,11.273,84.7356
57.99,11.309,84.84869
58,11.342,84.96211
58.01,11.377,85.07588
58.01,11.418,85.07588
58.02,11.455,85.19043
58.03,11.489,85.30532
58.04,11.525,85.42057
58.04,11.564,85.42057
58.05,11.609,85.53666
58.06,11.651,85.65317
58.06,11.695,85.65317
58.07,11.733,85.7705
58.08,11.774,85.88824
58.09,11.812,86.00636
58.09,11.849,86.00636
58.1,11.889,86.12525
58.11,11.928,86.24453
58.11,11.969,86.24453
58.12,12.013,86.36466
58.13,12.055,86.48521
58.14,12.097,86.60618
58.14,12.141,86.60618
58.15,12.183,86.72801
58.16,12.224,86.85025
58.16,12.265,86.85025
58.17,12.309,86.97334
58.18,12.355,87.09689
58.18,12.396,87.09689
58.19,12.439,87.22128
58.2,12.477,87.34605
58.21,12.512,87.47117
58.21,12.553,87.47117
58.22,12.593,87.5971
58.23,12.637,87.72347
58.24,12.679,87.85026
58.24,12.719,87.85026
58.25,12.769,87.97795
58.26,12.815,88.1061
58.26,12.859,88.1061
58.27,12.903,88.23513
58.28,12.944,88.36457
58.28,12.989,88.36457
58.29,13.033,88.4949
58.3,13.073,88.62563
58.31,13.117,88.7568
58.31,13.159,88.7568
58.32,13.205,88.88885
58.33,13.257,89.02142
58.33,13.307,89.02142
58.34,13.351,89.15493
58.35,13.395,89.28888
58.35,13.437,89.28888
58.36,13.487,89.42375
58.37,13.533,89.55908
58.38,13.575,89.69483
58.38,13.62,89.69483
58.39,13.666,89.83149
58.4,13.717,89.96866
58.4,13.769,89.96866
58.41,13.825,90.10691
58.42,13.873,90.24564
58.42,13.927,90.24564
58.43,13.979,90.38543
58.44,14.032,90.52575
58.44,14.082,90.52575
58.45,14.131,90.66706
58.46,14.183,90.80889
58.47,14.232,90.95121
58.47,14.288,90.95121
58.48,14.345,91.09466
58.49,14.396,91.23862
58.49,14.445,91.23862
58.5,14.501,91.38363
58.51,14.554,91.52917
58.51,14.598,91.52917
58.52,14.645,91.67562
58.53,14.693,91.82255
58.53,14.746,91.82255
58.54,14.796,91.97051
58.55,14.852,92.11903
58.56,14.904,92.26807
58.56,14.956,92.26807
58.57,15.009,92.41816
58.58,15.064,92.5688
58.58,15.111,92.5688
58.59,15.153,92.72033
58.6,15.192,92.87225
58.6,15.239,92.87225
58.61,15.291,93.02516
58.62,15.343,93.17859
58.62,15.393,93.17859
58.63,15.449,93.33308
58.64,15.503,93.48811
58.64,15.567,93.48811
58.65,15.624,93.64435
58.66,15.679,93.80114
58.66,15.731,93.80114
58.67,15.784,93.95898
58.68,15.839,94.11737
58.68,15.892,94.11737
58.69,15.947,94.27684
58.7,16.012,94.43696
58.7,16.071,94.43696
58.71,16.135,94.59831
58.72,16.194,94.76025
58.73,16.257,94.92282
58.73,16.32,94.92282
58.74,16.38,95.08662
58.75,16.441,95.25103
58.75,16.499,95.25103
58.76,16.551,95.41654
58.77,16.609,95.58263
58.77,16.673,95.58263
58.78,16.733,95.74996
58.79,16.795,95.91791
58.79,16.855,95.91791
58.8,16.915,96.08706
58.81,16.975,96.25681
58.81,17.038,96.25681
58.82,17.094,96.42775
58.83,17.155,96.5993
58.83,17.208,96.5993
58.84,17.268,96.77198
58.85,17.326,96.94524
58.85,17.383,96.94524
58.86,17.448,97.11972
58.87,17.512,97.29484
58.87,17.58,97.29484
58.88,17.648,97.47132
58.89,17.718,97.6485
58.89,17.776,97.6485
58.9,17.837,97.82687
58.91,17.903,98.0059
58.91,17.965,98.0059
58.92,18.033,98.18623
58.93,18.094,98.36717
58.93,18.157,98.36717
58.94,18.225,98.54942
58.95,18.293,98.73235
58.95,18.369,98.73235
58.96,18.441,98.91676
58.97,18.506,99.10182
58.97,18.574,99.10182
58.98,18.637,99.28819
58.98,18.701,99.28819
58.99,18.766,99.47585
59,18.831,99.66416
59,18.888,99.66416
59.01,18.951,99.85367
59.02,19.02,100.04387
59.02,19.088,100.04387
59.03,19.162,100.23549
59.04,19.233,100.42782
59.04,19.308,100.42782
59.05,19.376,100.62158
59.06,19.453,100.81611
59.06,19.523,100.81611
59.07,19.593,101.01204
59.08,19.659,101.20863
59.08,19.724,101.20863
59.09,19.793,101.40656
59.1,19.86,101.60516
59.1,19.931,101.60516
59.11,20.002,101.80518
59.12,20.076,102.00594
59.12,20.147,102.00594
59.13,20.221,102.20815
59.14,20.295,102.4111
59.14,20.365,102.4111
59.15,20.442,102.61552
59.15,20.514,102.61552
59.16,20.586,102.82138
59.17,20.659,103.02797
59.17,20.729,103.02797
59.18,20.806,103.23603
59.19,20.881,103.44484
59.19,20.955,103.44484
59.2,21.032,103.65516
59.21,21.111,103.86627
59.21,21.18,103.86627
59.22,21.26,104.07887
59.23,21.334,104.29221
59.23,21.41,104.29221
59.24,21.485,104.50706
59.25,21.56,104.72266
59.25,21.635,104.72266
59.26,21.709,104.93975
59.26,21.779,104.93975
59.27,21.858,105.15833
59.28,21.935,105.37768
59.28,22.007,105.37768
59.29,22.08,105.59848
59.29,22.151,105.59848
59.3,22.228,105.82076
59.31,22.308,106.04384
59.31,22.387,106.04384
59.32,22.469,106.26853
59.33,22.555,106.49408
59.33,22.635,106.49408
59.34,22.724,106.72132
59.34,22.814,106.72132
59.35,22.895,106.95027
59.36,22.981,107.18008
59.36,23.061,107.18008
59.37,23.145,107.41153
59.38,23.227,107.6438
59.38,23.312,107.6438
59.39,23.393,107.87773
59.4,23.473,108.11246
59.4,23.55,108.11246
59.41,23.636,108.34882
59.41,23.718,108.34882
59.42,23.798,108.5868
59.43,23.881,108.82561
59.43,23.96,108.82561
59.44,24.039,109.066
59.45,24.122,109.30722
59.45,24.204,109.30722
59.46,24.29,109.55012
59.46,24.373,109.55012
59.47,24.452,109.79464
59.48,24.535,110.03999
59.48,24.62,110.03999
59.49,24.71,110.28709
59.5,24.801,110.5351
59.5,24.893,110.5351
59.51,24.984,110.78494
59.51,25.077,110.78494
59.52,25.164,111.03658
59.53,25.253,111.28911
59.53,25.34,111.28911
59.54,25.426,111.54337
59.54,25.507,111.54337
59.55,25.598,111.79935
59.56,25.685,112.0562
59.56,25.778,112.0562
59.57,25.869,112.31489
59.58,25.962,112.57451
59.58,26.055,112.57451
59.59,26.141,112.83592
59.59,26.234,112.83592
59.6,26.324,113.09916
59.61,26.41,113.36326
59.61,26.497,113.36326
59.62,26.587,113.62913
59.62,26.676,113.62913
59.63,26.769,113.89682
59.64,26.856,114.16538
59.64,26.946,114.16538
59.65,27.036,114.43574
59.66,27.124,114.70698
59.66,27.214,114.70698
59.67,27.309,114.98007
59.67,27.403,114.98007
59.68,27.491,115.25498
59.69,27.587,115.53085
59.69,27.681,115.53085
59.7,27.778,115.80863
59.7,27.867,115.80863
59.71,27.959,116.08822
59.72,28.055,116.36877
59.72,28.147,116.36877
59.73,28.24,116.65117
59.73,28.345,116.65117
59.74,28.441,116.93558
59.74,28.537,116.93558
59.75,28.643,117.22201
59.76,28.74,117.50941
59.76,28.84,117.50941
59.77,28.938,117.79879
59.78,29.033,118.08912
59.78,29.123,118.08912
59.79,29.22,118.38132
59.79,29.316,118.38132
59.8,29.414,118.67546
59.8,29.508,118.67546
59.81,29.599,118.97145
59.82,29.704,119.26849
59.82,29.805,119.26849
59.83,29.906,119.56755
59.83,30.012,119.56755
59.84,30.115,119.8687
59.85,30.21,120.1708
59.85,30.307,120.1708
59.86,30.416,120.47496
59.86,30.518,120.47496
59.87,30.617,120.78113
59.88,30.714,121.08827
59.88,30.821,121.08827
59.89,30.926,121.39753
59.89,31.032,121.39753
59.9,31.135,121.70888
59.91,31.24,122.02128
59.91,31.345,122.02128
59.92,31.441,122.33569
59.92,31.542,122.33569
59.93,31.641,122.6521
59.93,31.729,122.6521
59.94,31.826,122.97036
59.95,31.93,123.28966
59.95,32.031,123.28966
59.96,32.134,123.611
59.96,32.236,123.611
59.97,32.339,123.93439
59.98,32.445,124.25884
59.98,32.548,124.25884
59.99,32.66,124.58544
59.99,32.774,124.58544
60,32.875,124.91419
60,32.978,124.91419
60.01,33.084,125.24503
60.02,33.193,125.57696
60.02,33.3,125.57696
60.03,33.402,125.91098
60.03,33.508,125.91098
60.04,33.614,126.24712
60.05,33.726,126.58438
60.05,33.84,126.58438
60.06,33.952,126.9239
60.06,34.052,126.9239
60.07,34.153,127.26543
60.07,34.257,127.26543
60.08,34.363,127.60906
60.09,34.47,127.95376
60.09,34.57,127.95376
60.1,34.672,128.30048
60.1,34.775,128.30048
60.11,34.878,128.64926
60.11,34.983,128.64926
60.12,35.092,129.00018
60.13,35.194,129.35212
60.13,35.297,129.35212
60.14,35.411,129.70623
60.14,35.524,129.70623
60.15,35.641,130.06264
60.16,35.753,130.42017
60.16,35.867,130.42017
60.17,35.987,130.78004
60.17,36.089,130.78004
60.18,36.193,131.14197
60.18,36.297,131.14197
60.19,36.402,131.50599
60.19,36.512,131.50599
60.2,36.627,131.87226
60.2,36.745,131.87226
60.21,36.854,132.2408
60.22,36.96,132.6104
60.22,37.07,132.6104
60.23,37.187,132.98227
60.23,37.298,132.98227
60.24,37.405,133.35632
60.24,37.51,133.35632
60.25,37.616,133.73248
60.26,37.725,134.10973
60.26,37.828,134.10973
60.27,37.937,134.4891
60.27,38.046,134.4891
60.28,38.152,134.87062
60.28,38.269,134.87062
60.29,38.386,135.25448
60.3,38.504,135.63952
60.3,38.625,135.63952
60.31,38.744,136.02696
60.31,38.859,136.02696
60.32,38.98,136.41676
60.32,39.089,136.41676
60.33,39.197,136.80873
60.34,39.305,137.20178
60.34,39.403,137.20178
60.35,39.51,137.59688
60.35,39.618,137.59688
60.36,39.73,137.99418
60.36,39.845,137.99418
60.37,39.959,138.39377
60.37,40.073,138.39377
60.38,40.194,138.79571
60.39,40.314,139.19885
60.39,40.431,139.19885
60.4,40.549,139.60434
60.4,40.657,139.60434
60.41,40.766,140.012
60.41,40.871,140.012
60.42,40.973,140.42173
60.42,41.081,140.42173
60.43,41.187,140.8336
60.44,41.295,141.24655
60.44,41.41,141.24655
60.45,41.522,141.66177
60.45,41.645,141.66177
60.46,41.766,142.07943
60.46,41.883,142.07943
60.47,42.004,142.49947
60.48,42.125,142.92072
60.48,42.238,142.92072
60.49,42.347,143.34419
60.49,42.461,143.34419
60.5,42.571,143.7699
60.5,42.683,143.7699
60.51,42.779,144.19769
60.51,42.887,144.19769
60.52,42.988,144.62757
60.52,43.082,144.62757
60.53,43.191,145.05948
60.54,43.291,145.49239
60.54,43.389,145.49239
60.55,43.487,145.92726
60.55,43.599,145.92726
60.56,43.711,146.36437
60.56,43.832,146.36437
60.57,43.948,146.80385
60.57,44.061,146.80385
60.58,44.172,147.24557
60.58,44.278,147.24557
60.59,44.388,147.68945
60.6,44.492,148.13437
60.6,44.601,148.13437
60.61,44.703,148.5814
60.61,44.814,148.5814
60.62,44.924,149.03064
60.62,45.031,149.03064
60.63,45.129,149.48193
60.63,45.221,149.48193
60.64,45.319,149.93512
60.64,45.422,149.93512
60.65,45.521,150.39033
60.66,45.616,150.84649
60.66,45.729,150.84649
60.67,45.834,151.30483
60.67,45.944,151.30483
60.68,46.064,151.76547
60.68,46.178,151.76547
60.69,46.287,152.22834
60.69,46.387,152.22834
60.7,46.491,152.69325
60.7,46.596,152.69325
60.71,46.696,153.16021
60.72,46.789,153.6281
60.72,46.88,153.6281
60.73,46.973,154.09783
60.73,47.067,154.09783
60.74,47.169,154.56952
60.74,47.264,154.56952
60.75,47.362,155.04314
60.76,47.459,155.51773
60.76,47.559,155.51773
60.77,47.658,155.99431
60.77,47.748,155.99431
60.78,47.834,156.47265
60.78,47.925,156.47265
60.79,48.017,156.95282
60.79,48.109,156.95282
60.8,48.208,157.4349
60.8,48.307,157.4349
60.81,48.405,157.91895
60.81,48.515,157.91895
60.82,48.62,158.40515
60.83,48.721,158.89236
60.83,48.808,158.89236
60.84,48.887,159.38123
60.84,48.971,159.38123
60.85,49.057,159.8718
60.85,49.138,159.8718
60.86,49.211,160.36391
60.86,49.276,160.36391
60.87,49.346,160.85737
60.87,49.429,160.85737
60.88,49.5,161.35237
60.89,49.581,161.84818
60.89,49.659,161.84818
60.9,49.732,162.3455
60.9,49.809,162.3455
60.91,49.89,162.8444
60.91,49.972,162.8444
60.92,50.055,163.34495
60.92,50.128,163.34495
60.93,50.211,163.84706
60.93,50.28,163.84706
60.94,50.356,164.35062
60.95,50.427,164.85489
60.95,50.492,164.85489
60.96,50.553,165.36042
60.96,50.617,165.36042
60.97,50.677,165.86719
60.97,50.737,165.86719
60.98,50.801,166.3752
60.98,50.861,166.3752
60.99,50.927,166.88447
61,50.989,167.39436
61,51.053,167.39436
61.01,51.12,167.90556
61.01,51.186,167.90556
61.02,51.243,168.41799
61.02,51.3,168.41799
61.03,51.36,168.93159
61.03,51.412,168.93159
61.04,51.463,169.44622
61.04,51.501,169.44622
61.05,51.547,169.96169
61.06,51.589,170.47758
61.06,51.631,170.47758
61.07,51.677,170.99435
61.07,51.73,170.99435
61.08,51.781,171.51216
61.08,51.822,171.51216
61.09,51.875,172.03091
61.09,51.923,172.03091
61.1,51.961,172.55052
61.11,51.983,173.07035
61.11,52.003,173.07035
61.12,52.021,173.59056
61.12,52.048,173.59056
61.13,52.072,174.11128
61.13,52.101,174.11128
61.14,52.136,174.63264
61.14,52.173,174.63264
61.15,52.216,175.1548
61.16,52.255,175.67735
61.16,52.288,175.67735
61.17,52.312,176.20047
61.17,52.331,176.20047
61.18,52.348,176.72395
61.18,52.368,176.72395
61.19,52.382,177.24777
61.2,52.4,177.77177
61.2,52.416,177.77177
61.21,52.45,178.29627
61.21,52.476,178.29627
61.22,52.49,178.82117
61.22,52.509,178.82117
61.23,52.523,179.3464
61.24,52.541,179.87181
61.24,52.55,179.87181
61.25,52.559,180.3974
61.25,52.566,180.3974
61.26,52.57,180.9231
61.26,52.566,180.9231
61.27,52.57,181.4488
61.28,52.574,181.97454
61.28,52.57,181.97454
61.29,52.572,182.50026
61.29,52.572,182.50026
61.3,52.577,183.02603
61.3,52.578,183.02603
61.31,52.581,183.55184
61.32,52.589,184.07773
61.32,52.598,184.07773
61.33,52.591,184.60364
61.33,52.581,184.60364
61.34,52.569,185.12933
61.35,52.549,185.65482
61.35,52.525,185.65482
61.36,52.497,186.17979
61.36,52.47,186.17979
61.37,52.442,186.70421
61.37,52.418,186.70421
61.38,52.398,187.22819
61.39,52.384,187.75203
61.39,52.374,187.75203
61.4,52.357,188.2756
61.4,52.343,188.2756
61.41,52.327,188.79887
61.42,52.303,189.3219
61.42,52.275,189.3219
61.43,52.25,189.8444
61.43,52.221,189.8444
61.44,52.192,190.36632
61.45,52.16,190.88792
61.45,52.13,190.88792
61.46,52.098,191.4089
61.46,52.067,191.4089
61.47,52.03,191.9292
61.48,51.987,192.44907
61.48,51.943,192.44907
61.49,51.893,192.968
61.5,51.84,193.4864
61.5,51.789,193.4864
61.51,51.744,194.00384
61.51,51.697,194.00384
61.52,51.654,194.52038
61.53,51.609,195.03647
61.53,51.557,195.03647
61.54,51.496,195.55143
61.54,51.429,195.55143
61.55,51.367,196.0651
61.56,51.299,196.57809
61.56,51.226,196.57809
61.57,51.151,197.0896
61.58,51.081,197.60041
61.58,51.003,197.60041
61.59,50.918,198.10959
61.59,50.836,198.10959
61.6,50.743,198.61702
61.61,50.649,199.12351
61.61,50.549,199.12351
61.62,50.449,199.628
61.63,50.347,200.13147
61.63,50.246,200.13147
61.64,50.154,200.63301
61.64,50.057,200.63301
61.65,49.964,201.13265
61.66,49.862,201.63127
61.66,49.76,201.63127
61.67,49.651,202.12778
61.68,49.544,202.62322
61.68,49.43,202.62322
61.69,49.306,203.11628
61.7,49.167,203.60795
61.7,49.025,203.60795
61.71,48.883,204.09678
61.72,48.738,204.58416
61.72,48.587,204.58416
61.73,48.432,205.06848
61.74,48.281,205.55129
61.74,48.125,205.55129
61.75,47.973,206.03102
61.76,47.818,206.5092
61.76,47.66,206.5092
61.77,47.492,206.98412
61.78,47.318,207.4573
61.78,47.14,207.4573
61.79,46.962,207.92692
61.8,46.776,208.39468
61.8,46.588,208.39468
61.81,46.395,208.85863
61.82,46.199,209.32062
61.82,46.006,209.32062
61.83,45.81,209.77872
61.84,45.614,210.23486
61.84,45.415,210.23486
61.85,45.213,210.68699
61.86,45.011,211.1371
61.86,44.805,211.1371
61.87,44.592,211.58302
61.88,44.376,212.02678
61.89,44.149,212.46827
61.89,43.914,212.46827
61.9,43.673,212.905
61.91,43.431,213.33931
61.91,43.184,213.33931
61.92,42.928,213.76859
61.93,42.662,214.19521
61.93,42.388,214.19521
61.94,42.109,214.6163
61.95,41.822,215.03452
61.96,41.523,215.44975
61.97,41.219,215.86194
61.97,40.909,215.86194
61.98,40.592,216.26786
61.99,40.268,216.67054
62,39.942,217.06996
62,39.612,217.06996
62.01,39.272,217.46268
62.02,38.926,217.85194
62.03,38.572,218.23766
62.03,38.213,218.23766
62.04,37.853,218.61619
62.05,37.488,218.99107
62.06,37.116,219.36223
62.07,36.739,219.72962
62.08,36.356,220.09318
62.08,35.97,220.09318
62.09,35.585,220.44903
62.1,35.197,220.801
62.11,34.809,221.14909
62.12,34.423,221.49332
62.12,34.035,221.49332
62.13,33.653,221.82985
62.14,33.277,222.16262
62.15,32.907,222.49169
62.16,32.542,222.81711
62.17,32.178,223.13889
62.18,31.818,223.45707
62.19,31.461,223.77168
62.19,31.109,223.77168
62.2,30.764,224.07932
62.21,30.42,224.38352
62.22,30.083,224.68435
62.23,29.752,224.98187
62.24,29.429,225.27616
62.25,29.119,225.56735
62.26,28.819,225.85554
62.27,28.525,226.14079
62.28,28.236,226.42315
62.29,27.953,226.70268
62.3,27.679,226.97947
62.31,27.411,227.25358
62.32,27.144,227.52502
62.33,26.876,227.79378
62.34,26.614,228.05992
62.35,26.351,228.32343
62.36,26.088,228.58431
62.37,25.827,228.84258
62.38,25.565,229.09823
62.39,25.301,229.35124
62.4,25.032,229.60156
62.41,24.762,229.84918
62.42,24.49,230.09408
62.44,24.212,230.57832
62.45,23.927,230.81759
62.46,23.637,231.05396
62.47,23.345,231.28741
62.48,23.049,231.5179
62.49,22.749,231.74539
62.51,22.446,232.19431
62.52,22.136,232.41567
62.53,21.827,232.63394
62.55,21.515,233.06424
62.56,21.195,233.27619
62.57,20.873,233.48492
62.59,20.547,233.89586
62.6,20.214,234.098
62.62,19.882,234.49564
62.63,19.547,234.69111
62.64,19.207,234.88318
62.66,18.867,235.26052
62.68,18.525,235.63102
62.69,18.19,235.81292
62.71,17.856,236.17004
62.73,17.525,236.52054
62.74,17.205,236.69259
62.76,16.892,237.03043
62.78,16.587,237.36217
62.79,16.295,237.52512
62.81,16.015,237.84542
62.83,15.745,238.16032
62.85,15.487,238.47006
62.87,15.24,238.77486
62.88,15.009,238.92495
62.9,14.787,239.22069
62.92,14.574,239.51217
62.94,14.37,239.79957
62.96,14.175,240.08307
62.97,13.989,240.22296
62.99,13.81,240.49916
63.01,13.638,240.77192
63.03,13.472,241.04136
63.05,13.312,241.3076
63.06,13.155,241.43915
63.08,13.004,241.69923
63.1,12.858,241.95639
63.12,12.714,242.21067
63.14,12.574,242.46215
63.15,12.436,242.58651
63.17,12.304,242.83259
63.19,12.173,243.07605
63.21,12.044,243.31693
63.22,11.916,243.43609
63.24,11.792,243.67193
63.26,11.669,243.90531
63.28,11.546,244.13623
63.29,11.424,244.25047
63.31,11.302,244.47651
63.33,11.184,244.70019
63.34,11.065,244.81084
63.36,10.949,245.02982
63.38,10.834,245.2465
63.4,10.718,245.46086
63.41,10.605,245.56691
63.43,10.494,245.77679
63.45,10.383,245.98445
63.46,10.273,246.08718
63.48,10.163,246.29044
63.5,10.056,246.49156
63.52,9.95,246.69056
63.53,9.846,246.78902
63.55,9.744,246.9839
63.57,9.644,247.17678
63.58,9.545,247.27223
63.6,9.446,247.46115
63.62,9.349,247.64813
63.64,9.25,247.83313
63.65,9.144,247.92457
63.67,9.037,248.10531
63.69,8.927,248.28385
63.7,8.808,248.37193
63.72,8.685,248.54563
63.74,8.555,248.71673
63.76,8.421,248.88515
63.77,8.286,248.96801
63.79,8.149,249.13099
63.81,8.013,249.29125
63.83,7.878,249.44881
63.85,7.746,249.60373
63.86,7.622,249.67995
63.88,7.502,249.82999
63.9,7.386,249.97771
63.92,7.276,250.12323
63.94,7.17,250.26663
63.96,7.069,250.40801
63.98,6.975,250.54751
63.99,6.884,250.61635
64.01,6.798,250.75231
64.03,6.713,250.88657
64.05,6.633,251.01923
64.07,6.554,251.15031
64.09,6.48,251.27991
64.1,6.408,251.34399
64.12,6.337,251.47073
64.14,6.267,251.59607
64.16,6.203,251.72013
64.18,6.141,251.84295
64.19,6.083,251.90378
64.21,6.025,252.02428
64.23,5.968,252.14364
64.25,5.915,252.26194
64.26,5.861,252.32055
64.28,5.808,252.43671
64.3,5.757,252.55185
64.32,5.707,252.66599
64.33,5.658,252.72257
64.35,5.61,252.83477
64.37,5.562,252.94601
64.38,5.519,253.0012
64.4,5.474,253.11068
64.42,5.43,253.21928
64.43,5.387,253.27315
64.45,5.346,253.38007
64.47,5.305,253.48617
64.48,5.263,253.5388
64.5,5.224,253.64328
64.52,5.186,253.747
64.53,5.147,253.79847
64.55,5.107,253.90061
64.56,5.069,253.9513
64.58,5.033,254.05196
64.6,5,254.15196
64.61,4.965,254.20161
64.63,4.93,254.30021
64.64,4.894,254.34915
64.66,4.86,254.44635
64.67,4.827,254.49462
64.69,4.796,254.59054
64.7,4.763,254.63817
64.72,4.73,254.73277
64.73,4.698,254.77975
64.75,4.668,254.87311
64.76,4.641,254.91952
64.78,4.614,255.0118
64.79,4.588,255.05768
64.81,4.56,255.14888
64.82,4.535,255.19423
64.84,4.509,255.28441
64.85,4.483,255.32924
64.86,4.46,255.37384
64.88,4.435,255.46254
64.89,4.413,255.50667
64.91,4.391,255.59449
64.92,4.372,255.63821
64.93,4.352,255.68173
64.95,4.337,255.76847
64.96,4.321,255.81168
64.97,4.303,255.85471
64.99,4.281,255.94033
65,4.256,255.98289
65.01,4.23,256.02519
65.03,4.204,256.10927
65.04,4.179,256.15106
65.06,4.156,256.23418
65.07,4.133,256.27551
65.08,4.115,256.31666
65.1,4.102,256.3987
65.11,4.091,256.43961
65.12,4.079,256.4804
65.14,4.067,256.56174
65.15,4.055,256.60229
65.16,4.039,256.64268
65.17,4.02,256.68288
65.19,3.999,256.76286
65.2,3.98,256.80266
65.21,3.958,256.84224
65.22,3.937,256.88161
65.24,3.916,256.95993
65.25,3.9,256.99893
65.26,3.883,257.03776
65.27,3.868,257.07644
65.29,3.855,257.15354
65.3,3.843,257.19197
65.31,3.827,257.23024
65.32,3.811,257.26835
65.34,3.795,257.34425
65.35,3.777,257.38202
65.36,3.76,257.41962
65.37,3.744,257.45706
65.38,3.726,257.49432
65.4,3.709,257.5685
65.41,3.692,257.60542
65.42,3.678,257.6422
65.43,3.663,257.67883
65.44,3.648,257.71531
65.46,3.636,257.78803
65.47,3.62,257.82423
65.48,3.602,257.86025
65.49,3.586,257.89611
65.5,3.57,257.93181
65.51,3.554,257.96735
65.52,3.541,258.00276
65.54,3.526,258.07328
65.55,3.509,258.10837
65.56,3.495,258.14332
65.57,3.479,258.17811
65.58,3.466,258.21277
65.59,3.453,258.2473
65.6,3.437,258.28167
65.61,3.424,258.31591
65.63,3.406,258.38403
65.64,3.39,258.41793
65.65,3.379,258.45172
65.66,3.363,258.48535
65.67,3.347,258.51882
65.68,3.336,258.55218
65.69,3.321,258.58539
65.7,3.307,258.61846
65.71,3.296,258.65142
65.73,3.287,258.71716
65.74,3.273,258.74989
65.75,3.259,258.78248
65.76,3.246,258.81494
65.77,3.23,258.84724
65.78,3.215,258.87939
65.79,3.201,258.9114
65.8,3.187,258.94327
65.81,3.175,258.97502
65.82,3.16,259.00662
65.83,3.148,259.0381
65.84,3.139,259.06949
65.85,3.124,259.10073
65.86,3.115,259.13188
65.87,3.103,259.16291
65.89,3.09,259.22471
65.9,3.076,259.25547
65.91,3.065,259.28612
65.92,3.052,259.31664
65.93,3.04,259.34704
65.94,3.027,259.37731
65.95,3.014,259.40745
65.96,3.001,259.43746
65.97,2.992,259.46738
65.98,2.983,259.49721
65.99,2.97,259.52691
66,2.96,259.55651
66.01,2.949,259.586
66.02,2.939,259.61539
66.03,2.926,259.64465
66.04,2.912,259.67377
66.05,2.902,259.70279
66.06,2.891,259.7317
66.07,2.879,259.76049
66.08,2.872,259.78921
66.09,2.861,259.81782
66.1,2.848,259.8463
66.11,2.836,259.87466
66.12,2.823,259.90289
66.13,2.813,259.93102
66.14,2.8,259.95902
66.15,2.79,259.98692
66.16,2.78,260.01472
66.17,2.771,260.04243
66.18,2.763,260.07006
66.19,2.754,260.0976
66.2,2.746,260.12506
66.21,2.739,260.15245
66.22,2.728,260.17973
66.23,2.717,260.2069
66.24,2.703,260.23393
66.25,2.691,260.26084
66.26,2.681,260.28765
66.26,2.674,260.28765
66.28,2.667,260.34099
66.29,2.658,260.36757
66.29,2.647,260.36757
66.3,2.638,260.39395
66.31,2.633,260.42028
66.32,2.625,260.44653
66.33,2.616,260.47269
66.34,2.607,260.49876
66.35,2.595,260.52471
66.36,2.587,260.55058
66.37,2.582,260.5764
66.38,2.575,260.60215
66.39,2.568,260.62783
66.4,2.56,260.65343
66.41,2.549,260.67892
66.42,2.539,260.70431
66.43,2.532,260.72963
66.44,2.523,260.75486
66.45,2.511,260.77997
66.46,2.503,260.805
66.47,2.496,260.82996
66.47,2.491,260.82996
66.48,2.483,260.85479
66.49,2.478,260.87957
66.5,2.47,260.90427
66.51,2.461,260.92888
66.52,2.452,260.9534
66.53,2.447,260.97787
66.54,2.439,261.00226
66.55,2.427,261.02653
66.56,2.421,261.05074
66.57,2.419,261.07493
66.58,2.412,261.09905
66.59,2.404,261.12309
66.59,2.4,261.12309
66.6,2.397,261.14706
66.61,2.391,261.17097
66.62,2.387,261.19484
66.63,2.381,261.21865
66.64,2.374,261.24239
66.65,2.366,261.26605
66.66,2.358,261.28963
66.67,2.349,261.31312
66.68,2.342,261.33654
66.69,2.329,261.35983
66.69,2.322,261.35983
66.7,2.315,261.38298
66.71,2.308,261.40606
66.72,2.302,261.42908
66.73,2.297,261.45205
66.74,2.293,261.47498
66.75,2.292,261.4979
66.76,2.294,261.52084
66.77,2.289,261.54373
66.78,2.281,261.56654
66.79,2.276,261.5893
66.79,2.27,261.5893
66.8,2.262,261.61192
66.81,2.255,261.63447
66.82,2.244,261.65691
66.83,2.237,261.67928
66.84,2.231,261.70159
66.85,2.227,261.72386
66.86,2.229,261.74615
66.87,2.225,261.7684
66.87,2.221,261.7684
66.88,2.214,261.79054
66.89,2.209,261.81263
66.9,2.202,261.83465
66.91,2.197,261.85662
66.92,2.192,261.87854
66.93,2.186,261.9004
66.94,2.18,261.9222
66.95,2.177,261.94397
66.96,2.176,261.96573
66.96,2.173,261.96573
66.97,2.168,261.98741
66.98,2.162,262.00903
66.99,2.157,262.0306
67,2.153,262.05213
67.01,2.151,262.07364
67.02,2.145,262.09509
67.03,2.141,262.1165
67.04,2.14,262.1379
67.04,2.139,262.1379
67.05,2.135,262.15925
67.06,2.13,262.18055
67.07,2.124,262.20179
67.08,2.118,262.22297
67.09,2.113,262.2441
67.1,2.108,262.26518
67.11,2.102,262.2862
67.11,2.098,262.2862
67.12,2.093,262.30713
67.13,2.092,262.32805
67.14,2.094,262.34899
67.15,2.091,262.3699
67.16,2.086,262.39076
67.17,2.08,262.41156
67.18,2.078,262.43234
67.18,2.072,262.43234
67.19,2.065,262.45299
67.2,2.062,262.47361
67.21,2.062,262.49423
67.22,2.059,262.51482
67.23,2.059,262.53541
67.24,2.059,262.556
67.25,2.06,262.5766
67.25,2.06,262.5766
67.26,2.059,262.59719
67.27,2.055,262.61774
67.28,2.049,262.63823
67.29,2.041,262.65864
67.3,2.035,262.67899
67.31,2.029,262.69928
67.31,2.022,262.69928
67.32,2.018,262.71946
67.33,2.016,262.73962
67.34,2.015,262.75977
67.35,2.014,262.77991
67.36,2.013,262.80004
67.37,2.015,262.82019
67.38,2.014,262.84033
67.38,2.012,262.84033
67.39,2.013,262.86046
67.4,2.012,262.88058
67.41,2.01,262.90068
67.42,2.007,262.92075
67.43,2.004,262.94079
67.44,2.001,262.9608
67.45,1.998,262.98078
67.45,1.995,262.98078
67.46,1.993,263.00071
67.47,1.991,263.02062
67.48,1.989,263.04051
67.49,1.987,263.06038
67.5,1.985,263.08023
67.5,1.983,263.08023
67.51,1.981,263.10004
67.52,1.98,263.11984
67.53,1.977,263.13961
67.54,1.971,263.15932
67.55,1.967,263.17899
67.56,1.965,263.19864
67.57,1.964,263.21828
67.57,1.963,263.21828
67.58,1.961,263.23789
67.59,1.959,263.25748
67.6,1.958,263.27706
67.61,1.957,263.29663
67.62,1.956,263.31619
67.62,1.955,263.31619
67.63,1.954,263.33573
67.64,1.953,263.35526
67.65,1.951,263.37477
67.66,1.949,263.39426
67.67,1.946,263.41372
67.67,1.944,263.41372
67.68,1.941,263.43313
67.69,1.937,263.4525
67.7,1.935,263.47185
67.71,1.933,263.49118
67.72,1.933,263.51051
67.73,1.933,263.52984
67.74,1.933,263.54917
67.74,1.933,263.54917
67.75,1.933,263.5685
67.76,1.931,263.58781
67.77,1.928,263.60709
67.78,1.925,263.62634
67.79,1.922,263.64556
67.8,1.92,263.66476
67.8,1.917,263.66476
67.81,1.915,263.68391
67.82,1.914,263.70305
67.83,1.914,263.72219
67.84,1.914,263.74133
67.85,1.915,263.76048
67.85,1.914,263.76048
67.86,1.913,263.77961
67.87,1.912,263.79873
67.88,1.911,263.81784
67.89,1.91,263.83694
67.9,1.908,263.85602
67.91,1.906,263.87508
67.91,1.904,263.87508
67.92,1.902,263.8941
67.93,1.899,263.91309
67.94,1.898,263.93207
67.95,1.896,263.95103
67.96,1.895,263.96998
67.97,1.895,263.98893
67.97,1.895,263.98893
67.98,1.895,264.00788
67.99,1.895,264.02683
68,1.896,264.04579
68.01,1.896,264.06475
68.02,1.895,264.0837
68.02,1.893,264.0837
68.03,1.89,264.1026
68.04,1.888,264.12148
68.05,1.885,264.14033
68.06,1.883,264.15916
68.07,1.88,264.17796
68.08,1.878,264.19674
68.08,1.877,264.19674
68.09,1.876,264.2155
68.1,1.875,264.23425
68.11,1.875,264.253
68.12,1.875,264.27175
68.13,1.875,264.2905
68.13,1.875,264.2905
68.14,1.875,264.30925
68.15,1.875,264.328
68.16,1.875,264.34675
68.17,1.875,264.3655
68.18,1.874,264.38424
68.18,1.874,264.38424
68.19,1.873,264.40297
68.2,1.872,264.42169
68.21,1.872,264.44041
68.22,1.872,264.45913
68.23,1.871,264.47784
68.24,1.871,264.49655
68.24,1.871,264.49655
68.25,1.871,264.51526
68.26,1.871,264.53397
68.27,1.871,264.55268
68.28,1.87,264.57138
68.29,1.87,264.59008
68.29,1.869,264.59008
68.3,1.869,264.60877
68.31,1.868,264.62745
68.32,1.868,264.64613
68.33,1.867,264.6648
68.34,1.866,264.68346
68.34,1.865,264.68346
68.35,1.864,264.7021
68.36,1.863,264.72073
68.37,1.862,264.73935
68.38,1.86,264.75795
68.39,1.859,264.77654
68.4,1.859,264.79513
68.4,1.858,264.79513
68.41,1.858,264.81371
68.42,1.858,264.83229
68.43,1.859,264.85088
68.44,1.859,264.86947
68.45,1.859,264.88806
68.45,1.86,264.88806
68.46,1.86,264.90666
68.47,1.859,264.92525
68.48,1.858,264.94383
68.49,1.857,264.9624
68.5,1.856,264.98096
68.5,1.855,264.98096
68.51,1.854,264.9995
68.52,1.853,265.01803
68.53,1.852,265.03655
68.54,1.852,265.05507
68.55,1.852,265.07359
68.55,1.852,265.07359
68.56,1.852,265.09211
68.57,1.852,265.11063
68.58,1.852,265.12915
68.59,1.852,265.14767
68.6,1.853,265.1662
68.6,1.853,265.1662
68.61,1.853,265.18473
68.62,1.853,265.20326
68.63,1.852,265.22178
68.64,1.852,265.2403
68.65,1.851,265.25881
68.66,1.851,265.27732
68.66,1.85,265.27732
68.67,1.85,265.29582
68.68,1.85,265.31432
68.69,1.85,265.33282
68.7,1.85,265.35132
68.7,1.85,265.35132
68.71,1.85,265.36982
68.72,1.849,265.38831
68.73,1.849,265.4068
68.74,1.848,265.42528
68.75,1.848,265.44376
68.76,1.848,265.46224
68.76,1.847,265.46224
68.77,1.847,265.48071
68.78,1.846,265.49917
68.79,1.846,265.51763
68.8,1.846,265.53609
68.81,1.845,265.55454
68.81,1.845,265.55454
68.82,1.845,265.57299
68.83,1.845,265.59144
68.84,1.845,265.60989
68.85,1.845,265.62834
68.86,1.844,265.64678
68.87,1.844,265.66522
68.87,1.844,265.66522
68.88,1.844,265.68366
68.89,1.844,265.7021
68.9,1.845,265.72055
68.91,1.845,265.739
68.91,1.845,265.739
68.92,1.845,265.75745
68.93,1.844,265.77589
68.94,1.844,265.79433
68.95,1.843,265.81276
68.96,1.842,265.83118
68.96,1.841,265.83118
68.97,1.84,265.84958
68.98,1.84,265.86798
68.99,1.839,265.88637
69,1.838,265.90475
69.01,1.838,265.92313
69.01,1.838,265.92313
69.02,1.838,265.94151
69.03,1.838,265.95989
69.04,1.838,265.97827
69.05,1.838,265.99665
69.06,1.838,266.01503
69.07,1.838,266.03341
69.07,1.838,266.03341
69.08,1.837,266.05178
69.09,1.837,266.07015
69.1,1.837,266.08852
69.11,1.837,266.10689
69.11,1.836,266.10689
69.12,1.836,266.12525
69.13,1.836,266.14361
69.14,1.836,266.16197
69.15,1.836,266.18033
69.16,1.835,266.19868
69.17,1.835,266.21703
69.17,1.835,266.21703
69.18,1.834,266.23537
69.19,1.834,266.25371
69.2,1.834,266.27205
69.21,1.834,266.29039
69.22,1.834,266.30873
69.22,1.833,266.30873
69.23,1.833,266.32706
69.24,1.833,266.34539
69.25,1.833,266.36372
69.26,1.833,266.38205
69.27,1.833,266.40038
69.27,1.832,266.40038
69.28,1.832,266.4187
69.29,1.832,266.43702
69.3,1.832,266.45534
69.31,1.831,266.47365
69.32,1.831,266.49196
69.32,1.831,266.49196
69.33,1.831,266.51027
69.34,1.831,266.52858
69.35,1.831,266.54689
69.36,1.831,266.5652
69.37,1.831,266.58351
69.37,1.831,266.58351
69.38,1.831,266.60182
69.39,1.831,266.62013
69.4,1.83,266.63843
69.41,1.83,266.65673
69.42,1.83,266.67503
69.42,1.83,266.67503
69.43,1.829,266.69332
69.44,1.829,266.71161
69.45,1.829,266.7299
69.46,1.828,266.74818
69.47,1.828,266.76646
69.47,1.827,266.76646
69.48,1.827,266.78473
69.49,1.827,266.803
69.5,1.827,266.82127
69.51,1.827,266.83954
69.52,1.827,266.85781
69.53,1.827,266.87608
69.53,1.827,266.87608
69.54,1.826,266.89434
69.55,1.826,266.9126
69.56,1.826,266.93086
69.57,1.826,266.94912
69.57,1.826,266.94912
69.58,1.826,266.96738
69.59,1.826,266.98564
69.6,1.825,267.00389
69.61,1.825,267.02214
69.62,1.825,267.04039
69.62,1.824,267.04039
69.63,1.824,267.05863
69.64,1.824,267.07687
69.65,1.824,267.09511
69.66,1.824,267.11335
69.67,1.823,267.13158
69.68,1.823,267.14981
69.68,1.823,267.14981
69.69,1.823,267.16804
69.7,1.823,267.18627
69.71,1.822,267.20449
69.72,1.822,267.22271
69.72,1.822,267.22271
69.73,1.821,267.24092
69.74,1.821,267.25913
69.75,1.821,267.27734
69.76,1.821,267.29555
69.77,1.821,267.31376
69.77,1.821,267.31376
69.78,1.821,267.33197
69.79,1.821,267.35018
69.8,1.821,267.36839
69.81,1.821,267.3866
69.82,1.821,267.40481
69.83,1.821,267.42302
69.83,1.821,267.42302
69.84,1.821,267.44123
69.85,1.821,267.45944
69.86,1.82,267.47764
69.87,1.82,267.49584
69.88,1.82,267.51404
69.88,1.82,267.51404
69.89,1.82,267.53224
69.9,1.82,267.55044
69.91,1.82,267.56864
69.92,1.82,267.58684
69.93,1.82,267.60504
69.93,1.819,267.60504
69.94,1.819,267.62323
69.95,1.819,267.64142
69.96,1.819,267.65961
69.97,1.819,267.6778
69.97,1.819,267.6778
69.98,1.819,267.69599
69.99,1.819,267.71418
70,1.819,267.73237
70.01,1.819,267.75056
70.02,1.819,267.76875
70.03,1.819,267.78694
70.03,1.819,267.78694
70.04,1.819,267.80513
70.05,1.819,267.82332
70.06,1.818,267.8415
70.07,1.818,267.85968
70.08,1.818,267.87786
70.08,1.817,267.87786
70.09,1.817,267.89603
70.1,1.817,267.9142
70.11,1.816,267.93236
70.12,1.816,267.95052
70.12,1.816,267.95052
70.13,1.816,267.96868
70.14,1.816,267.98684
70.15,1.816,268.005
70.16,1.816,268.02316
70.17,1.816,268.04132
70.17,1.816,268.04132
70.18,1.816,268.05948
70.19,1.816,268.07764
70.2,1.816,268.0958
70.21,1.816,268.11396
70.22,1.816,268.13212
70.23,1.815,268.15027
70.23,1.815,268.15027
70.24,1.815,268.16842
70.25,1.815,268.18657
70.26,1.815,268.20472
70.27,1.814,268.22286
70.28,1.814,268.241
70.28,1.814,268.241
70.29,1.814,268.25914
70.3,1.814,268.27728
70.31,1.814,268.29542
70.32,1.814,268.31356
70.33,1.814,268.3317
70.33,1.813,268.3317
70.34,1.813,268.34983
70.35,1.813,268.36796
70.36,1.813,268.38609
70.37,1.813,268.40422
70.38,1.812,268.42234
70.38,1.812,268.42234
70.39,1.812,268.44046
70.4,1.812,268.45858
70.41,1.812,268.4767
70.42,1.811,268.49481
70.43,1.811,268.51292
70.43,1.811,268.51292
70.44,1.811,268.53103
70.45,1.811,268.54914
70.46,1.811,268.56725
70.47,1.811,268.58536
70.48,1.811,268.60347
70.48,1.811,268.60347
70.49,1.811,268.62158
70.5,1.811,268.63969
70.51,1.811,268.6578
70.52,1.811,268.67591
70.53,1.811,268.69402
70.53,1.81,268.69402
70.54,1.81,268.71212
70.55,1.81,268.73022
70.56,1.81,268.74832
70.57,1.81,268.76642
70.58,1.809,268.78451
70.58,1.809,268.78451
70.59,1.809,268.8026
70.6,1.809,268.82069
70.61,1.809,268.83878
70.62,1.809,268.85687
70.63,1.809,268.87496
70.63,1.809,268.87496
70.64,1.809,268.89305
70.65,1.809,268.91114
70.66,1.809,268.92923
70.67,1.809,268.94732
70.68,1.809,268.96541
70.68,1.809,268.96541
70.69,1.809,268.9835
70.7,1.809,269.00159
70.71,1.809,269.01968
70.72,1.809,269.03777
70.73,1.809,269.05586
70.73,1.809,269.05586
70.74,1.809,269.07395
70.75,1.809,269.09204
70.76,1.809,269.11013
70.77,1.809,269.12822
70.78,1.808,269.1463
70.78,1.808,269.1463
70.79,1.808,269.16438
70.8,1.808,269.18246
70.81,1.808,269.20054
70.82,1.808,269.21862
70.83,1.808,269.2367
70.83,1.808,269.2367
70.84,1.808,269.25478
70.85,1.808,269.27286
70.86,1.808,269.29094
70.87,1.808,269.30902
70.88,1.807,269.32709
70.88,1.807,269.32709
70.89,1.807,269.34516
70.9,1.807,269.36323
70.91,1.807,269.3813
70.92,1.807,269.39937
70.93,1.807,269.41744
70.93,1.807,269.41744
70.94,1.807,269.43551
70.95,1.806,269.45357
70.96,1.806,269.47163
70.97,1.806,269.48969
70.98,1.806,269.50775
70.98,1.806,269.50775
70.99,1.806,269.52581
71,1.805,269.54386
71.01,1.805,269.56191
71.02,1.805,269.57996
71.03,1.804,269.598
71.03,1.804,269.598
71.04,1.804,269.61604
71.05,1.804,269.63408
71.06,1.804,269.65212
71.07,1.804,269.67016
71.08,1.805,269.68821
71.08,1.805,269.68821
71.09,1.805,269.70626
71.1,1.805,269.72431
71.11,1.806,269.74237
71.12,1.806,269.76043
71.13,1.806,269.77849
71.13,1.806,269.77849
71.14,1.806,269.79655
71.15,1.805,269.8146
71.16,1.805,269.83265
71.17,1.805,269.8507
71.18,1.804,269.86874
71.18,1.804,269.86874
71.19,1.804,269.88678
71.2,1.804,269.90482
71.21,1.804,269.92286
71.22,1.804,269.9409
71.23,1.804,269.95894
71.23,1.804,269.95894
71.24,1.804,269.97698
71.25,1.804,269.99502
71.26,1.804,270.01306
71.27,1.804,270.0311
71.28,1.804,270.04914
71.28,1.804,270.04914
71.29,1.804,270.06718
71.3,1.803,270.08521
71.31,1.803,270.10324
71.32,1.803,270.12127
71.33,1.803,270.1393
71.33,1.803,270.1393
71.34,1.803,270.15733
71.35,1.803,270.17536
71.36,1.803,270.19339
71.37,1.803,270.21142
71.38,1.803,270.22945
71.38,1.803,270.22945
71.39,1.803,270.24748
71.4,1.803,270.26551
71.41,1.803,270.28354
71.42,1.803,270.30157
71.43,1.803,270.3196
71.43,1.802,270.3196
71.44,1.802,270.33762
71.45,1.802,270.35564
71.46,1.802,270.37366
71.47,1.803,270.39169
71.48,1.803,270.40972
71.48,1.803,270.40972
71.49,1.802,270.42774
71.5,1.802,270.44576
71.51,1.802,270.46378
71.52,1.802,270.4818
71.53,1.802,270.49982
71.53,1.802,270.49982
71.54,1.802,270.51784
71.55,1.802,270.53586
71.56,1.802,270.55388
71.57,1.802,270.5719
71.58,1.802,270.58992
71.58,1.802,270.58992
71.59,1.802,270.60794
71.6,1.802,270.62596
71.61,1.801,270.64397
71.62,1.801,270.66198
71.63,1.801,270.67999
71.63,1.801,270.67999
71.64,1.801,270.698
71.65,1.801,270.71601
71.66,1.801,270.73402
71.67,1.801,270.75203
71.68,1.801,270.77004
71.68,1.801,270.77004
71.69,1.801,270.78805
71.7,1.801,270.80606
71.71,1.8,270.82406
71.72,1.8,270.84206
71.73,1.8,270.86006
71.73,1.8,270.86006
71.74,1.8,270.87806
71.75,1.8,270.89606
71.76,1.8,270.91406
71.77,1.8,270.93206
71.78,1.8,270.95006
71.78,1.8,270.95006
71.79,1.8,270.96806
71.8,1.799,270.98605
71.81,1.799,271.00404
71.82,1.799,271.02203
71.83,1.799,271.04002
71.83,1.799,271.04002
71.84,1.799,271.05801
71.85,1.799,271.076
71.86,1.799,271.09399
71.87,1.799,271.11198
71.88,1.799,271.12997
71.88,1.799,271.12997
71.89,1.799,271.14796
71.9,1.799,271.16595
71.91,1.799,271.18394
71.92,1.799,271.20193
71.93,1.799,271.21992
71.93,1.799,271.21992
71.94,1.799,271.23791
71.95,1.799,271.2559
71.96,1.799,271.27389
71.97,1.799,271.29188
71.98,1.799,271.30987
71.98,1.799,271.30987
71.99,1.799,271.32786
72,1.799,271.34585
72.01,1.799,271.36384
72.02,1.8,271.38184
72.03,1.8,271.39984
72.04,1.8,271.41784
72.04,1.8,271.41784
72.05,1.8,271.43584
72.06,1.8,271.45384
72.07,1.799,271.47183
72.08,1.799,271.48982
72.08,1.799,271.48982
72.09,1.799,271.50781
72.1,1.799,271.5258
72.11,1.798,271.54378
72.12,1.799,271.56177
72.13,1.799,271.57976
72.13,1.799,271.57976
72.14,1.799,271.59775
72.15,1.799,271.61574
72.16,1.798,271.63372
72.17,1.798,271.6517
72.18,1.798,271.66968
72.18,1.798,271.66968
72.19,1.798,271.68766
72.2,1.798,271.70564
72.21,1.798,271.72362
72.22,1.798,271.7416
72.23,1.799,271.75959
72.23,1.799,271.75959
72.24,1.799,271.77758
72.25,1.798,271.79556
72.26,1.798,271.81354
72.27,1.799,271.83153
72.28,1.799,271.84952
72.29,1.799,271.86751
72.29,1.799,271.86751
72.3,1.799,271.8855
72.31,1.799,271.90349
72.32,1.799,271.92148
72.33,1.799,271.93947
72.33,1.799,271.93947
72.34,1.799,271.95746
72.35,1.799,271.97545
72.36,1.799,271.99344
72.37,1.799,272.01143
72.38,1.799,272.02942
72.38,1.799,272.02942
72.39,1.799,272.04741
72.4,1.799,272.0654
72.41,1.799,272.08339
72.42,1.799,272.10138
72.43,1.799,272.11937
72.43,1.798,272.11937
72.44,1.798,272.13735
72.45,1.798,272.15533
72.46,1.798,272.17331
72.47,1.798,272.19129
72.48,1.798,272.20927
72.48,1.798,272.20927
72.49,1.798,272.22725
72.5,1.798,272.24523
72.51,1.798,272.26321
72.52,1.798,272.28119
72.53,1.798,272.29917
72.53,1.799,272.29917
72.54,1.799,272.31716
72.55,1.798,272.33514
72.56,1.798,272.35312
72.57,1.798,272.3711
72.58,1.798,272.38908
72.58,1.798,272.38908
72.59,1.798,272.40706
72.6,1.798,272.42504
72.61,1.798,272.44302
72.62,1.798,272.461
72.63,1.798,272.47898
72.63,1.798,272.47898
72.64,1.798,272.49696
72.65,1.797,272.51493
72.66,1.797,272.5329
72.67,1.797,272.55087
72.68,1.797,272.56884
72.68,1.797,272.56884
72.69,1.797,272.58681
72.7,1.797,272.60478
72.71,1.796,272.62274
72.72,1.796,272.6407
72.73,1.796,272.65866
72.74,1.796,272.67662
72.74,1.796,272.67662
72.75,1.796,272.69458
72.76,1.796,272.71254
72.77,1.796,272.7305
72.78,1.796,272.74846
72.78,1.797,272.74846
72.79,1.797,272.76643
72.8,1.797,272.7844
72.81,1.797,272.80237
72.82,1.797,272.82034
72.83,1.796,272.8383
72.83,1.796,272.8383
72.84,1.796,272.85626
72.85,1.796,272.87422
72.86,1.796,272.89218
72.87,1.796,272.91014
72.88,1.796,272.9281
72.88,1.796,272.9281
72.89,1.796,272.94606
72.9,1.796,272.96402
72.91,1.796,272.98198
72.92,1.796,272.99994
72.93,1.796,273.0179
72.93,1.796,273.0179
72.94,1.795,273.03585
72.95,1.796,273.05381
72.96,1.796,273.07177
72.97,1.795,273.08972
72.98,1.795,273.10767
72.99,1.795,273.12562
72.99,1.795,273.12562
73,1.795,273.14357
73.01,1.795,273.16152
73.02,1.795,273.17947
73.03,1.795,273.19742
73.03,1.795,273.19742
73.04,1.795,273.21537
73.05,1.795,273.23332
73.06,1.795,273.25127
73.07,1.795,273.26922
73.08,1.795,273.28717
73.08,1.795,273.28717
73.09,1.795,273.30512
73.1,1.796,273.32308
73.11,1.796,273.34104
73.12,1.795,273.35899
73.13,1.795,273.37694
73.13,1.795,273.37694
73.14,1.795,273.39489
73.15,1.795,273.41284
73.16,1.795,273.43079
73.17,1.794,273.44873
73.18,1.794,273.46667
73.18,1.794,273.46667
73.19,1.794,273.48461
73.2,1.794,273.50255
73.21,1.794,273.52049
73.22,1.794,273.53843
73.23,1.794,273.55637
73.24,1.794,273.57431
73.24,1.794,273.57431
73.25,1.794,273.59225
73.26,1.794,273.61019
73.27,1.794,273.62813
73.28,1.794,273.64607
73.28,1.793,273.64607
73.29,1.793,273.664
73.3,1.793,273.68193
73.31,1.793,273.69986
73.32,1.793,273.71779
73.33,1.793,273.73572
73.33,1.793,273.73572
73.34,1.793,273.75365
73.35,1.793,273.77158
73.36,1.793,273.78951
73.37,1.793,273.80744
73.38,1.793,273.82537
73.38,1.793,273.82537
73.39,1.793,273.8433
73.4,1.793,273.86123
73.41,1.793,273.87916
73.42,1.794,273.8971
73.43,1.794,273.91504
73.44,1.794,273.93298
73.44,1.794,273.93298
73.45,1.795,273.95093
73.46,1.795,273.96888
73.47,1.795,273.98683
73.48,1.795,274.00478
73.48,1.795,274.00478
73.49,1.794,274.02272
73.5,1.794,274.04066
73.51,1.794,274.0586
73.52,1.794,274.07654
73.53,1.794,274.09448
73.53,1.794,274.09448
73.54,1.794,274.11242
73.55,1.794,274.13036
73.56,1.793,274.14829
73.57,1.793,274.16622
73.58,1.793,274.18415
73.58,1.793,274.18415
73.59,1.793,274.20208
73.6,1.793,274.22001
73.61,1.794,274.23795
73.62,1.794,274.25589
73.63,1.794,274.27383
73.63,1.794,274.27383
73.64,1.795,274.29178
73.65,1.795,274.30973
73.66,1.795,274.32768
73.67,1.795,274.34563
73.68,1.795,274.36358
73.68,1.795,274.36358
73.69,1.795,274.38153
73.7,1.795,274.39948
73.71,1.795,274.41743
73.72,1.795,274.43538
73.73,1.795,274.45333
73.74,1.795,274.47128
73.74,1.795,274.47128
73.75,1.795,274.48923
73.76,1.796,274.50719
73.77,1.796,274.52515
73.78,1.795,274.5431
73.78,1.795,274.5431
73.79,1.795,274.56105
73.8,1.795,274.579
73.81,1.794,274.59694
73.82,1.794,274.61488
73.83,1.794,274.63282
73.83,1.794,274.63282
73.84,1.794,274.65076
73.85,1.794,274.6687
73.86,1.794,274.68664
73.87,1.794,274.70458
73.88,1.794,274.72252
73.88,1.794,274.72252
73.89,1.794,274.74046
73.9,1.794,274.7584
73.91,1.794,274.77634
73.92,1.794,274.79428
73.93,1.794,274.81222
73.93,1.794,274.81222
73.94,1.794,274.83016
73.95,1.794,274.8481
73.96,1.794,274.86604
73.97,1.794,274.88398
73.98,1.794,274.90192
73.99,1.794,274.91986
73.99,1.794,274.91986
74,1.794,274.9378
74.01,1.794,274.95574
74.02,1.794,274.97368
74.03,1.794,274.99162
74.04,1.794,275.00956
74.04,1.794,275.00956
74.05,1.794,275.0275
74.06,1.794,275.04544
74.07,1.794,275.06338
74.08,1.794,275.08132
74.09,1.793,275.09925
74.09,1.793,275.09925
74.1,1.793,275.11718
74.11,1.793,275.13511
74.12,1.793,275.15304
74.13,1.793,275.17097
74.13,1.793,275.17097
74.14,1.793,275.1889
74.15,1.793,275.20683
74.16,1.793,275.22476
74.17,1.794,275.2427
74.18,1.794,275.26064
74.18,1.794,275.26064
74.19,1.794,275.27858
74.2,1.794,275.29652
74.21,1.795,275.31447
74.22,1.795,275.33242
74.23,1.795,275.35037
74.23,1.795,275.35037
74.24,1.795,275.36832
74.25,1.795,275.38627
74.26,1.795,275.40422
74.27,1.795,275.42217
74.28,1.795,275.44012
74.28,1.795,275.44012
74.29,1.795,275.45807
74.3,1.794,275.47601
74.31,1.794,275.49395
74.32,1.794,275.51189
74.33,1.794,275.52983
74.34,1.794,275.54777
74.34,1.794,275.54777
74.35,1.794,275.56571
74.36,1.794,275.58365
74.37,1.794,275.60159
74.38,1.794,275.61953
74.39,1.795,275.63748
74.39,1.795,275.63748
74.4,1.795,275.65543
74.41,1.794,275.67337
74.42,1.794,275.69131
74.43,1.794,275.70925
74.44,1.794,275.72719
74.44,1.794,275.72719
74.45,1.794,275.74513
74.46,1.794,275.76307
74.47,1.795,275.78102
74.48,1.795,275.79897
74.48,1.795,275.79897
74.49,1.795,275.81692
74.5,1.795,275.83487
74.51,1.794,275.85281
74.52,1.794,275.87075
74.53,1.794,275.88869
74.53,1.794,275.88869
74.54,1.794,275.90663
74.55,1.794,275.92457
74.56,1.794,275.94251
74.57,1.794,275.96045
74.58,1.794,275.97839
74.58,1.794,275.97839
74.59,1.794,275.99633
74.6,1.794,276.01427
74.61,1.794,276.03221
74.62,1.794,276.05015
74.63,1.794,276.06809
74.64,1.794,276.08603
74.64,1.794,276.08603
74.65,1.794,276.10397
74.66,1.793,276.1219
74.67,1.793,276.13983
74.68,1.793,276.15776
74.68,1.793,276.15776
74.69,1.793,276.17569
74.7,1.793,276.19362
74.71,1.793,276.21155
74.72,1.793,276.22948
74.73,1.793,276.24741
74.73,1.793,276.24741
74.74,1.793,276.26534
74.75,1.793,276.28327
74.76,1.792,276.30119
74.77,1.792,276.31911
74.78,1.792,276.33703
74.78,1.792,276.33703
74.79,1.792,276.35495
74.8,1.792,276.37287
74.81,1.792,276.39079
74.82,1.792,276.40871
74.83,1.792,276.42663
74.83,1.792,276.42663
74.84,1.792,276.44455
74.85,1.792,276.46247
74.86,1.793,276.4804
74.87,1.793,276.49833
74.88,1.792,276.51625
74.88,1.792,276.51625
74.89,1.792,276.53417
74.9,1.792,276.55209
74.91,1.792,276.57001
74.92,1.792,276.58793
74.93,1.792,276.60585
74.93,1.792,276.60585
74.94,1.792,276.62377
74.95,1.792,276.64169
74.96,1.792,276.65961
74.97,1.792,276.67753
74.98,1.792,276.69545
74.98,1.792,276.69545
74.99,1.792,276.71337
75,1.792,276.73129
75.01,1.792,276.74921
75.02,1.792,276.76713
75.03,1.792,276.78505
75.03,1.792,276.78505
75.04,1.792,276.80297
75.05,1.792,276.82089
75.06,1.792,276.83881
75.07,1.792,276.85673
75.08,1.792,276.87465
75.08,1.792,276.87465
75.09,1.792,276.89257
75.1,1.792,276.91049
75.11,1.792,276.92841
75.12,1.792,276.94633
75.13,1.792,276.96425
75.13,1.792,276.96425
75.14,1.792,276.98217
75.15,1.792,277.00009
75.16,1.792,277.01801
75.17,1.792,277.03593
75.18,1.792,277.05385
75.18,1.791,277.05385
75.19,1.791,277.07176
75.2,1.791,277.08967
75.21,1.791,277.10758
75.22,1.791,277.12549
75.23,1.79,277.14339
75.24,1.79,277.16129
75.24,1.79,277.16129
75.25,1.79,277.17919
75.26,1.79,277.19709
75.27,1.79,277.21499
75.28,1.79,277.23289
75.28,1.79,277.23289
75.29,1.79,277.25079
75.3,1.791,277.2687
75.31,1.791,277.28661
75.32,1.791,277.30452
75.33,1.791,277.32243
75.33,1.791,277.32243
75.34,1.791,277.34034
75.35,1.79,277.35824
75.36,1.79,277.37614
75.37,1.79,277.39404
75.38,1.79,277.41194
75.39,1.79,277.42984
75.39,1.79,277.42984
75.4,1.79,277.44774
75.41,1.789,277.46563
75.42,1.789,277.48352
75.43,1.789,277.50141
75.43,1.789,277.50141
75.44,1.79,277.51931
75.45,1.79,277.53721
75.46,1.79,277.55511
75.47,1.79,277.57301
75.48,1.79,277.59091
75.49,1.79,277.60881
75.49,1.79,277.60881
75.5,1.79,277.62671
75.51,1.79,277.64461
75.52,1.79,277.66251
75.53,1.79,277.68041
75.54,1.79,277.69831
75.54,1.79,277.69831
75.55,1.79,277.71621
75.56,1.79,277.73411
75.57,1.79,277.75201
75.58,1.79,277.76991
75.58,1.79,277.76991
75.59,1.79,277.78781
75.6,1.79,277.80571
75.61,1.791,277.82362
75.62,1.791,277.84153
75.63,1.791,277.85944
75.64,1.79,277.87734
75.64,1.79,277.87734
75.65,1.79,277.89524
75.66,1.79,277.91314
75.67,1.79,277.93104
75.68,1.79,277.94894
75.69,1.79,277.96684
75.69,1.79,277.96684
75.7,1.79,277.98474
75.71,1.79,278.00264
75.72,1.791,278.02055
75.73,1.791,278.03846
75.74,1.791,278.05637
75.74,1.791,278.05637
75.75,1.791,278.07428
75.76,1.791,278.09219
75.77,1.791,278.1101
75.78,1.791,278.12801
75.79,1.791,278.14592
75.79,1.791,278.14592
75.8,1.791,278.16383
75.81,1.791,278.18174
75.82,1.791,278.19965
75.83,1.791,278.21756
75.84,1.791,278.23547
75.84,1.791,278.23547
75.85,1.791,278.25338
75.86,1.791,278.27129
75.87,1.791,278.2892
75.88,1.792,278.30712
75.88,1.792,278.30712
75.89,1.792,278.32504
75.9,1.792,278.34296
75.91,1.792,278.36088
75.92,1.792,278.3788
75.93,1.792,278.39672
75.93,1.792,278.39672
75.94,1.792,278.41464
75.95,1.792,278.43256
75.96,1.792,278.45048
75.97,1.792,278.4684
75.98,1.792,278.48632
75.99,1.792,278.50424
75.99,1.792,278.50424
76,1.792,278.52216
76.01,1.792,278.54008
76.02,1.792,278.558
76.03,1.792,278.57592
76.03,1.792,278.57592
76.04,1.792,278.59384
76.05,1.792,278.61176
76.06,1.792,278.62968
76.07,1.792,278.6476
76.08,1.792,278.66552
76.09,1.792,278.68344
76.09,1.792,278.68344
76.1,1.792,278.70136
76.11,1.792,278.71928
76.12,1.792,278.7372
76.13,1.792,278.75512
76.13,1.792,278.75512
76.14,1.792,278.77304
76.15,1.792,278.79096
76.16,1.792,278.80888
76.17,1.791,278.82679
76.18,1.791,278.8447
76.19,1.792,278.86262
76.19,1.792,278.86262
76.2,1.792,278.88054
76.21,1.792,278.89846
76.22,1.792,278.91638
76.23,1.792,278.9343
76.24,1.792,278.95222
76.24,1.792,278.95222
76.25,1.792,278.97014
76.26,1.792,278.98806
76.27,1.792,279.00598
76.28,1.792,279.0239
76.29,1.792,279.04182
76.29,1.792,279.04182
76.3,1.792,279.05974
76.31,1.792,279.07766
76.32,1.792,279.09558
76.33,1.792,279.1135
76.34,1.793,279.13143
76.34,1.793,279.13143
76.35,1.792,279.14935
76.36,1.792,279.16727
76.37,1.792,279.18519
76.38,1.792,279.20311
76.38,1.792,279.20311
76.39,1.792,279.22103
76.4,1.792,279.23895
76.41,1.792,279.25687
76.42,1.792,279.27479
76.43,1.792,279.29271
76.44,1.792,279.31063
76.44,1.792,279.31063
76.45,1.792,279.32855
76.46,1.792,279.34647
76.47,1.792,279.36439
76.48,1.793,279.38232
76.49,1.793,279.40025
76.49,1.793,279.40025
76.5,1.793,279.41818
76.51,1.793,279.43611
76.52,1.793,279.45404
76.53,1.793,279.47197
76.54,1.793,279.4899
76.54,1.793,279.4899
76.55,1.793,279.50783
76.56,1.793,279.52576
76.57,1.793,279.54369
76.58,1.793,279.56162
76.58,1.794,279.56162
76.59,1.793,279.57955
76.6,1.793,279.59748
76.61,1.793,279.61541
76.62,1.793,279.63334
76.63,1.793,279.65127
76.64,1.793,279.6692
76.64,1.793,279.6692
76.65,1.793,279.68713
76.66,1.794,279.70507
76.67,1.794,279.72301
76.68,1.794,279.74095
76.69,1.794,279.75889
76.69,1.794,279.75889
76.7,1.794,279.77683
76.71,1.794,279.79477
76.72,1.793,279.8127
76.73,1.793,279.83063
76.74,1.793,279.84856
76.74,1.793,279.84856
76.75,1.793,279.86649
76.76,1.793,279.88442
76.77,1.793,279.90235
76.78,1.793,279.92028
76.79,1.793,279.93821
76.79,1.793,279.93821
76.8,1.794,279.95615
76.81,1.794,279.97409
76.82,1.794,279.99203
76.83,1.794,280.00997
76.83,1.794,280.00997
76.84,1.794,280.02791
76.85,1.794,280.04585
76.86,1.793,280.06378
76.87,1.793,280.08171
76.88,1.793,280.09964
76.89,1.792,280.11756
76.89,1.792,280.11756
76.9,1.792,280.13548
76.91,1.792,280.1534
76.92,1.792,280.17132
76.93,1.792,280.18924
76.94,1.792,280.20716
76.94,1.793,280.20716
76.95,1.793,280.22509
76.96,1.793,280.24302
76.97,1.793,280.26095
76.98,1.793,280.27888
76.99,1.793,280.29681
76.99,1.793,280.29681
77,1.793,280.31474
77.01,1.793,280.33267
77.02,1.793,280.3506
77.03,1.793,280.36853
77.04,1.792,280.38645
77.04,1.792,280.38645
77.05,1.792,280.40437
77.06,1.792,280.42229
77.07,1.792,280.44021
77.08,1.792,280.45813
77.09,1.793,280.47606
77.09,1.793,280.47606
77.1,1.793,280.49399
77.11,1.793,280.51192
77.12,1.793,280.52985
77.13,1.793,280.54778
77.14,1.793,280.56571
77.14,1.793,280.56571
77.15,1.793,280.58364
77.16,1.793,280.60157
77.17,1.794,280.61951
77.18,1.794,280.63745
77.18,1.794,280.63745
77.19,1.794,280.65539
77.2,1.794,280.67333
77.21,1.794,280.69127
77.22,1.794,280.70921
77.23,1.793,280.72714
77.24,1.793,280.74507
77.24,1.793,280.74507
77.25,1.793,280.763
77.26,1.793,280.78093
77.27,1.793,280.79886
77.28,1.793,280.81679
77.29,1.793,280.83472
77.29,1.793,280.83472
77.3,1.793,280.85265
77.31,1.793,280.87058
77.32,1.793,280.88851
77.33,1.793,280.90644
77.34,1.793,280.92437
77.34,1.793,280.92437
77.35,1.793,280.9423
77.36,1.793,280.96023
77.37,1.793,280.97816
77.38,1.793,280.99609
77.39,1.793,281.01402
77.39,1.793,281.01402
77.4,1.793,281.03195
77.41,1.793,281.04988
77.42,1.793,281.06781
77.43,1.793,281.08574
77.44,1.794,281.10368
77.44,1.794,281.10368
77.45,1.794,281.12162
77.46,1.794,281.13956
77.47,1.794,281.1575
77.48,1.794,281.17544
77.49,1.794,281.19338
77.49,1.794,281.19338
77.5,1.794,281.21132
77.51,1.793,281.22925
77.52,1.793,281.24718
77.53,1.793,281.26511
77.54,1.793,281.28304
77.54,1.793,281.28304
77.55,1.794,281.30098
77.56,1.794,281.31892
77.57,1.794,281.33686
77.58,1.794,281.3548
77.59,1.794,281.37274
77.59,1.793,281.37274
77.6,1.793,281.39067
77.61,1.793,281.4086
77.62,1.793,281.42653
77.63,1.793,281.44446
77.64,1.793,281.46239
77.64,1.793,281.46239
77.65,1.793,281.48032
77.66,1.794,281.49826
77.67,1.794,281.5162
77.68,1.794,281.53414
77.69,1.794,281.55208
77.69,1.794,281.55208
77.7,1.794,281.57002
77.71,1.794,281.58796
77.72,1.794,281.6059
77.73,1.794,281.62384
77.74,1.795,281.64179
77.74,1.795,281.64179
77.75,1.795,281.65974
77.76,1.795,281.67769
77.77,1.795,281.69564
77.78,1.795,281.71359
77.79,1.795,281.73154
77.79,1.795,281.73154
77.8,1.795,281.74949
77.81,1.795,281.76744
77.82,1.795,281.78539
77.83,1.795,281.80334
77.84,1.795,281.82129
77.84,1.795,281.82129
77.85,1.795,281.83924
77.86,1.795,281.85719
77.87,1.795,281.87514
77.88,1.795,281.89309
77.89,1.795,281.91104
77.89,1.796,281.91104
77.9,1.796,281.929
77.91,1.796,281.94696
77.92,1.796,281.96492
77.93,1.796,281.98288
77.94,1.796,282.00084
77.94,1.796,282.00084
77.95,1.796,282.0188
77.96,1.796,282.03676
77.97,1.796,282.05472
77.98,1.796,282.07268
77.99,1.796,282.09064
77.99,1.795,282.09064
78,1.795,282.10859
78.01,1.795,282.12654
78.02,1.795,282.14449
78.03,1.795,282.16244
78.04,1.795,282.18039
78.04,1.796,282.18039
78.05,1.796,282.19835
78.06,1.796,282.21631
78.07,1.796,282.23427
78.08,1.796,282.25223
78.09,1.796,282.27019
78.09,1.796,282.27019
78.1,1.796,282.28815
78.11,1.795,282.3061
78.12,1.795,282.32405
78.13,1.795,282.342
78.14,1.795,282.35995
78.14,1.795,282.35995
78.15,1.795,282.3779
78.16,1.795,282.39585
78.17,1.795,282.4138
78.18,1.794,282.43174
78.19,1.794,282.44968
78.19,1.794,282.44968
78.2,1.794,282.46762
78.21,1.794,282.48556
78.22,1.794,282.5035
78.23,1.794,282.52144
78.24,1.794,282.53938
78.24,1.795,282.53938
78.25,1.795,282.55733
78.26,1.795,282.57528
78.27,1.795,282.59323
78.28,1.795,282.61118
78.29,1.794,282.62912
78.29,1.794,282.62912
78.3,1.794,282.64706
78.31,1.794,282.665
78.32,1.794,282.68294
78.33,1.794,282.70088
78.34,1.794,282.71882
78.34,1.794,282.71882
78.35,1.794,282.73676
78.36,1.794,282.7547
78.37,1.794,282.77264
78.38,1.794,282.79058
78.39,1.794,282.80852
78.39,1.794,282.80852
78.4,1.794,282.82646
78.41,1.794,282.8444
78.42,1.794,282.86234
78.43,1.794,282.88028
78.44,1.794,282.89822
78.44,1.794,282.89822
78.45,1.794,282.91616
78.46,1.794,282.9341
78.47,1.794,282.95204
78.48,1.794,282.96998
78.49,1.794,282.98792
78.49,1.794,282.98792
78.5,1.794,283.00586
78.51,1.794,283.0238
78.52,1.795,283.04175
78.53,1.795,283.0597
78.54,1.795,283.07765
78.54,1.795,283.07765
78.55,1.795,283.0956
78.56,1.795,283.11355
78.57,1.795,283.1315
78.58,1.795,283.14945
78.59,1.795,283.1674
78.59,1.795,283.1674
78.6,1.795,283.18535
78.61,1.796,283.20331
78.62,1.796,283.22127
78.63,1.796,283.23923
78.64,1.795,283.25718
78.64,1.795,283.25718
78.65,1.795,283.27513
78.66,1.795,283.29308
78.67,1.795,283.31103
78.68,1.794,283.32897
78.69,1.794,283.34691
78.7,1.794,283.36485
78.7,1.795,283.36485
78.71,1.795,283.3828
78.72,1.795,283.40075
78.73,1.795,283.4187
78.74,1.795,283.43665
78.74,1.796,283.43665
78.75,1.796,283.45461
78.76,1.796,283.47257
78.77,1.796,283.49053
78.78,1.796,283.50849
78.79,1.796,283.52645
78.8,1.796,283.54441
78.8,1.796,283.54441
78.81,1.796,283.56237
78.82,1.796,283.58033
78.83,1.796,283.59829
78.84,1.796,283.61625
78.84,1.796,283.61625
78.85,1.796,283.63421
78.86,1.796,283.65217
78.87,1.797,283.67014
78.88,1.797,283.68811
78.89,1.797,283.70608
78.89,1.797,283.70608
78.9,1.796,283.72404
78.91,1.796,283.742
78.92,1.796,283.75996
78.93,1.796,283.77792
78.94,1.796,283.79588
78.94,1.796,283.79588
78.95,1.796,283.81384
78.96,1.796,283.8318
78.97,1.796,283.84976
78.98,1.796,283.86772
78.99,1.796,283.88568
78.99,1.797,283.88568
79,1.797,283.90365
79.01,1.797,283.92162
79.02,1.798,283.9396
79.03,1.798,283.95758
79.04,1.798,283.97556
79.04,1.798,283.97556
79.05,1.798,283.99354
79.06,1.798,284.01152
79.07,1.798,284.0295
79.08,1.798,284.04748
79.09,1.798,284.06546
79.09,1.798,284.06546
79.1,1.798,284.08344
79.11,1.798,284.10142
79.12,1.798,284.1194
79.13,1.798,284.13738
79.14,1.798,284.15536
79.14,1.799,284.15536
79.15,1.799,284.17335
79.16,1.799,284.19134
79.17,1.799,284.20933
79.18,1.799,284.22732
79.19,1.799,284.24531
79.19,1.799,284.24531
79.2,1.799,284.2633
79.21,1.799,284.28129
79.22,1.799,284.29928
79.23,1.799,284.31727
79.24,1.799,284.33526
79.24,1.799,284.33526
79.25,1.799,284.35325
79.26,1.799,284.37124
79.27,1.799,284.38923
79.28,1.799,284.40722
79.29,1.799,284.42521
79.29,1.799,284.42521
79.3,1.799,284.4432
79.31,1.799,284.46119
79.32,1.799,284.47918
79.33,1.799,284.49717
79.34,1.799,284.51516
79.34,1.799,284.51516
79.35,1.799,284.53315
79.36,1.799,284.55114
79.37,1.8,284.56914
79.38,1.8,284.58714
79.39,1.8,284.60514
79.39,1.8,284.60514
79.4,1.8,284.62314
79.41,1.8,284.64114
79.42,1.8,284.65914
79.43,1.8,284.67714
79.44,1.8,284.69514
79.44,1.799,284.69514
79.45,1.799,284.71313
79.46,1.799,284.73112
79.47,1.799,284.74911
79.48,1.799,284.7671
79.49,1.798,284.78508
79.5,1.798,284.80306
79.5,1.799,284.80306
79.51,1.799,284.82105
79.52,1.799,284.83904
79.53,1.799,284.85703
79.54,1.799,284.87502
79.54,1.799,284.87502
79.55,1.799,284.89301
79.56,1.799,284.911
79.57,1.799,284.92899
79.58,1.799,284.94698
79.59,1.799,284.96497
79.59,1.799,284.96497
79.6,1.798,284.98295
79.61,1.798,285.00093
79.62,1.798,285.01891
79.63,1.798,285.03689
79.64,1.798,285.05487
79.64,1.799,285.05487
79.65,1.799,285.07286
79.66,1.799,285.09085
79.67,1.799,285.10884
79.68,1.799,285.12683
79.69,1.799,285.14482
79.69,1.8,285.14482
79.7,1.8,285.16282
79.71,1.8,285.18082
79.72,1.8,285.19882
79.73,1.799,285.21681
79.74,1.799,285.2348
79.74,1.799,285.2348
79.75,1.799,285.25279
79.76,1.799,285.27078
79.77,1.799,285.28877
79.78,1.798,285.30675
79.79,1.798,285.32473
79.8,1.798,285.34271
79.8,1.798,285.34271
79.81,1.798,285.36069
79.82,1.798,285.37867
79.83,1.798,285.39665
79.84,1.799,285.41464
79.84,1.799,285.41464
79.85,1.799,285.43263
79.86,1.799,285.45062
79.87,1.799,285.46861
79.88,1.799,285.4866
79.88,1.799,285.4866
79.89,1.8,285.5046
79.9,1.799,285.52259
79.91,1.799,285.54058
79.92,1.799,285.55857
79.93,1.799,285.57656
79.94,1.799,285.59455
79.94,1.799,285.59455
79.95,1.799,285.61254
79.96,1.799,285.63053
79.97,1.799,285.64852
79.98,1.799,285.66651
79.99,1.799,285.6845
80,1.799,285.70249
80,1.799,285.70249
80.01,1.798,285.72047
80.02,1.798,285.73845
80.03,1.798,285.75643
80.04,1.798,285.77441
80.04,1.798,285.77441
80.05,1.798,285.79239
80.06,1.799,285.81038
80.07,1.799,285.82837
80.08,1.799,285.84636
80.09,1.799,285.86435
80.09,1.799,285.86435
80.1,1.799,285.88234
80.11,1.799,285.90033
80.12,1.799,285.91832
80.13,1.799,285.93631
80.14,1.799,285.9543
80.14,1.798,285.9543
80.15,1.798,285.97228
80.16,1.798,285.99026
80.17,1.798,286.00824
80.18,1.798,286.02622
80.19,1.798,286.0442
80.19,1.798,286.0442
80.2,1.798,286.06218
80.21,1.798,286.08016
80.22,1.799,286.09815
80.23,1.799,286.11614
80.24,1.799,286.13413
80.24,1.799,286.13413
80.25,1.799,286.15212
80.26,1.798,286.1701
80.27,1.798,286.18808
80.28,1.798,286.20606
80.29,1.798,286.22404
80.29,1.799,286.22404
80.3,1.799,286.24203
80.31,1.799,286.26002
80.32,1.799,286.27801
80.33,1.799,286.296
80.34,1.799,286.31399
80.34,1.799,286.31399
80.35,1.799,286.33198
80.36,1.799,286.34997
80.37,1.799,286.36796
80.38,1.799,286.38595
80.39,1.798,286.40393
80.39,1.798,286.40393
80.4,1.798,286.42191
80.41,1.798,286.43989
80.42,1.798,286.45787
80.43,1.798,286.47585
80.44,1.798,286.49383
80.44,1.799,286.49383
80.45,1.799,286.51182
80.46,1.799,286.52981
80.47,1.8,286.54781
80.48,1.8,286.56581
80.49,1.8,286.58381
80.49,1.8,286.58381
80.5,1.8,286.60181
80.51,1.799,286.6198
80.52,1.799,286.63779
80.53,1.799,286.65578
80.54,1.799,286.67377
80.54,1.799,286.67377
80.55,1.799,286.69176
80.56,1.799,286.70975
80.57,1.799,286.72774
80.58,1.799,286.74573
80.58,1.8,286.74573
80.59,1.8,286.76373
80.6,1.799,286.78172
80.61,1.799,286.79971
80.62,1.799,286.8177
80.63,1.8,286.8357
80.64,1.8,286.8537
80.64,1.8,286.8537
80.65,1.8,286.8717
80.66,1.8,286.8897
80.67,1.8,286.9077
80.68,1.8,286.9257
80.69,1.8,286.9437
80.69,1.8,286.9437
80.7,1.8,286.9617
80.71,1.8,286.9797
80.72,1.8,286.9977
80.73,1.8,287.0157
80.74,1.8,287.0337
80.74,1.8,287.0337
80.75,1.8,287.0517
80.76,1.8,287.0697
80.77,1.8,287.0877
80.78,1.8,287.1057
80.79,1.8,287.1237
80.8,1.8,287.1417
80.8,1.8,287.1417
80.81,1.8,287.1597
80.82,1.8,287.1777
80.83,1.8,287.1957
80.84,1.8,287.2137
80.84,1.8,287.2137
80.85,1.801,287.23171
80.86,1.801,287.24972
80.87,1.801,287.26773
80.88,1.8,287.28573
80.88,1.8,287.28573
80.89,1.8,287.30373
80.9,1.8,287.32173
80.91,1.8,287.33973
80.92,1.8,287.35773
80.93,1.8,287.37573
80.94,1.8,287.39373
80.94,1.801,287.39373
80.95,1.801,287.41174
80.96,1.801,287.42975
80.97,1.801,287.44776
80.98,1.802,287.46578
80.99,1.801,287.48379
80.99,1.801,287.48379
81,1.801,287.5018
81.01,1.801,287.51981
81.02,1.801,287.53782
81.03,1.801,287.55583
81.04,1.801,287.57384
81.04,1.801,287.57384
81.05,1.801,287.59185
81.06,1.801,287.60986
81.07,1.801,287.62787
81.08,1.801,287.64588
81.09,1.8,287.66388
81.09,1.8,287.66388
81.1,1.8,287.68188
81.11,1.8,287.69988
81.12,1.801,287.71789
81.13,1.801,287.7359
81.14,1.801,287.75391
81.14,1.802,287.75391
81.15,1.802,287.77193
81.16,1.802,287.78995
81.17,1.802,287.80797
81.18,1.802,287.82599
81.19,1.802,287.84401
81.19,1.802,287.84401
81.2,1.802,287.86203
81.21,1.802,287.88005
81.22,1.802,287.89807
81.23,1.802,287.91609
81.24,1.802,287.93411
81.24,1.802,287.93411
81.25,1.802,287.95213
81.26,1.802,287.97015
81.27,1.803,287.98818
81.28,1.803,288.00621
81.29,1.803,288.02424
81.29,1.803,288.02424
81.3,1.803,288.04227
81.31,1.803,288.0603
81.32,1.803,288.07833
81.33,1.803,288.09636
81.34,1.803,288.11439
81.34,1.802,288.11439
81.35,1.802,288.13241
81.36,1.802,288.15043
81.37,1.802,288.16845
81.38,1.802,288.18647
81.38,1.802,288.18647
81.39,1.802,288.20449
81.4,1.802,288.22251
81.41,1.802,288.24053
81.42,1.802,288.25855
81.43,1.802,288.27657
81.44,1.802,288.29459
81.44,1.802,288.29459
81.45,1.802,288.31261
81.46,1.802,288.33063
81.47,1.802,288.34865
81.48,1.802,288.36667
81.48,1.802,288.36667
81.49,1.802,288.38469
81.5,1.802,288.40271
81.51,1.802,288.42073
81.52,1.802,288.43875
81.53,1.802,288.45677
81.54,1.802,288.47479
81.54,1.801,288.47479
81.55,1.801,288.4928
81.56,1.801,288.51081
81.57,1.801,288.52882
81.58,1.801,288.54683
81.59,1.801,288.56484
81.59,1.801,288.56484
81.6,1.801,288.58285
81.61,1.801,288.60086
81.62,1.802,288.61888
81.63,1.801,288.63689
81.64,1.801,288.6549
81.64,1.801,288.6549
81.65,1.802,288.67292
81.66,1.802,288.69094
81.67,1.802,288.70896
81.68,1.802,288.72698
81.68,1.802,288.72698
81.69,1.802,288.745
81.7,1.802,288.76302
81.71,1.802,288.78104
81.72,1.801,288.79905
81.73,1.801,288.81706
81.73,1.801,288.81706
81.74,1.801,288.83507
81.75,1.801,288.85308
81.76,1.801,288.87109
81.77,1.801,288.8891
81.78,1.801,288.90711
81.78,1.801,288.90711
81.79,1.801,288.92512
81.8,1.801,288.94313
81.81,1.801,288.96114
81.82,1.802,288.97916
81.83,1.802,288.99718
81.84,1.802,289.0152
81.84,1.802,289.0152
81.85,1.802,289.03322
81.86,1.802,289.05124
81.87,1.802,289.06926
81.88,1.802,289.08728
81.88,1.801,289.08728
81.89,1.801,289.10529
81.9,1.801,289.1233
81.91,1.801,289.14131
81.92,1.801,289.15932
81.93,1.801,289.17733
81.94,1.802,289.19535
81.94,1.802,289.19535
81.95,1.801,289.21336
81.96,1.801,289.23137
81.97,1.801,289.24938
81.98,1.801,289.26739
81.98,1.801,289.26739
81.99,1.801,289.2854
82,1.801,289.30341
82.01,1.802,289.32143
82.02,1.802,289.33945
82.03,1.802,289.35747
82.04,1.802,289.37549
82.04,1.802,289.37549
82.05,1.802,289.39351
82.06,1.802,289.41153
82.07,1.802,289.42955
82.08,1.802,289.44757
82.09,1.802,289.46559
82.09,1.802,289.46559
82.1,1.803,289.48362
82.11,1.803,289.50165
82.12,1.803,289.51968
82.13,1.803,289.53771
82.14,1.803,289.55574
82.14,1.802,289.55574
82.15,1.802,289.57376
82.16,1.802,289.59178
82.17,1.801,289.60979
82.18,1.801,289.6278
82.18,1.801,289.6278
82.19,1.801,289.64581
82.2,1.801,289.66382
82.21,1.801,289.68183
82.22,1.801,289.69984
82.23,1.801,289.71785
82.23,1.801,289.71785
82.24,1.801,289.73586
82.25,1.802,289.75388
82.26,1.802,289.7719
82.27,1.802,289.78992
82.28,1.802,289.80794
82.28,1.802,289.80794
82.29,1.802,289.82596
82.3,1.802,289.84398
82.31,1.802,289.862
82.32,1.802,289.88002
82.33,1.802,289.89804
82.34,1.802,289.91606
82.34,1.802,289.91606
82.35,1.803,289.93409
82.36,1.803,289.95212
82.37,1.803,289.97015
82.38,1.803,289.98818
82.39,1.803,290.00621
82.39,1.804,290.00621
82.4,1.804,290.02425
82.41,1.804,290.04229
82.42,1.804,290.06033
82.43,1.804,290.07837
82.44,1.804,290.09641
82.44,1.804,290.09641
82.45,1.803,290.11444
82.46,1.803,290.13247
82.47,1.803,290.1505
82.48,1.803,290.16853
82.49,1.802,290.18655
82.49,1.802,290.18655
82.5,1.802,290.20457
82.51,1.802,290.22259
82.52,1.803,290.24062
82.53,1.803,290.25865
82.54,1.803,290.27668
82.54,1.803,290.27668
82.55,1.803,290.29471
82.56,1.803,290.31274
82.57,1.803,290.33077
82.58,1.803,290.3488
82.59,1.803,290.36683
82.59,1.804,290.36683
82.6,1.804,290.38487
82.61,1.804,290.40291
82.62,1.804,290.42095
82.63,1.805,290.439
82.63,1.805,290.439
82.64,1.805,290.45705
82.65,1.805,290.4751
82.66,1.805,290.49315
82.67,1.805,290.5112
82.68,1.805,290.52925
82.69,1.805,290.5473
82.69,1.805,290.5473
82.7,1.805,290.56535
82.71,1.805,290.5834
82.72,1.805,290.60145
82.73,1.805,290.6195
82.74,1.805,290.63755
82.74,1.805,290.63755
82.75,1.805,290.6556
82.76,1.805,290.67365
82.77,1.805,290.6917
82.78,1.805,290.70975
82.79,1.805,290.7278
82.79,1.805,290.7278
82.8,1.806,290.74586
82.81,1.806,290.76392
82.82,1.806,290.78198
82.83,1.806,290.80004
82.84,1.806,290.8181
82.84,1.805,290.8181
82.85,1.805,290.83615
82.86,1.805,290.8542
82.87,1.805,290.87225
82.88,1.805,290.8903
82.89,1.805,290.90835
82.89,1.805,290.90835
82.9,1.805,290.9264
82.91,1.805,290.94445
82.92,1.806,290.96251
82.93,1.806,290.98057
82.94,1.806,290.99863
82.94,1.806,290.99863
82.95,1.805,291.01668
82.96,1.805,291.03473
82.97,1.805,291.05278
82.98,1.805,291.07083
82.99,1.805,291.08888
82.99,1.805,291.08888
83,1.805,291.10693
83.01,1.805,291.12498
83.02,1.805,291.14303
83.03,1.805,291.16108
83.04,1.805,291.17913
83.04,1.805,291.17913
83.05,1.805,291.19718
83.06,1.805,291.21523
83.07,1.805,291.23328
83.08,1.805,291.25133
83.09,1.805,291.26938
83.09,1.805,291.26938
83.1,1.805,291.28743
83.11,1.805,291.30548
83.12,1.806,291.32354
83.13,1.806,291.3416
83.14,1.806,291.35966
83.14,1.806,291.35966
83.15,1.806,291.37772
83.16,1.807,291.39579
83.17,1.807,291.41386
83.18,1.807,291.43193
83.18,1.807,291.43193
83.19,1.807,291.45
83.2,1.807,291.46807
83.21,1.808,291.48615
83.22,1.808,291.50423
83.23,1.808,291.52231
83.24,1.808,291.54039
83.24,1.807,291.54039
83.25,1.807,291.55846
83.26,1.807,291.57653
83.27,1.807,291.5946
83.28,1.807,291.61267
83.29,1.806,291.63073
83.29,1.806,291.63073
83.3,1.806,291.64879
83.31,1.806,291.66685
83.32,1.807,291.68492
83.33,1.807,291.70299
83.34,1.807,291.72106
83.34,1.807,291.72106
83.35,1.807,291.73913
83.36,1.806,291.75719
83.37,1.806,291.77525
83.38,1.806,291.79331
83.39,1.806,291.81137
83.39,1.806,291.81137
83.4,1.806,291.82943
83.41,1.806,291.84749
83.42,1.807,291.86556
83.43,1.807,291.88363
83.44,1.807,291.9017
83.44,1.806,291.9017
83.45,1.806,291.91976
83.46,1.806,291.93782
83.47,1.806,291.95588
83.48,1.806,291.97394
83.49,1.807,291.99201
83.49,1.807,291.99201
83.5,1.807,292.01008
83.51,1.807,292.02815
83.52,1.807,292.04622
83.53,1.807,292.06429
83.54,1.807,292.08236
83.54,1.807,292.08236
83.55,1.807,292.10043
83.56,1.808,292.11851
83.57,1.808,292.13659
83.58,1.808,292.15467
83.59,1.808,292.17275
83.59,1.808,292.17275
83.6,1.808,292.19083
83.61,1.807,292.2089
83.62,1.807,292.22697
83.63,1.807,292.24504
83.64,1.807,292.26311
83.64,1.807,292.26311
83.65,1.806,292.28117
83.66,1.806,292.29923
83.67,1.806,292.31729
83.68,1.806,292.33535
83.69,1.806,292.35341
83.69,1.806,292.35341
83.7,1.806,292.37147
83.71,1.806,292.38953
83.72,1.806,292.40759
83.73,1.806,292.42565
83.74,1.807,292.44372
83.74,1.807,292.44372
83.75,1.807,292.46179
83.76,1.807,292.47986
83.77,1.807,292.49793
83.78,1.807,292.516
83.79,1.807,292.53407
83.79,1.806,292.53407
83.8,1.806,292.55213
83.81,1.806,292.57019
83.82,1.806,292.58825
83.83,1.806,292.60631
83.84,1.806,292.62437
83.84,1.806,292.62437
83.85,1.806,292.64243
83.86,1.806,292.66049
83.87,1.806,292.67855
83.88,1.806,292.69661
83.89,1.807,292.71468
83.89,1.807,292.71468
83.9,1.808,292.73276
83.91,1.808,292.75084
83.92,1.808,292.76892
83.93,1.808,292.787
83.94,1.808,292.80508
83.94,1.808,292.80508
83.95,1.808,292.82316
83.96,1.808,292.84124
83.97,1.808,292.85932
83.98,1.808,292.8774
83.99,1.808,292.89548
83.99,1.808,292.89548
84,1.808,292.91356
84.01,1.808,292.93164
84.02,1.808,292.94972
84.03,1.808,292.9678
84.04,1.808,292.98588
84.04,1.808,292.98588
84.05,1.808,293.00396
84.06,1.809,293.02205
84.07,1.809,293.04014
84.08,1.809,293.05823
84.09,1.808,293.07631
84.09,1.808,293.07631
84.1,1.808,293.09439
84.11,1.808,293.11247
84.12,1.808,293.13055
84.13,1.808,293.14863
84.14,1.808,293.16671
84.14,1.809,293.16671
84.15,1.809,293.1848
84.16,1.809,293.20289
84.17,1.809,293.22098
84.18,1.809,293.23907
84.19,1.809,293.25716
84.19,1.809,293.25716
84.2,1.809,293.27525
84.21,1.809,293.29334
84.22,1.809,293.31143
84.23,1.808,293.32951
84.24,1.808,293.34759
84.24,1.808,293.34759
84.25,1.808,293.36567
84.26,1.808,293.38375
84.27,1.808,293.40183
84.28,1.808,293.41991
84.29,1.808,293.43799
84.29,1.808,293.43799
84.3,1.808,293.45607
84.31,1.808,293.47415
84.32,1.808,293.49223
84.33,1.808,293.51031
84.34,1.808,293.52839
84.35,1.808,293.54647
84.35,1.808,293.54647
84.36,1.809,293.56456
84.37,1.809,293.58265
84.38,1.809,293.60074
84.39,1.809,293.61883
84.4,1.809,293.63692
84.4,1.809,293.63692
84.41,1.809,293.65501
84.42,1.809,293.6731
84.43,1.809,293.69119
84.44,1.809,293.70928
84.45,1.809,293.72737
84.45,1.809,293.72737
84.46,1.81,293.74547
84.47,1.81,293.76357
84.48,1.81,293.78167
84.49,1.81,293.79977
84.5,1.81,293.81787
84.5,1.81,293.81787
84.51,1.81,293.83597
84.52,1.81,293.85407
84.53,1.81,293.87217
84.54,1.81,293.89027
84.54,1.81,293.89027
84.55,1.81,293.90837
84.56,1.809,293.92646
84.57,1.809,293.94455
84.58,1.809,293.96264
84.59,1.809,293.98073
84.6,1.809,293.99882
84.6,1.809,293.99882
84.61,1.81,294.01692
84.62,1.81,294.03502
84.63,1.81,294.05312
84.64,1.81,294.07122
84.64,1.81,294.07122
84.65,1.81,294.08932
84.66,1.81,294.10742
84.67,1.81,294.12552
84.68,1.81,294.14362
84.69,1.81,294.16172
84.69,1.81,294.16172
84.7,1.81,294.17982
84.71,1.81,294.19792
84.72,1.81,294.21602
84.73,1.811,294.23413
84.74,1.811,294.25224
84.75,1.811,294.27035
84.75,1.811,294.27035
84.76,1.811,294.28846
84.77,1.811,294.30657
84.78,1.811,294.32468
84.79,1.811,294.34279
84.79,1.811,294.34279
84.8,1.811,294.3609
84.81,1.811,294.37901
84.82,1.811,294.39712
84.83,1.811,294.41523
84.84,1.811,294.43334
84.85,1.812,294.45146
84.85,1.812,294.45146
84.86,1.812,294.46958
84.87,1.812,294.4877
84.88,1.813,294.50583
84.89,1.813,294.52396
84.89,1.813,294.52396
84.9,1.812,294.54208
84.91,1.812,294.5602
84.92,1.812,294.57832
84.93,1.812,294.59644
84.94,1.811,294.61455
84.95,1.811,294.63266
84.95,1.811,294.63266
84.96,1.811,294.65077
84.97,1.812,294.66889
84.98,1.812,294.68701
84.99,1.812,294.70513
84.99,1.812,294.70513
85,1.812,294.72325
85.01,1.812,294.74137
85.02,1.812,294.75949
85.03,1.812,294.77761
85.04,1.812,294.79573
85.05,1.812,294.81385
85.05,1.812,294.81385
85.06,1.812,294.83197
85.07,1.812,294.85009
85.08,1.812,294.86821
85.09,1.812,294.88633
85.1,1.812,294.90445
85.1,1.812,294.90445
85.11,1.812,294.92257
85.12,1.812,294.94069
85.13,1.812,294.95881
85.14,1.812,294.97693
85.14,1.812,294.97693
85.15,1.812,294.99505
85.16,1.812,295.01317
85.17,1.812,295.03129
85.18,1.812,295.04941
85.19,1.812,295.06753
85.2,1.813,295.08566
85.2,1.813,295.08566
85.21,1.812,295.10378
85.22,1.813,295.12191
85.23,1.813,295.14004
85.24,1.813,295.15817
85.25,1.813,295.1763
85.25,1.813,295.1763
85.26,1.813,295.19443
85.27,1.813,295.21256
85.28,1.813,295.23069
85.29,1.813,295.24882
85.3,1.813,295.26695
85.3,1.813,295.26695
85.31,1.814,295.28509
85.32,1.814,295.30323
85.33,1.814,295.32137
85.34,1.814,295.33951
85.35,1.814,295.35765
85.35,1.814,295.35765
85.36,1.814,295.37579
85.37,1.814,295.39393
85.38,1.814,295.41207
85.39,1.814,295.43021
85.39,1.813,295.43021
85.4,1.813,295.44834
85.41,1.813,295.46647
85.42,1.813,295.4846
85.43,1.813,295.50273
85.44,1.813,295.52086
85.44,1.813,295.52086
85.45,1.813,295.53899
85.46,1.813,295.55712
85.47,1.814,295.57526
85.48,1.814,295.5934
85.49,1.814,295.61154
85.49,1.813,295.61154
85.5,1.813,295.62967
85.51,1.813,295.6478
85.52,1.813,295.66593
85.53,1.813,295.68406
85.54,1.813,295.70219
85.55,1.813,295.72032
85.55,1.813,295.72032
85.56,1.813,295.73845
85.57,1.813,295.75658
85.58,1.814,295.77472
85.59,1.814,295.79286
85.59,1.814,295.79286
85.6,1.814,295.811
85.61,1.814,295.82914
85.62,1.814,295.84728
85.63,1.814,295.86542
85.64,1.814,295.88356
85.65,1.814,295.9017
85.65,1.815,295.9017
85.66,1.815,295.91985
85.67,1.815,295.938
85.68,1.815,295.95615
85.69,1.815,295.9743
85.69,1.815,295.9743
85.7,1.815,295.99245
85.71,1.814,296.01059
85.72,1.814,296.02873
85.73,1.814,296.04687
85.74,1.814,296.06501
85.75,1.814,296.08315
85.75,1.814,296.08315
85.76,1.814,296.10129
85.77,1.814,296.11943
85.78,1.814,296.13757
85.79,1.814,296.15571
85.79,1.814,296.15571
85.8,1.814,296.17385
85.81,1.814,296.19199
85.82,1.814,296.21013
85.83,1.814,296.22827
85.84,1.814,296.24641
85.84,1.814,296.24641
85.85,1.814,296.26455
85.86,1.814,296.28269
85.87,1.814,296.30083
85.88,1.813,296.31896
85.89,1.813,296.33709
85.89,1.813,296.33709
85.9,1.813,296.35522
85.91,1.813,296.37335
85.92,1.813,296.39148
85.93,1.813,296.40961
85.94,1.813,296.42774
85.95,1.813,296.44587
85.95,1.813,296.44587
85.96,1.814,296.46401
85.97,1.814,296.48215
85.98,1.813,296.50028
85.99,1.813,296.51841
85.99,1.813,296.51841
86,1.813,296.53654
86.01,1.813,296.55467
86.02,1.813,296.5728
86.03,1.813,296.59093
86.04,1.813,296.60906
86.04,1.813,296.60906
86.05,1.814,296.6272
86.06,1.814,296.64534
86.07,1.814,296.66348
86.08,1.814,296.68162
86.09,1.814,296.69976
86.09,1.814,296.69976
86.1,1.814,296.7179
86.11,1.814,296.73604
86.12,1.814,296.75418
86.13,1.814,296.77232
86.14,1.814,296.79046
86.14,1.814,296.79046
86.15,1.814,296.8086
86.16,1.814,296.82674
86.17,1.814,296.84488
86.18,1.814,296.86302
86.19,1.813,296.88115
86.19,1.813,296.88115
86.2,1.813,296.89928
86.21,1.813,296.91741
86.22,1.813,296.93554
86.23,1.813,296.95367
86.24,1.813,296.9718
86.24,1.813,296.9718
86.25,1.814,296.98994
86.26,1.814,297.00808
86.27,1.814,297.02622
86.28,1.814,297.04436
86.29,1.814,297.0625
86.29,1.814,297.0625
86.3,1.814,297.08064
86.31,1.813,297.09877
86.32,1.813,297.1169
86.33,1.813,297.13503
86.34,1.813,297.15316
86.34,1.814,297.15316
86.35,1.814,297.1713
86.36,1.814,297.18944
86.37,1.814,297.20758
86.38,1.813,297.22571
86.39,1.813,297.24384
86.39,1.813,297.24384
86.4,1.813,297.26197
86.41,1.813,297.2801
86.42,1.813,297.29823
86.43,1.814,297.31637
86.44,1.814,297.33451
86.44,1.814,297.33451
86.45,1.814,297.35265
86.46,1.814,297.37079
86.47,1.813,297.38892
86.48,1.813,297.40705
86.49,1.813,297.42518
86.49,1.813,297.42518
86.5,1.814,297.44332
86.51,1.814,297.46146
86.52,1.814,297.4796
86.53,1.814,297.49774
86.54,1.815,297.51589
86.54,1.815,297.51589
86.55,1.815,297.53404
86.56,1.815,297.55219
86.57,1.815,297.57034
86.58,1.815,297.58849
86.59,1.815,297.60664
86.6,1.814,297.62478
86.6,1.814,297.62478
86.61,1.814,297.64292
86.62,1.814,297.66106
86.63,1.814,297.6792
86.64,1.814,297.69734
86.64,1.814,297.69734
86.65,1.814,297.71548
86.66,1.814,297.73362
86.67,1.814,297.75176
86.68,1.814,297.7699
86.69,1.814,297.78804
86.69,1.814,297.78804
86.7,1.815,297.80619
86.71,1.815,297.82434
86.72,1.815,297.84249
86.73,1.815,297.86064
86.74,1.815,297.87879
86.74,1.815,297.87879
86.75,1.815,297.89694
86.76,1.815,297.91509
86.77,1.815,297.93324
86.78,1.815,297.95139
86.79,1.815,297.96954
86.79,1.815,297.96954
86.8,1.815,297.98769
86.81,1.815,298.00584
86.82,1.815,298.02399
86.83,1.815,298.04214
86.84,1.815,298.06029
86.84,1.815,298.06029
86.85,1.815,298.07844
86.86,1.815,298.09659
86.87,1.814,298.11473
86.88,1.814,298.13287
86.89,1.815,298.15102
86.9,1.815,298.16917
86.9,1.815,298.16917
86.91,1.815,298.18732
86.92,1.815,298.20547
86.93,1.815,298.22362
86.94,1.815,298.24177
86.94,1.816,298.24177
86.95,1.816,298.25993
86.96,1.816,298.27809
86.97,1.815,298.29624
86.98,1.815,298.31439
86.99,1.815,298.33254
86.99,1.816,298.33254
87,1.816,298.3507
87.01,1.815,298.36885
87.02,1.815,298.387
87.03,1.815,298.40515
87.04,1.815,298.4233
87.04,1.815,298.4233
87.05,1.815,298.44145
87.06,1.814,298.45959
87.07,1.814,298.47773
87.08,1.815,298.49588
87.09,1.815,298.51403
87.1,1.815,298.53218
87.1,1.815,298.53218
87.11,1.815,298.55033
87.12,1.815,298.56848
87.13,1.815,298.58663
87.14,1.815,298.60478
87.15,1.815,298.62293
87.15,1.816,298.62293
87.16,1.815,298.64108
87.17,1.815,298.65923
87.18,1.815,298.67738
87.19,1.815,298.69553
87.19,1.816,298.69553
87.2,1.816,298.71369
87.21,1.816,298.73185
87.22,1.816,298.75001
87.23,1.816,298.76817
87.24,1.816,298.78633
87.24,1.816,298.78633
87.25,1.816,298.80449
87.26,1.815,298.82264
87.27,1.815,298.84079
87.28,1.815,298.85894
87.29,1.815,298.87709
87.29,1.816,298.87709
87.3,1.816,298.89525
87.31,1.816,298.91341
87.32,1.816,298.93157
87.33,1.816,298.94973
87.34,1.816,298.96789
87.35,1.816,298.98605
87.35,1.815,298.98605
87.36,1.815,299.0042
87.37,1.815,299.02235
87.38,1.815,299.0405
87.39,1.815,299.05865
87.4,1.815,299.0768
87.4,1.816,299.0768
87.41,1.816,299.09496
87.42,1.816,299.11312
87.43,1.816,299.13128
87.44,1.816,299.14944
87.44,1.816,299.14944
87.45,1.816,299.1676
87.46,1.816,299.18576
87.47,1.816,299.20392
87.48,1.816,299.22208
87.49,1.816,299.24024
87.49,1.816,299.24024
87.5,1.816,299.2584
87.51,1.815,299.27655
87.52,1.815,299.2947
87.53,1.815,299.31285
87.54,1.815,299.331
87.55,1.815,299.34915
87.55,1.815,299.34915
87.56,1.815,299.3673
87.57,1.815,299.38545
87.58,1.816,299.40361
87.59,1.816,299.42177
87.6,1.816,299.43993
87.6,1.816,299.43993
87.61,1.817,299.4581
87.62,1.817,299.47627
87.63,1.817,299.49444
87.64,1.817,299.51261
87.65,1.817,299.53078
87.65,1.817,299.53078
87.66,1.817,299.54895
87.67,1.817,299.56712
87.68,1.817,299.58529
87.69,1.816,299.60345
87.7,1.816,299.62161
87.7,1.816,299.62161
87.71,1.816,299.63977
87.72,1.816,299.65793
87.73,1.816,299.67609
87.74,1.817,299.69426
87.74,1.817,299.69426
87.75,1.817,299.71243
87.76,1.817,299.7306
87.77,1.817,299.74877
87.78,1.817,299.76694
87.79,1.817,299.78511
87.8,1.817,299.80328
87.8,1.817,299.80328
87.81,1.817,299.82145
87.82,1.817,299.83962
87.83,1.817,299.85779
87.84,1.817,299.87596
87.84,1.818,299.87596
87.85,1.818,299.89414
87.86,1.818,299.91232
87.87,1.819,299.93051
87.88,1.819,299.9487
87.89,1.819,299.96689
87.9,1.819,299.98508
87.9,1.819,299.98508
87.91,1.819,300.00327
87.92,1.819,300.02146
87.93,1.819,300.03965
87.94,1.819,300.05784
87.95,1.819,300.07603
87.95,1.818,300.07603
87.96,1.818,300.09421
87.97,1.818,300.11239
87.98,1.818,300.13057
87.99,1.818,300.14875
88,1.818,300.16693
88,1.818,300.16693
88.01,1.818,300.18511
88.02,1.818,300.20329
88.03,1.818,300.22147
88.04,1.818,300.23965
88.05,1.818,300.25783
88.05,1.818,300.25783
88.06,1.818,300.27601
88.07,1.819,300.2942
88.08,1.819,300.31239
88.09,1.819,300.33058
88.1,1.819,300.34877
88.1,1.819,300.34877
88.11,1.819,300.36696
88.12,1.819,300.38515
88.13,1.819,300.40334
88.14,1.819,300.42153
88.15,1.818,300.43971
88.15,1.818,300.43971
88.16,1.818,300.45789
88.17,1.818,300.47607
88.18,1.818,300.49425
88.19,1.819,300.51244
88.19,1.819,300.51244
88.2,1.819,300.53063
88.21,1.82,300.54883
88.22,1.82,300.56703
88.23,1.82,300.58523
88.24,1.82,300.60343
88.25,1.821,300.62164
88.25,1.821,300.62164
88.26,1.821,300.63985
88.27,1.821,300.65806
88.28,1.821,300.67627
88.29,1.821,300.69448
88.3,1.82,300.71268
88.3,1.82,300.71268
88.31,1.82,300.73088
88.32,1.82,300.74908
88.33,1.82,300.76728
88.34,1.82,300.78548
88.35,1.821,300.80369
88.35,1.821,300.80369
88.36,1.821,300.8219
88.37,1.821,300.84011
88.38,1.822,300.85833
88.39,1.822,300.87655
88.39,1.821,300.87655
88.4,1.821,300.89476
88.41,1.821,300.91297
88.42,1.821,300.93118
88.43,1.821,300.94939
88.44,1.821,300.9676
88.45,1.821,300.98581
88.45,1.822,300.98581
88.46,1.822,301.00403
88.47,1.822,301.02225
88.48,1.822,301.04047
88.49,1.822,301.05869
88.5,1.822,301.07691
88.5,1.822,301.07691
88.51,1.822,301.09513
88.52,1.821,301.11334
88.53,1.821,301.13155
88.54,1.821,301.14976
88.55,1.82,301.16796
88.55,1.82,301.16796
88.56,1.82,301.18616
88.57,1.82,301.20436
88.58,1.82,301.22256
88.59,1.82,301.24076
88.59,1.82,301.24076
88.6,1.821,301.25897
88.61,1.821,301.27718
88.62,1.821,301.29539
88.63,1.821,301.3136
88.64,1.821,301.33181
88.64,1.821,301.33181
88.65,1.821,301.35002
88.66,1.82,301.36822
88.67,1.82,301.38642
88.68,1.82,301.40462
88.69,1.82,301.42282
88.7,1.82,301.44102
88.7,1.82,301.44102
88.71,1.82,301.45922
88.72,1.821,301.47743
88.73,1.821,301.49564
88.74,1.821,301.51385
88.75,1.821,301.53206
88.75,1.821,301.53206
88.76,1.82,301.55026
88.77,1.82,301.56846
88.78,1.82,301.58666
88.79,1.82,301.60486
88.8,1.82,301.62306
88.8,1.82,301.62306
88.81,1.82,301.64126
88.82,1.82,301.65946
88.83,1.82,301.67766
88.84,1.82,301.69586
88.84,1.82,301.69586
88.85,1.821,301.71407
88.86,1.821,301.73228
88.87,1.821,301.75049
88.88,1.821,301.7687
88.89,1.821,301.78691
88.9,1.821,301.80512
88.9,1.821,301.80512
88.91,1.82,301.82332
88.92,1.82,301.84152
88.93,1.82,301.85972
88.94,1.82,301.87792
88.95,1.821,301.89613
88.95,1.821,301.89613
88.96,1.821,301.91434
88.97,1.821,301.93255
88.98,1.822,301.95077
88.99,1.822,301.96899
89,1.822,301.98721
89,1.822,301.98721
89.01,1.822,302.00543
89.02,1.822,302.02365
89.03,1.823,302.04188
89.04,1.823,302.06011
89.04,1.823,302.06011
89.05,1.823,302.07834
89.06,1.823,302.09657
89.07,1.823,302.1148
89.08,1.823,302.13303
89.09,1.823,302.15126
89.1,1.823,302.16949
89.1,1.823,302.16949
89.11,1.823,302.18772
89.12,1.823,302.20595
89.13,1.823,302.22418
89.14,1.823,302.24241
89.14,1.823,302.24241
89.15,1.824,302.26065
89.16,1.824,302.27889
89.17,1.824,302.29713
89.18,1.823,302.31536
89.19,1.823,302.33359
89.2,1.823,302.35182
89.2,1.822,302.35182
89.21,1.822,302.37004
89.22,1.822,302.38826
89.23,1.822,302.40648
89.24,1.822,302.4247
89.25,1.822,302.44292
89.25,1.822,302.44292
89.26,1.822,302.46114
89.27,1.823,302.47937
89.28,1.823,302.4976
89.29,1.823,302.51583
89.3,1.824,302.53407
89.3,1.824,302.53407
89.31,1.824,302.55231
89.32,1.824,302.57055
89.33,1.824,302.58879
89.34,1.824,302.60703
89.35,1.824,302.62527
89.35,1.824,302.62527
89.36,1.823,302.6435
89.37,1.823,302.66173
89.38,1.823,302.67996
89.39,1.823,302.69819
89.4,1.823,302.71642
89.4,1.823,302.71642
89.41,1.824,302.73466
89.42,1.824,302.7529
89.43,1.824,302.77114
89.44,1.824,302.78938
89.45,1.824,302.80762
89.46,1.824,302.82586
89.46,1.824,302.82586
89.47,1.823,302.84409
89.48,1.823,302.86232
89.49,1.823,302.88055
89.5,1.823,302.89878
89.5,1.823,302.89878
89.51,1.823,302.91701
89.52,1.823,302.93524
89.53,1.823,302.95347
89.54,1.823,302.9717
89.54,1.824,302.9717
89.55,1.824,302.98994
89.56,1.824,303.00818
89.57,1.825,303.02643
89.58,1.825,303.04468
89.59,1.825,303.06293
89.6,1.825,303.08118
89.6,1.825,303.08118
89.61,1.824,303.09942
89.62,1.824,303.11766
89.63,1.824,303.1359
89.64,1.824,303.15414
89.64,1.824,303.15414
89.65,1.824,303.17238
89.66,1.824,303.19062
89.67,1.824,303.20886
89.68,1.824,303.2271
89.69,1.824,303.24534
89.7,1.824,303.26358
89.7,1.824,303.26358
89.71,1.824,303.28182
89.72,1.824,303.30006
89.73,1.824,303.3183
89.74,1.824,303.33654
89.74,1.824,303.33654
89.75,1.824,303.35478
89.76,1.824,303.37302
89.77,1.824,303.39126
89.78,1.824,303.4095
89.79,1.824,303.42774
89.8,1.824,303.44598
89.8,1.824,303.44598
89.81,1.824,303.46422
89.82,1.824,303.48246
89.83,1.824,303.5007
89.84,1.824,303.51894
89.84,1.824,303.51894
89.85,1.824,303.53718
89.86,1.824,303.55542
89.87,1.824,303.57366
89.88,1.824,303.5919
89.89,1.824,303.61014
89.9,1.824,303.62838
89.9,1.824,303.62838
89.91,1.824,303.64662
89.92,1.824,303.66486
89.93,1.824,303.6831
89.94,1.824,303.70134
89.95,1.824,303.71958
89.95,1.824,303.71958
89.96,1.824,303.73782
89.97,1.824,303.75606
89.98,1.824,303.7743
89.99,1.824,303.79254
90,1.824,303.81078
90,1.824,303.81078
90.01,1.824,303.82902
90.02,1.824,303.84726
90.03,1.824,303.8655
90.04,1.824,303.88374
90.05,1.824,303.90198
90.05,1.824,303.90198
90.06,1.824,303.92022
90.07,1.824,303.93846
90.08,1.825,303.95671
90.09,1.825,303.97496
90.09,1.825,303.97496
90.1,1.825,303.99321
90.11,1.824,304.01145
90.12,1.824,304.02969
90.13,1.824,304.04793
90.14,1.824,304.06617
90.15,1.824,304.08441
90.15,1.824,304.08441
90.16,1.824,304.10265
90.17,1.825,304.1209
90.18,1.825,304.13915
90.19,1.825,304.1574
90.2,1.825,304.17565
90.2,1.825,304.17565
90.21,1.825,304.1939
90.22,1.825,304.21215
90.23,1.825,304.2304
90.24,1.825,304.24865
90.24,1.825,304.24865
90.25,1.825,304.2669
90.26,1.824,304.28514
90.27,1.824,304.30338
90.28,1.824,304.32162
90.29,1.824,304.33986
90.3,1.824,304.3581
90.3,1.824,304.3581
90.31,1.824,304.37634
90.32,1.824,304.39458
90.33,1.824,304.41282
90.34,1.824,304.43106
90.35,1.824,304.4493
90.35,1.824,304.4493
90.36,1.824,304.46754
90.37,1.824,304.48578
90.38,1.824,304.50402
90.39,1.824,304.52226
90.4,1.825,304.54051
90.4,1.825,304.54051
90.41,1.825,304.55876
90.42,1.825,304.57701
90.43,1.825,304.59526
90.44,1.825,304.61351
90.45,1.825,304.63176
90.45,1.825,304.63176
90.46,1.825,304.65001
90.47,1.825,304.66826
90.48,1.825,304.68651
90.49,1.825,304.70476
90.5,1.825,304.72301
90.5,1.826,304.72301
90.51,1.826,304.74127
90.52,1.826,304.75953
90.53,1.826,304.77779
90.54,1.826,304.79605
90.55,1.826,304.81431
90.55,1.826,304.81431
90.56,1.826,304.83257
90.57,1.826,304.85083
90.58,1.825,304.86908
90.59,1.825,304.88733
90.59,1.825,304.88733
90.6,1.825,304.90558
90.61,1.825,304.92383
90.62,1.825,304.94208
90.63,1.825,304.96033
90.64,1.825,304.97858
90.65,1.825,304.99683
90.65,1.826,304.99683
90.66,1.826,305.01509
90.67,1.826,305.03335
90.68,1.826,305.05161
90.69,1.826,305.06987
90.69,1.826,305.06987
90.7,1.826,305.08813
90.71,1.826,305.10639
90.72,1.826,305.12465
90.73,1.826,305.14291
90.74,1.826,305.16117
90.74,1.826,305.16117
90.75,1.826,305.17943
90.76,1.826,305.19769
90.77,1.826,305.21595
90.78,1.826,305.23421
90.79,1.826,305.25247
90.8,1.826,305.27073
90.8,1.826,305.27073
90.81,1.826,305.28899
90.82,1.826,305.30725
90.83,1.826,305.32551
90.84,1.826,305.34377
90.84,1.826,305.34377
90.85,1.826,305.36203
90.86,1.826,305.38029
90.87,1.826,305.39855
90.88,1.826,305.41681
90.89,1.826,305.43507
90.9,1.826,305.45333
90.9,1.826,305.45333
90.91,1.826,305.47159
90.92,1.826,305.48985
90.93,1.826,305.50811
90.94,1.826,305.52637
90.94,1.826,305.52637
90.95,1.827,305.54464
90.96,1.827,305.56291
90.97,1.826,305.58117
90.98,1.826,305.59943
90.99,1.826,305.61769
90.99,1.826,305.61769
91,1.826,305.63595
91.01,1.826,305.65421
91.02,1.826,305.67247
91.03,1.826,305.69073
91.04,1.826,305.70899
91.05,1.826,305.72725
91.05,1.826,305.72725
91.06,1.826,305.74551
91.07,1.826,305.76377
91.08,1.826,305.78203
91.09,1.826,305.80029
91.1,1.826,305.81855
91.1,1.826,305.81855
91.11,1.826,305.83681
91.12,1.826,305.85507
91.13,1.826,305.87333
91.14,1.826,305.89159
91.14,1.826,305.89159
91.15,1.826,305.90985
91.16,1.826,305.92811
91.17,1.826,305.94637
91.18,1.826,305.96463
91.19,1.826,305.98289
91.2,1.826,306.00115
91.2,1.826,306.00115
91.21,1.826,306.01941
91.22,1.827,306.03768
91.23,1.827,306.05595
91.24,1.827,306.07422
91.25,1.827,306.09249
91.25,1.827,306.09249
91.26,1.827,306.11076
91.27,1.827,306.12903
91.28,1.827,306.1473
91.29,1.827,306.16557
91.3,1.828,306.18385
91.3,1.828,306.18385
91.31,1.828,306.20213
91.32,1.828,306.22041
91.33,1.828,306.23869
91.34,1.828,306.25697
91.35,1.828,306.27525
91.35,1.827,306.27525
91.36,1.827,306.29352
91.37,1.827,306.31179
91.38,1.827,306.33006
91.39,1.827,306.34833
91.4,1.828,306.36661
91.4,1.828,306.36661
91.41,1.828,306.38489
91.42,1.828,306.40317
91.43,1.828,306.42145
91.44,1.827,306.43972
91.45,1.827,306.45799
91.45,1.827,306.45799
91.46,1.827,306.47626
91.47,1.827,306.49453
91.48,1.827,306.5128
91.49,1.827,306.53107
91.5,1.827,306.54934
91.5,1.828,306.54934
91.51,1.828,306.56762
91.52,1.828,306.5859
91.53,1.828,306.60418
91.54,1.829,306.62247
91.55,1.829,306.64076
91.55,1.829,306.64076
91.56,1.829,306.65905
91.57,1.828,306.67733
91.58,1.828,306.69561
91.59,1.828,306.71389
91.6,1.828,306.73217
91.6,1.828,306.73217
91.61,1.828,306.75045
91.62,1.828,306.76873
91.63,1.829,306.78702
91.64,1.829,306.80531
91.65,1.829,306.8236
91.65,1.829,306.8236
91.66,1.829,306.84189
91.67,1.829,306.86018
91.68,1.829,306.87847
91.69,1.829,306.89676
91.7,1.829,306.91505
91.7,1.829,306.91505
91.71,1.829,306.93334
91.72,1.829,306.95163
91.73,1.829,306.96992
91.74,1.829,306.98821
91.75,1.829,307.0065
91.75,1.829,307.0065
91.76,1.829,307.02479
91.77,1.829,307.04308
91.78,1.829,307.06137
91.79,1.829,307.07966
91.8,1.829,307.09795
91.8,1.829,307.09795
91.81,1.829,307.11624
91.82,1.829,307.13453
91.83,1.829,307.15282
91.84,1.829,307.17111
91.85,1.829,307.1894
91.85,1.829,307.1894
91.86,1.829,307.20769
91.87,1.829,307.22598
91.88,1.829,307.24427
91.89,1.83,307.26257
91.9,1.83,307.28087
91.9,1.83,307.28087
91.91,1.83,307.29917
91.92,1.83,307.31747
91.93,1.83,307.33577
91.94,1.83,307.35407
91.95,1.83,307.37237
91.95,1.83,307.37237
91.96,1.83,307.39067
91.97,1.83,307.40897
91.98,1.83,307.42727
91.99,1.83,307.44557
92,1.83,307.46387
92,1.83,307.46387
92.01,1.829,307.48216
92.02,1.829,307.50045
92.03,1.829,307.51874
92.04,1.829,307.53703
92.05,1.829,307.55532
92.05,1.829,307.55532
92.06,1.83,307.57362
92.07,1.83,307.59192
92.08,1.83,307.61022
92.09,1.83,307.62852
92.1,1.83,307.64682
92.1,1.83,307.64682
92.11,1.83,307.66512
92.12,1.83,307.68342
92.13,1.83,307.70172
92.14,1.83,307.72002
92.15,1.83,307.73832
92.15,1.83,307.73832
92.16,1.831,307.75663
92.17,1.831,307.77494
92.18,1.831,307.79325
92.19,1.831,307.81156
92.2,1.831,307.82987
92.2,1.831,307.82987
92.21,1.831,307.84818
92.22,1.831,307.86649
92.23,1.831,307.8848
92.24,1.831,307.90311
92.25,1.831,307.92142
92.25,1.831,307.92142
92.26,1.831,307.93973
92.27,1.831,307.95804
92.28,1.831,307.97635
92.29,1.831,307.99466
92.3,1.831,308.01297
92.3,1.831,308.01297
92.31,1.83,308.03127
92.32,1.83,308.04957
92.33,1.83,308.06787
92.34,1.83,308.08617
92.35,1.83,308.10447
92.35,1.83,308.10447
92.36,1.83,308.12277
92.37,1.831,308.14108
92.38,1.831,308.15939
92.39,1.831,308.1777
92.4,1.831,308.19601
92.4,1.831,308.19601
92.41,1.831,308.21432
92.42,1.831,308.23263
92.43,1.831,308.25094
92.44,1.831,308.26925
92.45,1.831,308.28756
92.45,1.831,308.28756
92.46,1.831,308.30587
92.47,1.831,308.32418
92.48,1.831,308.34249
92.49,1.831,308.3608
92.5,1.832,308.37912
92.5,1.832,308.37912
92.51,1.831,308.39743
92.52,1.831,308.41574
92.53,1.831,308.43405
92.54,1.831,308.45236
92.55,1.83,308.47066
92.55,1.83,308.47066
92.56,1.83,308.48896
92.57,1.831,308.50727
92.58,1.831,308.52558
92.59,1.831,308.54389
92.6,1.832,308.56221
92.6,1.832,308.56221
92.61,1.832,308.58053
92.62,1.832,308.59885
92.63,1.832,308.61717
92.64,1.832,308.63549
92.65,1.832,308.65381
92.65,1.831,308.65381
92.66,1.831,308.67212
92.67,1.831,308.69043
92.68,1.831,308.70874
92.69,1.831,308.72705
92.69,1.831,308.72705
92.7,1.831,308.74536
92.71,1.831,308.76367
92.72,1.831,308.78198
92.73,1.831,308.80029
92.74,1.831,308.8186
92.75,1.831,308.83691
92.75,1.831,308.83691
92.76,1.831,308.85522
92.77,1.831,308.87353
92.78,1.831,308.89184
92.79,1.831,308.91015
92.8,1.831,308.92846
92.8,1.831,308.92846
92.81,1.831,308.94677
92.82,1.831,308.96508
92.83,1.831,308.98339
92.84,1.831,309.0017
92.85,1.831,309.02001
92.85,1.831,309.02001
92.86,1.831,309.03832
92.87,1.832,309.05664
92.88,1.832,309.07496
92.89,1.832,309.09328
92.9,1.832,309.1116
92.9,1.832,309.1116
92.91,1.832,309.12992
92.92,1.832,309.14824
92.93,1.832,309.16656
92.94,1.832,309.18488
92.95,1.832,309.2032
92.95,1.831,309.2032
92.96,1.831,309.22151
92.97,1.831,309.23982
92.98,1.831,309.25813
92.99,1.83,309.27643
93,1.83,309.29473
93,1.831,309.29473
93.01,1.831,309.31304
93.02,1.831,309.33135
93.03,1.831,309.34966
93.04,1.832,309.36798
93.05,1.832,309.3863
93.05,1.832,309.3863
93.06,1.832,309.40462
93.07,1.832,309.42294
93.08,1.832,309.44126
93.09,1.832,309.45958
93.1,1.832,309.4779
93.1,1.833,309.4779
93.11,1.833,309.49623
93.12,1.833,309.51456
93.13,1.833,309.53289
93.14,1.833,309.55122
93.15,1.833,309.56955
93.15,1.832,309.56955
93.16,1.832,309.58787
93.17,1.832,309.60619
93.18,1.832,309.62451
93.19,1.832,309.64283
93.2,1.832,309.66115
93.2,1.831,309.66115
93.21,1.831,309.67946
93.22,1.831,309.69777
93.23,1.831,309.71608
93.24,1.831,309.73439
93.25,1.831,309.7527
93.25,1.832,309.7527
93.26,1.832,309.77102
93.27,1.832,309.78934
93.28,1.832,309.80766
93.29,1.833,309.82599
93.3,1.833,309.84432
93.3,1.833,309.84432
93.31,1.833,309.86265
93.32,1.833,309.88098
93.33,1.833,309.89931
93.34,1.833,309.91764
93.35,1.833,309.93597
93.36,1.833,309.9543
93.36,1.833,309.9543
93.37,1.833,309.97263
93.38,1.833,309.99096
93.39,1.834,310.0093
93.4,1.834,310.02764
93.4,1.834,310.02764
93.41,1.834,310.04598
93.42,1.834,310.06432
93.43,1.834,310.08266
93.44,1.834,310.101
93.45,1.834,310.11934
93.45,1.834,310.11934
93.46,1.834,310.13768
93.47,1.834,310.15602
93.48,1.834,310.17436
93.49,1.834,310.1927
93.5,1.834,310.21104
93.51,1.834,310.22938
93.51,1.834,310.22938
93.52,1.834,310.24772
93.53,1.834,310.26606
93.54,1.835,310.28441
93.55,1.835,310.30276
93.55,1.835,310.30276
93.56,1.835,310.32111
93.57,1.835,310.33946
93.58,1.836,310.35782
93.59,1.835,310.37617
93.6,1.835,310.39452
93.6,1.835,310.39452
93.61,1.835,310.41287
93.62,1.835,310.43122
93.63,1.835,310.44957
93.64,1.835,310.46792
93.65,1.835,310.48627
93.66,1.835,310.50462
93.66,1.835,310.50462
93.67,1.835,310.52297
93.68,1.835,310.54132
93.69,1.835,310.55967
93.7,1.835,310.57802
93.7,1.835,310.57802
93.71,1.835,310.59637
93.72,1.836,310.61473
93.73,1.836,310.63309
93.74,1.836,310.65145
93.75,1.837,310.66982
93.75,1.837,310.66982
93.76,1.837,310.68819
93.77,1.837,310.70656
93.78,1.838,310.72494
93.79,1.838,310.74332
93.8,1.838,310.7617
93.8,1.838,310.7617
93.81,1.838,310.78008
93.82,1.838,310.79846
93.83,1.838,310.81684
93.84,1.838,310.83522
93.85,1.838,310.8536
93.85,1.839,310.8536
93.86,1.839,310.87199
93.87,1.839,310.89038
93.88,1.839,310.90877
93.89,1.839,310.92716
93.9,1.839,310.94555
93.9,1.839,310.94555
93.91,1.838,310.96393
93.92,1.838,310.98231
93.93,1.838,311.00069
93.94,1.838,311.01907
93.95,1.838,311.03745
93.95,1.838,311.03745
93.96,1.838,311.05583
93.97,1.839,311.07422
93.98,1.839,311.09261
93.99,1.839,311.111
94,1.839,311.12939
94,1.839,311.12939
94.01,1.84,311.14779
94.02,1.839,311.16618
94.03,1.84,311.18458
94.04,1.84,311.20298
94.05,1.839,311.22137
94.05,1.839,311.22137
94.06,1.84,311.23977
94.07,1.84,311.25817
94.08,1.84,311.27657
94.09,1.839,311.29496
94.1,1.839,311.31335
94.1,1.839,311.31335
94.11,1.839,311.33174
94.12,1.839,311.35013
94.13,1.839,311.36852
94.14,1.839,311.38691
94.15,1.84,311.40531
94.15,1.84,311.40531
94.16,1.84,311.42371
94.17,1.84,311.44211
94.18,1.84,311.46051
94.19,1.84,311.47891
94.2,1.84,311.49731
94.2,1.84,311.49731
94.21,1.84,311.51571
94.22,1.84,311.53411
94.23,1.84,311.55251
94.24,1.84,311.57091
94.25,1.84,311.58931
94.25,1.84,311.58931
94.26,1.84,311.60771
94.27,1.84,311.62611
94.28,1.84,311.64451
94.29,1.839,311.6629
94.3,1.839,311.68129
94.3,1.839,311.68129
94.31,1.839,311.69968
94.32,1.839,311.71807
94.33,1.839,311.73646
94.34,1.839,311.75485
94.35,1.84,311.77325
94.35,1.84,311.77325
94.36,1.84,311.79165
94.37,1.84,311.81005
94.38,1.84,311.82845
94.39,1.84,311.84685
94.39,1.839,311.84685
94.4,1.839,311.86524
94.41,1.839,311.88363
94.42,1.839,311.90202
94.43,1.839,311.92041
94.44,1.84,311.93881
94.45,1.84,311.95721
94.45,1.84,311.95721
94.46,1.84,311.97561
94.47,1.84,311.99401
94.48,1.84,312.01241
94.49,1.839,312.0308
94.5,1.839,312.04919
94.5,1.839,312.04919
94.51,1.839,312.06758
94.52,1.839,312.08597
94.53,1.839,312.10436
94.54,1.84,312.12276
94.55,1.84,312.14116
94.55,1.839,312.14116
94.56,1.839,312.15955
94.57,1.839,312.17794
94.58,1.839,312.19633
94.59,1.839,312.21472
94.6,1.839,312.23311
94.6,1.839,312.23311
94.61,1.839,312.2515
94.62,1.839,312.26989
94.63,1.839,312.28828
94.64,1.839,312.30667
94.65,1.839,312.32506
94.65,1.839,312.32506
94.66,1.84,312.34346
94.67,1.84,312.36186
94.68,1.84,312.38026
94.69,1.84,312.39866
94.7,1.839,312.41705
94.7,1.839,312.41705
94.71,1.839,312.43544
94.72,1.839,312.45383
94.73,1.839,312.47222
94.74,1.839,312.49061
94.74,1.838,312.49061
94.75,1.838,312.50899
94.76,1.838,312.52737
94.77,1.838,312.54575
94.78,1.838,312.56413
94.79,1.838,312.58251
94.8,1.838,312.60089
94.8,1.838,312.60089
94.81,1.838,312.61927
94.82,1.838,312.63765
94.83,1.838,312.65603
94.84,1.839,312.67442
94.85,1.839,312.69281
94.85,1.839,312.69281
94.86,1.838,312.71119
94.87,1.838,312.72957
94.88,1.838,312.74795
94.89,1.838,312.76633
94.9,1.837,312.7847
94.9,1.837,312.7847
94.91,1.837,312.80307
94.92,1.837,312.82144
94.93,1.837,312.83981
94.94,1.837,312.85818
94.94,1.838,312.85818
94.95,1.838,312.87656
94.96,1.838,312.89494
94.97,1.838,312.91332
94.98,1.838,312.9317
94.99,1.839,312.95009
95,1.839,312.96848
95,1.839,312.96848
95.01,1.839,312.98687
95.02,1.839,313.00526
95.03,1.839,313.02365
95.04,1.839,313.04204
95.05,1.839,313.06043
95.05,1.839,313.06043
95.06,1.839,313.07882
95.07,1.839,313.09721
95.08,1.839,313.1156
95.09,1.839,313.13399
95.09,1.839,313.13399
95.1,1.838,313.15237
95.11,1.838,313.17075
95.12,1.838,313.18913
95.13,1.838,313.20751
95.14,1.838,313.22589
95.15,1.838,313.24427
95.15,1.838,313.24427
95.16,1.838,313.26265
95.17,1.838,313.28103
95.18,1.838,313.29941
95.19,1.838,313.31779
95.2,1.838,313.33617
95.2,1.838,313.33617
95.21,1.838,313.35455
95.22,1.838,313.37293
95.23,1.838,313.39131
95.24,1.838,313.40969
95.25,1.838,313.42807
95.25,1.838,313.42807
95.26,1.838,313.44645
95.27,1.838,313.46483
95.28,1.838,313.48321
95.29,1.838,313.50159
95.3,1.838,313.51997
95.3,1.838,313.51997
95.31,1.838,313.53835
95.32,1.838,313.55673
95.33,1.838,313.57511
95.34,1.838,313.59349
95.35,1.839,313.61188
95.35,1.839,313.61188
95.36,1.839,313.63027
95.37,1.839,313.64866
95.38,1.839,313.66705
95.39,1.839,313.68544
95.4,1.839,313.70383
95.4,1.839,313.70383
95.41,1.839,313.72222
95.42,1.839,313.74061
95.43,1.839,313.759
95.44,1.839,313.77739
95.45,1.838,313.79577
95.45,1.838,313.79577
95.46,1.838,313.81415
95.47,1.838,313.83253
95.48,1.839,313.85092
95.49,1.839,313.86931
95.5,1.839,313.8877
95.5,1.839,313.8877
95.51,1.839,313.90609
95.52,1.84,313.92449
95.53,1.84,313.94289
95.54,1.839,313.96128
95.55,1.839,313.97967
95.55,1.839,313.97967
95.56,1.839,313.99806
95.57,1.839,314.01645
95.58,1.839,314.03484
95.59,1.839,314.05323
95.6,1.839,314.07162
95.6,1.839,314.07162
95.61,1.839,314.09001
95.62,1.839,314.1084
95.63,1.838,314.12678
95.64,1.838,314.14516
95.65,1.839,314.16355
95.65,1.839,314.16355
95.66,1.839,314.18194
95.67,1.839,314.20033
95.68,1.839,314.21872
95.69,1.84,314.23712
95.69,1.84,314.23712
95.7,1.84,314.25552
95.71,1.84,314.27392
95.72,1.841,314.29233
95.73,1.841,314.31074
95.74,1.84,314.32914
95.74,1.84,314.32914
95.75,1.84,314.34754
95.76,1.84,314.36594
95.77,1.84,314.38434
95.78,1.84,314.40274
95.79,1.841,314.42115
95.8,1.841,314.43956
95.8,1.841,314.43956
95.81,1.841,314.45797
95.82,1.841,314.47638
95.83,1.841,314.49479
95.84,1.841,314.5132
95.85,1.84,314.5316
95.85,1.84,314.5316
95.86,1.84,314.55
95.87,1.84,314.5684
95.88,1.84,314.5868
95.89,1.84,314.6052
95.9,1.84,314.6236
95.9,1.841,314.6236
95.91,1.841,314.64201
95.92,1.841,314.66042
95.93,1.842,314.67884
95.94,1.842,314.69726
95.95,1.842,314.71568
95.95,1.842,314.71568
95.96,1.842,314.7341
95.97,1.842,314.75252
95.98,1.841,314.77093
95.99,1.841,314.78934
96,1.841,314.80775
96,1.841,314.80775
96.01,1.841,314.82616
96.02,1.841,314.84457
96.03,1.841,314.86298
96.04,1.841,314.88139
96.05,1.841,314.8998
96.05,1.841,314.8998
96.06,1.841,314.91821
96.07,1.841,314.93662
96.08,1.841,314.95503
96.09,1.841,314.97344
96.1,1.842,314.99186
96.1,1.842,314.99186
96.11,1.842,315.01028
96.12,1.842,315.0287
96.13,1.842,315.04712
96.14,1.843,315.06555
96.15,1.843,315.08398
96.15,1.843,315.08398
96.16,1.843,315.10241
96.17,1.843,315.12084
96.18,1.843,315.13927
96.19,1.843,315.1577
96.2,1.843,315.17613
96.2,1.843,315.17613
96.21,1.843,315.19456
96.22,1.843,315.21299
96.23,1.843,315.23142
96.24,1.843,315.24985
96.25,1.843,315.26828
96.25,1.843,315.26828
96.26,1.844,315.28672
96.27,1.844,315.30516
96.28,1.844,315.3236
96.29,1.844,315.34204
96.29,1.844,315.34204
96.3,1.844,315.36048
96.31,1.844,315.37892
96.32,1.844,315.39736
96.33,1.844,315.4158
96.34,1.844,315.43424
96.35,1.844,315.45268
96.35,1.844,315.45268
96.36,1.844,315.47112
96.37,1.844,315.48956
96.38,1.844,315.508
96.39,1.844,315.52644
96.4,1.844,315.54488
96.4,1.844,315.54488
96.41,1.844,315.56332
96.42,1.844,315.58176
96.43,1.844,315.6002
96.44,1.845,315.61865
96.45,1.845,315.6371
96.45,1.845,315.6371
96.46,1.845,315.65555
96.47,1.845,315.674
96.48,1.845,315.69245
96.49,1.845,315.7109
96.5,1.845,315.72935
96.5,1.845,315.72935
96.51,1.845,315.7478
96.52,1.845,315.76625
96.53,1.846,315.78471
96.54,1.846,315.80317
96.55,1.846,315.82163
96.55,1.846,315.82163
96.56,1.846,315.84009
96.57,1.846,315.85855
96.58,1.846,315.87701
96.59,1.846,315.89547
96.6,1.846,315.91393
96.6,1.846,315.91393
96.61,1.846,315.93239
96.62,1.846,315.95085
96.63,1.846,315.96931
96.64,1.846,315.98777
96.64,1.846,315.98777
96.65,1.846,316.00623
96.66,1.846,316.02469
96.67,1.846,316.04315
96.68,1.846,316.06161
96.69,1.846,316.08007
96.7,1.846,316.09853
96.7,1.846,316.09853
96.71,1.846,316.11699
96.72,1.845,316.13544
96.73,1.845,316.15389
96.74,1.845,316.17234
96.75,1.846,316.1908
96.75,1.846,316.1908
96.76,1.846,316.20926
96.77,1.846,316.22772
96.78,1.846,316.24618
96.79,1.846,316.26464
96.8,1.846,316.2831
96.8,1.845,316.2831
96.81,1.845,316.30155
96.82,1.845,316.32
96.83,1.845,316.33845
96.84,1.845,316.3569
96.85,1.845,316.37535
96.85,1.845,316.37535
96.86,1.846,316.39381
96.87,1.846,316.41227
96.88,1.847,316.43074
96.89,1.847,316.44921
96.9,1.847,316.46768
96.9,1.847,316.46768
96.91,1.847,316.48615
96.92,1.847,316.50462
96.93,1.846,316.52308
96.94,1.846,316.54154
96.95,1.845,316.55999
96.95,1.845,316.55999
96.96,1.845,316.57844
96.97,1.844,316.59688
96.98,1.844,316.61532
96.99,1.845,316.63377
97,1.845,316.65222
97,1.845,316.65222
97.01,1.845,316.67067
97.02,1.846,316.68913
97.03,1.846,316.70759
97.04,1.846,316.72605
97.05,1.846,316.74451
97.05,1.846,316.74451
97.06,1.846,316.76297
97.07,1.846,316.78143
97.08,1.846,316.79989
97.09,1.845,316.81834
97.1,1.845,316.83679
97.1,1.845,316.83679
97.11,1.845,316.85524
97.12,1.845,316.87369
97.13,1.845,316.89214
97.14,1.845,316.91059
97.15,1.845,316.92904
97.15,1.845,316.92904
97.16,1.846,316.9475
97.17,1.846,316.96596
97.18,1.846,316.98442
97.19,1.846,317.00288
97.2,1.846,317.02134
97.2,1.846,317.02134
97.21,1.846,317.0398
97.22,1.846,317.05826
97.23,1.846,317.07672
97.24,1.846,317.09518
97.25,1.846,317.11364
97.25,1.846,317.11364
97.26,1.846,317.1321
97.27,1.846,317.15056
97.28,1.847,317.16903
97.29,1.846,317.18749
97.3,1.846,317.20595
97.3,1.846,317.20595
97.31,1.846,317.22441
97.32,1.846,317.24287
97.33,1.846,317.26133
97.34,1.846,317.27979
97.35,1.846,317.29825
97.35,1.846,317.29825
97.36,1.846,317.31671
97.37,1.847,317.33518
97.38,1.847,317.35365
97.39,1.847,317.37212
97.4,1.847,317.39059
97.4,1.848,317.39059
97.41,1.848,317.40907
97.42,1.848,317.42755
97.43,1.848,317.44603
97.44,1.848,317.46451
97.45,1.848,317.48299
97.45,1.848,317.48299
97.46,1.848,317.50147
97.47,1.848,317.51995
97.48,1.848,317.53843
97.49,1.848,317.55691
97.5,1.848,317.57539
97.51,1.847,317.59386
97.51,1.847,317.59386
97.52,1.847,317.61233
97.53,1.847,317.6308
97.54,1.847,317.64927
97.55,1.847,317.66774
97.55,1.847,317.66774
97.56,1.848,317.68622
97.57,1.848,317.7047
97.58,1.848,317.72318
97.59,1.848,317.74166
97.6,1.848,317.76014
97.6,1.848,317.76014
97.61,1.848,317.77862
97.62,1.848,317.7971
97.63,1.848,317.81558
97.64,1.849,317.83407
97.65,1.849,317.85256
97.65,1.849,317.85256
97.66,1.849,317.87105
97.67,1.849,317.88954
97.68,1.849,317.90803
97.69,1.849,317.92652
97.7,1.849,317.94501
97.7,1.849,317.94501
97.71,1.849,317.9635
97.72,1.849,317.98199
97.73,1.849,318.00048
97.74,1.849,318.01897
97.75,1.849,318.03746
97.75,1.849,318.03746
97.76,1.849,318.05595
97.77,1.85,318.07445
97.78,1.85,318.09295
97.79,1.85,318.11145
97.8,1.85,318.12995
97.8,1.85,318.12995
97.81,1.85,318.14845
97.82,1.85,318.16695
97.83,1.85,318.18545
97.84,1.85,318.20395
97.85,1.85,318.22245
97.85,1.85,318.22245
97.86,1.85,318.24095
97.87,1.85,318.25945
97.88,1.85,318.27795
97.89,1.85,318.29645
97.9,1.85,318.31495
97.9,1.849,318.31495
97.91,1.849,318.33344
97.92,1.849,318.35193
97.93,1.849,318.37042
97.94,1.85,318.38892
97.95,1.85,318.40742
97.95,1.85,318.40742
97.96,1.851,318.42593
97.97,1.851,318.44444
97.98,1.851,318.46295
97.99,1.852,318.48147
98,1.852,318.49999
98,1.852,318.49999
98.01,1.852,318.51851
98.02,1.851,318.53702
98.03,1.851,318.55553
98.04,1.851,318.57404
98.05,1.851,318.59255
98.05,1.85,318.59255
98.06,1.851,318.61106
98.07,1.851,318.62957
98.08,1.851,318.64808
98.09,1.851,318.66659
98.1,1.852,318.68511
98.1,1.852,318.68511
98.11,1.852,318.70363
98.12,1.852,318.72215
98.13,1.852,318.74067
98.14,1.852,318.75919
98.15,1.851,318.7777
98.15,1.851,318.7777
98.16,1.851,318.79621
98.17,1.851,318.81472
98.18,1.851,318.83323
98.19,1.851,318.85174
98.2,1.851,318.87025
98.2,1.851,318.87025
98.21,1.851,318.88876
98.22,1.851,318.90727
98.23,1.852,318.92579
98.24,1.852,318.94431
98.25,1.852,318.96283
98.25,1.852,318.96283
98.26,1.852,318.98135
98.27,1.852,318.99987
98.28,1.851,319.01838
98.29,1.851,319.03689
98.3,1.851,319.0554
98.3,1.851,319.0554
98.31,1.852,319.07392
98.32,1.852,319.09244
98.33,1.852,319.11096
98.34,1.852,319.12948
98.35,1.852,319.148
98.35,1.852,319.148
98.36,1.852,319.16652
98.37,1.852,319.18504
98.38,1.851,319.20355
98.39,1.851,319.22206
98.39,1.851,319.22206
98.4,1.851,319.24057
98.41,1.85,319.25907
98.42,1.85,319.27757
98.43,1.85,319.29607
98.44,1.85,319.31457
98.45,1.85,319.33307
98.45,1.85,319.33307
98.46,1.85,319.35157
98.47,1.85,319.37007
98.48,1.851,319.38858
98.49,1.851,319.40709
98.5,1.851,319.4256
98.5,1.851,319.4256
98.51,1.851,319.44411
98.52,1.851,319.46262
98.53,1.851,319.48113
98.54,1.851,319.49964
98.54,1.851,319.49964
98.55,1.851,319.51815
98.56,1.85,319.53665
98.57,1.85,319.55515
98.58,1.85,319.57365
98.59,1.85,319.59215
98.6,1.85,319.61065
98.6,1.85,319.61065
98.61,1.85,319.62915
98.62,1.85,319.64765
98.63,1.85,319.66615
98.64,1.85,319.68465
98.64,1.85,319.68465
98.65,1.85,319.70315
98.66,1.85,319.72165
98.67,1.85,319.74015
98.68,1.85,319.75865
98.69,1.85,319.77715
98.7,1.85,319.79565
98.7,1.85,319.79565
98.71,1.85,319.81415
98.72,1.85,319.83265
98.73,1.85,319.85115
98.74,1.85,319.86965
98.75,1.85,319.88815
98.75,1.85,319.88815
98.76,1.85,319.90665
98.77,1.85,319.92515
98.78,1.85,319.94365
98.79,1.85,319.96215
98.8,1.85,319.98065
98.8,1.849,319.98065
98.81,1.849,319.99914
98.82,1.849,320.01763
98.83,1.849,320.03612
98.84,1.849,320.05461
98.84,1.849,320.05461
98.85,1.849,320.0731
98.86,1.85,320.0916
98.87,1.849,320.11009
98.88,1.849,320.12858
98.89,1.849,320.14707
98.89,1.849,320.14707
98.9,1.849,320.16556
98.91,1.85,320.18406
98.92,1.85,320.20256
98.93,1.85,320.22106
98.94,1.85,320.23956
98.95,1.85,320.25806
98.95,1.85,320.25806
98.96,1.85,320.27656
98.97,1.85,320.29506
98.98,1.85,320.31356
98.99,1.85,320.33206
99,1.85,320.35056
99,1.85,320.35056
99.01,1.85,320.36906
99.02,1.85,320.38756
99.03,1.85,320.40606
99.04,1.85,320.42456
99.05,1.85,320.44306
99.05,1.85,320.44306
99.06,1.85,320.46156
99.07,1.85,320.48006
99.08,1.85,320.49856
99.09,1.85,320.51706
99.1,1.85,320.53556
99.1,1.85,320.53556
99.11,1.849,320.55405
99.12,1.849,320.57254
99.13,1.849,320.59103
99.14,1.849,320.60952
99.15,1.849,320.62801
99.15,1.85,320.62801
99.16,1.85,320.64651
99.17,1.85,320.66501
99.18,1.851,320.68352
99.19,1.851,320.70203
99.2,1.851,320.72054
99.2,1.851,320.72054
99.21,1.851,320.73905
99.22,1.851,320.75756
99.23,1.851,320.77607
99.24,1.851,320.79458
99.25,1.851,320.81309
99.25,1.851,320.81309
99.26,1.851,320.8316
99.27,1.851,320.85011
99.28,1.852,320.86863
99.29,1.852,320.88715
99.3,1.852,320.90567
99.3,1.852,320.90567
99.31,1.853,320.9242
99.32,1.853,320.94273
99.33,1.852,320.96125
99.34,1.852,320.97977
99.35,1.852,320.99829
99.35,1.852,320.99829
99.36,1.852,321.01681
99.37,1.852,321.03533
99.38,1.852,321.05385
99.39,1.852,321.07237
99.4,1.852,321.09089
99.4,1.853,321.09089
99.41,1.853,321.10942
99.42,1.853,321.12795
99.43,1.854,321.14649
99.44,1.854,321.16503
99.45,1.854,321.18357
99.45,1.854,321.18357
99.46,1.854,321.20211
99.47,1.854,321.22065
99.48,1.854,321.23919
99.49,1.854,321.25773
99.5,1.854,321.27627
99.5,1.854,321.27627
99.51,1.854,321.29481
99.52,1.854,321.31335
99.53,1.854,321.33189
99.54,1.854,321.35043
99.55,1.854,321.36897
99.55,1.854,321.36897
99.56,1.854,321.38751
99.57,1.854,321.40605
99.58,1.854,321.42459
99.59,1.854,321.44313
99.6,1.854,321.46167
99.6,1.854,321.46167
99.61,1.855,321.48022
99.62,1.855,321.49877
99.63,1.855,321.51732
99.64,1.855,321.53587
99.65,1.855,321.55442
99.65,1.855,321.55442
99.66,1.855,321.57297
99.67,1.855,321.59152
99.68,1.856,321.61008
99.69,1.856,321.62864
99.7,1.856,321.6472
99.7,1.856,321.6472
99.71,1.856,321.66576
99.72,1.856,321.68432
99.73,1.856,321.70288
99.74,1.856,321.72144
99.75,1.856,321.74
99.75,1.856,321.74
99.76,1.856,321.75856
99.77,1.856,321.77712
99.78,1.855,321.79567
99.79,1.856,321.81423
99.8,1.856,321.83279
99.8,1.856,321.83279
99.81,1.856,321.85135
99.82,1.857,321.86992
99.83,1.857,321.88849
99.84,1.857,321.90706
99.85,1.857,321.92563
99.85,1.858,321.92563
99.86,1.858,321.94421
99.87,1.857,321.96278
99.88,1.857,321.98135
99.89,1.857,321.99992
99.9,1.857,322.01849
99.9,1.858,322.01849
99.91,1.858,322.03707
99.92,1.858,322.05565
99.93,1.858,322.07423
99.94,1.858,322.09281
99.95,1.858,322.11139
99.95,1.858,322.11139
99.96,1.858,322.12997
99.97,1.858,322.14855
99.98,1.858,322.16713
99.99,1.858,322.18571
100,1.858,322.20429
100,1.858,322.20429
100.01,1.858,322.22287
100.02,1.858,322.24145
100.03,1.858,322.26003
100.04,1.858,322.27861
100.05,1.859,322.2972
100.05,1.859,322.2972
100.06,1.859,322.31579
100.07,1.859,322.33438
100.08,1.859,322.35297
100.09,1.859,322.37156
100.1,1.859,322.39015
100.1,1.859,322.39015
100.11,1.859,322.40874
100.12,1.859,322.42733
100.13,1.859,322.44592
100.14,1.859,322.46451
100.15,1.859,322.4831
100.15,1.86,322.4831
100.16,1.86,322.5017
100.17,1.86,322.5203
100.18,1.86,322.5389
100.19,1.86,322.5575
100.2,1.86,322.5761
100.2,1.86,322.5761
100.21,1.86,322.5947
100.22,1.859,322.61329
100.23,1.859,322.63188
100.24,1.859,322.65047
100.25,1.859,322.66906
100.25,1.859,322.66906
100.26,1.859,322.68765
100.27,1.859,322.70624
100.28,1.859,322.72483
100.29,1.859,322.74342
100.3,1.859,322.76201
100.3,1.859,322.76201
100.31,1.859,322.7806
100.32,1.859,322.79919
100.33,1.859,322.81778
100.34,1.859,322.83637
100.35,1.86,322.85497
100.35,1.86,322.85497
100.36,1.861,322.87358
100.37,1.861,322.89219
100.38,1.861,322.9108
100.39,1.861,322.92941
100.4,1.861,322.94802
100.4,1.86,322.94802
100.41,1.86,322.96662
100.42,1.859,322.98521
100.43,1.859,323.0038
100.44,1.859,323.02239
100.45,1.859,323.04098
100.45,1.859,323.04098
100.46,1.859,323.05957
100.47,1.86,323.07817
100.48,1.859,323.09676
100.49,1.859,323.11535
100.5,1.859,323.13394
100.5,1.859,323.13394
100.51,1.859,323.15253
100.52,1.859,323.17112
100.53,1.859,323.18971
100.54,1.859,323.2083
100.55,1.859,323.22689
100.55,1.86,323.22689
100.56,1.86,323.24549
100.57,1.86,323.26409
100.58,1.86,323.28269
100.59,1.86,323.30129
100.6,1.86,323.31989
100.6,1.86,323.31989
100.61,1.86,323.33849
100.62,1.86,323.35709
100.63,1.86,323.37569
100.64,1.86,323.39429
100.65,1.86,323.41289
100.65,1.86,323.41289
100.66,1.86,323.43149
100.67,1.86,323.45009
100.68,1.859,323.46868
100.69,1.859,323.48727
100.7,1.859,323.50586
100.7,1.858,323.50586
100.71,1.858,323.52444
100.72,1.858,323.54302
100.73,1.858,323.5616
100.74,1.859,323.58019
100.75,1.859,323.59878
100.76,1.859,323.61737
100.76,1.859,323.61737
100.77,1.859,323.63596
100.78,1.859,323.65455
100.79,1.86,323.67315
100.8,1.86,323.69175
100.8,1.859,323.69175
100.81,1.859,323.71034
100.82,1.859,323.72893
100.83,1.859,323.74752
100.84,1.859,323.76611
100.85,1.858,323.78469
100.85,1.858,323.78469
100.86,1.858,323.80327
100.87,1.858,323.82185
100.88,1.859,323.84044
100.89,1.859,323.85903
100.9,1.859,323.87762
100.9,1.859,323.87762
100.91,1.859,323.89621
100.92,1.859,323.9148
100.93,1.859,323.93339
100.94,1.859,323.95198
100.95,1.859,323.97057
100.95,1.86,323.97057
100.96,1.86,323.98917
100.97,1.86,324.00777
100.98,1.86,324.02637
100.99,1.86,324.04497
101,1.86,324.06357
101,1.86,324.06357
101.01,1.86,324.08217
101.02,1.86,324.10077
101.03,1.86,324.11937
101.04,1.86,324.13797
101.05,1.86,324.15657
101.05,1.86,324.15657
101.06,1.861,324.17518
101.07,1.861,324.19379
101.08,1.861,324.2124
101.09,1.861,324.23101
101.1,1.861,324.24962
101.1,1.861,324.24962
101.11,1.861,324.26823
101.12,1.861,324.28684
101.13,1.861,324.30545
101.14,1.861,324.32406
101.15,1.861,324.34267
101.15,1.861,324.34267
101.16,1.861,324.36128
101.17,1.861,324.37989
101.18,1.861,324.3985
101.19,1.861,324.41711
101.2,1.862,324.43573
101.2,1.862,324.43573
101.21,1.862,324.45435
101.22,1.863,324.47298
101.23,1.863,324.49161
101.24,1.863,324.51024
101.25,1.863,324.52887
101.25,1.863,324.52887
101.26,1.862,324.54749
101.27,1.862,324.56611
101.28,1.862,324.58473
101.29,1.862,324.60335
101.3,1.862,324.62197
101.3,1.862,324.62197
101.31,1.863,324.6406
101.32,1.863,324.65923
101.33,1.863,324.67786
101.34,1.863,324.69649
101.35,1.863,324.71512
101.36,1.863,324.73375
101.36,1.863,324.73375
101.37,1.863,324.75238
101.38,1.863,324.77101
101.39,1.863,324.78964
101.4,1.863,324.80827
101.4,1.863,324.80827
101.41,1.863,324.8269
101.42,1.864,324.84554
101.43,1.864,324.86418
101.44,1.864,324.88282
101.45,1.864,324.90146
101.45,1.864,324.90146
101.46,1.863,324.92009
101.47,1.863,324.93872
101.48,1.864,324.95736
101.49,1.864,324.976
101.5,1.864,324.99464
101.5,1.864,324.99464
101.51,1.865,325.01329
101.52,1.865,325.03194
101.53,1.865,325.05059
101.54,1.865,325.06924
101.55,1.864,325.08788
101.55,1.864,325.08788
101.56,1.864,325.10652
101.57,1.864,325.12516
101.58,1.864,325.1438
101.59,1.864,325.16244
101.6,1.864,325.18108
101.6,1.865,325.18108
101.61,1.865,325.19973
101.62,1.865,325.21838
101.63,1.865,325.23703
101.64,1.866,325.25569
101.65,1.866,325.27435
101.65,1.866,325.27435
101.66,1.866,325.29301
101.67,1.866,325.31167
101.68,1.866,325.33033
101.69,1.866,325.34899
101.7,1.866,325.36765
101.7,1.866,325.36765
101.71,1.867,325.38632
101.72,1.867,325.40499
101.73,1.867,325.42366
101.74,1.867,325.44233
101.75,1.866,325.46099
101.75,1.866,325.46099
101.76,1.866,325.47965
101.77,1.866,325.49831
101.78,1.866,325.51697
101.79,1.865,325.53562
101.8,1.865,325.55427
101.8,1.865,325.55427
101.81,1.865,325.57292
101.82,1.865,325.59157
101.83,1.866,325.61023
101.84,1.866,325.62889
101.85,1.867,325.64756
101.85,1.867,325.64756
101.86,1.867,325.66623
101.87,1.868,325.68491
101.88,1.868,325.70359
101.89,1.868,325.72227
101.9,1.868,325.74095
101.9,1.867,325.74095
101.91,1.867,325.75962
101.92,1.867,325.77829
101.93,1.867,325.79696
101.94,1.867,325.81563
101.95,1.867,325.8343
101.96,1.867,325.85297
101.96,1.867,325.85297
101.97,1.867,325.87164
101.98,1.867,325.89031
101.99,1.867,325.90898
102,1.867,325.92765
102,1.867,325.92765
102.01,1.867,325.94632
102.02,1.867,325.96499
102.03,1.867,325.98366
102.04,1.867,326.00233
102.05,1.867,326.021
102.05,1.867,326.021
102.06,1.867,326.03967
102.07,1.867,326.05834
102.08,1.867,326.07701
102.09,1.867,326.09568
102.1,1.868,326.11436
102.1,1.868,326.11436
102.11,1.868,326.13304
102.12,1.868,326.15172
102.13,1.868,326.1704
102.14,1.868,326.18908
102.15,1.868,326.20776
102.15,1.868,326.20776
102.16,1.868,326.22644
102.17,1.868,326.24512
102.18,1.867,326.26379
102.19,1.867,326.28246
102.2,1.867,326.30113
102.2,1.867,326.30113
102.21,1.867,326.3198
102.22,1.867,326.33847
102.23,1.867,326.35714
102.24,1.867,326.37581
102.25,1.867,326.39448
102.25,1.867,326.39448
102.26,1.867,326.41315
102.27,1.868,326.43183
102.28,1.868,326.45051
102.29,1.868,326.46919
102.3,1.868,326.48787
102.3,1.868,326.48787
102.31,1.868,326.50655
102.32,1.867,326.52522
102.33,1.867,326.54389
102.34,1.867,326.56256
102.35,1.867,326.58123
102.35,1.867,326.58123
102.36,1.867,326.5999
102.37,1.867,326.61857
102.38,1.867,326.63724
102.39,1.867,326.65591
102.39,1.867,326.65591
102.4,1.867,326.67458
102.41,1.867,326.69325
102.42,1.867,326.71192
102.43,1.867,326.73059
102.44,1.867,326.74926
102.45,1.867,326.76793
102.45,1.867,326.76793
102.46,1.867,326.7866
102.47,1.867,326.80527
102.48,1.867,326.82394
102.49,1.867,326.84261
102.5,1.867,326.86128
102.5,1.867,326.86128
102.51,1.867,326.87995
102.52,1.867,326.89862
102.53,1.867,326.91729
102.54,1.867,326.93596
102.55,1.867,326.95463
102.55,1.867,326.95463
102.56,1.867,326.9733
102.57,1.867,326.99197
102.58,1.868,327.01065
102.59,1.868,327.02933
102.6,1.868,327.04801
102.6,1.868,327.04801
102.61,1.867,327.06668
102.62,1.867,327.08535
102.63,1.867,327.10402
102.64,1.867,327.12269
102.65,1.866,327.14135
102.65,1.866,327.14135
102.66,1.866,327.16001
102.67,1.866,327.17867
102.68,1.867,327.19734
102.69,1.867,327.21601
102.7,1.867,327.23468
102.7,1.867,327.23468
102.71,1.868,327.25336
102.72,1.867,327.27203
102.73,1.868,327.29071
102.74,1.868,327.30939
102.75,1.867,327.32806
102.75,1.867,327.32806
102.76,1.868,327.34674
102.77,1.868,327.36542
102.78,1.868,327.3841
102.79,1.868,327.40278
102.8,1.869,327.42147
102.8,1.869,327.42147
102.81,1.869,327.44016
102.82,1.869,327.45885
102.83,1.87,327.47755
102.84,1.87,327.49625
102.85,1.869,327.51494
102.85,1.869,327.51494
102.86,1.869,327.53363
102.87,1.869,327.55232
102.88,1.868,327.571
102.89,1.868,327.58968
102.9,1.868,327.60836
102.9,1.868,327.60836
102.91,1.868,327.62704
102.92,1.868,327.64572
102.93,1.868,327.6644
102.94,1.868,327.68308
102.95,1.869,327.70177
102.95,1.869,327.70177
102.96,1.869,327.72046
102.97,1.869,327.73915
102.98,1.869,327.75784
102.99,1.869,327.77653
103,1.87,327.79523
103.01,1.87,327.81393
103.01,1.87,327.81393
103.02,1.87,327.83263
103.03,1.87,327.85133
103.04,1.87,327.87003
103.05,1.869,327.88872
103.05,1.869,327.88872
103.06,1.869,327.90741
103.07,1.87,327.92611
103.08,1.87,327.94481
103.09,1.87,327.96351
103.1,1.87,327.98221
103.1,1.869,327.98221
103.11,1.869,328.0009
103.12,1.869,328.01959
103.13,1.869,328.03828
103.14,1.869,328.05697
103.15,1.869,328.07566
103.15,1.869,328.07566
103.16,1.87,328.09436
103.17,1.87,328.11306
103.18,1.87,328.13176
103.19,1.871,328.15047
103.2,1.871,328.16918
103.2,1.871,328.16918
103.21,1.871,328.18789
103.22,1.871,328.2066
103.23,1.871,328.22531
103.24,1.871,328.24402
103.25,1.871,328.26273
103.26,1.871,328.28144
103.26,1.871,328.28144
103.27,1.872,328.30016
103.28,1.871,328.31887
103.29,1.871,328.33758
103.3,1.871,328.35629
103.3,1.871,328.35629
103.31,1.871,328.375
103.32,1.871,328.39371
103.33,1.871,328.41242
103.34,1.871,328.43113
103.35,1.872,328.44985
103.35,1.872,328.44985
103.36,1.872,328.46857
103.37,1.873,328.4873
103.38,1.873,328.50603
103.39,1.873,328.52476
103.4,1.873,328.54349
103.4,1.873,328.54349
103.41,1.873,328.56222
103.42,1.872,328.58094
103.43,1.872,328.59966
103.44,1.872,328.61838
103.45,1.872,328.6371
103.45,1.872,328.6371
103.46,1.873,328.65583
103.47,1.873,328.67456
103.48,1.873,328.69329
103.49,1.874,328.71203
103.5,1.874,328.73077
103.5,1.874,328.73077
103.51,1.873,328.7495
103.52,1.873,328.76823
103.53,1.873,328.78696
103.54,1.873,328.80569
103.55,1.873,328.82442
103.55,1.873,328.82442
103.56,1.873,328.84315
103.57,1.873,328.86188
103.58,1.873,328.88061
103.59,1.873,328.89934
103.6,1.873,328.91807
103.6,1.873,328.91807
103.61,1.873,328.9368
103.62,1.873,328.95553
103.63,1.874,328.97427
103.64,1.874,328.99301
103.65,1.874,329.01175
103.66,1.874,329.03049
103.66,1.874,329.03049
103.67,1.874,329.04923
103.68,1.874,329.06797
103.69,1.874,329.08671
103.7,1.874,329.10545
103.7,1.874,329.10545
103.71,1.874,329.12419
103.72,1.874,329.14293
103.73,1.874,329.16167
103.74,1.874,329.18041
103.75,1.874,329.19915
103.75,1.875,329.19915
103.76,1.875,329.2179
103.77,1.875,329.23665
103.78,1.875,329.2554
103.79,1.875,329.27415
103.8,1.875,329.2929
103.8,1.875,329.2929
103.81,1.875,329.31165
103.82,1.875,329.3304
103.83,1.875,329.34915
103.84,1.876,329.36791
103.85,1.876,329.38667
103.86,1.877,329.40544
103.86,1.877,329.40544
103.87,1.878,329.42422
103.88,1.879,329.44301
103.89,1.879,329.4618
103.9,1.88,329.4806
103.9,1.881,329.4806
103.91,1.882,329.49942
103.92,1.883,329.51825
103.93,1.884,329.53709
103.94,1.886,329.55595
103.95,1.887,329.57482
103.95,1.888,329.57482
103.96,1.889,329.59371
103.97,1.891,329.61262
103.98,1.892,329.63154
103.99,1.894,329.65048
104,1.895,329.66943
104,1.897,329.66943
104.01,1.9,329.68843
104.02,1.902,329.70745
104.03,1.905,329.7265
104.04,1.908,329.74558
104.05,1.912,329.7647
104.05,1.915,329.7647
104.06,1.919,329.78389
104.07,1.923,329.80312
104.08,1.927,329.82239
104.09,1.931,329.8417
104.1,1.935,329.86105
104.1,1.94,329.86105
104.11,1.945,329.8805
104.12,1.95,329.9
104.13,1.955,329.91955
104.14,1.961,329.93916
104.15,1.967,329.95883
104.15,1.973,329.95883
104.16,1.979,329.97862
104.17,1.986,329.99848
104.18,1.992,330.0184
104.19,1.999,330.03839
104.2,2.007,330.05846
104.2,2.014,330.05846
104.21,2.022,330.07868
