Temperature (C),Heat Capacity (J/g-C),Enthalpy (J/g)
8,1.371,1.371
8.01,1.371,1.38471
8.01,1.371,1.38471
8.02,1.372,1.39843
8.03,1.372,1.41215
8.04,1.372,1.42587
8.05,1.373,1.4396
8.05,1.373,1.4396
8.06,1.373,1.45333
8.07,1.373,1.46706
8.08,1.373,1.48079
8.09,1.373,1.49452
8.1,1.373,1.50825
8.1,1.374,1.50825
8.11,1.374,1.52199
8.12,1.374,1.53573
8.13,1.374,1.54947
8.14,1.374,1.56321
8.15,1.374,1.57695
8.15,1.374,1.57695
8.16,1.374,1.59069
8.17,1.374,1.60443
8.18,1.374,1.61817
8.19,1.374,1.63191
8.2,1.375,1.64566
8.2,1.375,1.64566
8.21,1.375,1.65941
8.22,1.375,1.67316
8.23,1.375,1.68691
8.24,1.375,1.70066
8.25,1.376,1.71442
8.25,1.376,1.71442
8.26,1.376,1.72818
8.27,1.377,1.74195
8.28,1.377,1.75572
8.29,1.377,1.76949
8.3,1.378,1.78327
8.3,1.378,1.78327
8.31,1.378,1.79705
8.32,1.378,1.81083
8.33,1.378,1.82461
8.34,1.378,1.83839
8.35,1.378,1.85217
8.35,1.378,1.85217
8.36,1.378,1.86595
8.37,1.378,1.87973
8.38,1.378,1.89351
8.39,1.378,1.90729
8.4,1.379,1.92108
8.4,1.379,1.92108
8.41,1.379,1.93487
8.42,1.379,1.94866
8.43,1.379,1.96245
8.44,1.379,1.97624
8.44,1.38,1.97624
8.45,1.38,1.99004
8.46,1.38,2.00384
8.47,1.38,2.01764
8.48,1.38,2.03144
8.49,1.381,2.04525
8.5,1.381,2.05906
8.5,1.381,2.05906
8.51,1.381,2.07287
8.52,1.381,2.08668
8.53,1.381,2.10049
8.54,1.381,2.1143
8.54,1.381,2.1143
8.55,1.381,2.12811
8.56,1.381,2.14192
8.57,1.381,2.15573
8.58,1.382,2.16955
8.59,1.382,2.18337
8.59,1.382,2.18337
8.6,1.382,2.19719
8.61,1.382,2.21101
8.62,1.382,2.22483
8.63,1.382,2.23865
8.64,1.382,2.25247
8.64,1.383,2.25247
8.65,1.383,2.2663
8.66,1.383,2.28013
8.67,1.383,2.29396
8.68,1.384,2.3078
8.69,1.384,2.32164
8.69,1.384,2.32164
8.7,1.384,2.33548
8.71,1.384,2.34932
8.72,1.385,2.36317
8.73,1.385,2.37702
8.74,1.385,2.39087
8.74,1.385,2.39087
8.75,1.385,2.40472
8.76,1.385,2.41857
8.77,1.385,2.43242
8.78,1.385,2.44627
8.79,1.385,2.46012
8.79,1.385,2.46012
8.8,1.385,2.47397
8.81,1.385,2.48782
8.82,1.385,2.50167
8.83,1.385,2.51552
8.83,1.386,2.51552
8.84,1.386,2.52938
8.85,1.386,2.54324
8.86,1.386,2.5571
8.87,1.387,2.57097
8.88,1.387,2.58484
8.89,1.387,2.59871
8.89,1.387,2.59871
8.9,1.387,2.61258
8.91,1.387,2.62645
8.92,1.387,2.64032
8.93,1.387,2.65419
8.93,1.387,2.65419
8.94,1.387,2.66806
8.95,1.387,2.68193
8.96,1.387,2.6958
8.97,1.387,2.70967
8.98,1.387,2.72354
8.99,1.388,2.73742
8.99,1.388,2.73742
9,1.388,2.7513
9.01,1.388,2.76518
9.02,1.387,2.77905
9.03,1.387,2.79292
9.04,1.387,2.80679
9.04,1.387,2.80679
9.05,1.387,2.82066
9.06,1.387,2.83453
9.07,1.387,2.8484
9.08,1.387,2.86227
9.09,1.387,2.87614
9.09,1.388,2.87614
9.1,1.388,2.89002
9.11,1.388,2.9039
9.12,1.388,2.91778
9.13,1.388,2.93166
9.13,1.389,2.93166
9.14,1.389,2.94555
9.15,1.389,2.95944
9.16,1.39,2.97334
9.17,1.39,2.98724
9.18,1.39,3.00114
9.18,1.39,3.00114
9.19,1.39,3.01504
9.2,1.39,3.02894
9.21,1.391,3.04285
9.22,1.391,3.05676
9.23,1.391,3.07067
9.23,1.391,3.07067
9.24,1.391,3.08458
9.25,1.391,3.09849
9.26,1.391,3.1124
9.27,1.391,3.12631
9.28,1.391,3.14022
9.29,1.391,3.15413
9.29,1.391,3.15413
9.3,1.391,3.16804
9.31,1.391,3.18195
9.32,1.391,3.19586
9.33,1.391,3.20977
9.33,1.391,3.20977
9.34,1.392,3.22369
9.35,1.392,3.23761
9.36,1.392,3.25153
9.37,1.393,3.26546
9.38,1.393,3.27939
9.38,1.393,3.27939
9.39,1.393,3.29332
9.4,1.393,3.30725
9.41,1.393,3.32118
9.42,1.393,3.33511
9.43,1.393,3.34904
9.44,1.393,3.36297
9.44,1.393,3.36297
9.45,1.393,3.3769
9.46,1.393,3.39083
9.47,1.394,3.40477
9.48,1.394,3.41871
9.48,1.394,3.41871
9.49,1.395,3.43266
9.5,1.395,3.44661
9.51,1.395,3.46056
9.52,1.395,3.47451
9.53,1.395,3.48846
9.54,1.395,3.50241
9.54,1.395,3.50241
9.55,1.396,3.51637
9.56,1.396,3.53033
9.57,1.396,3.54429
9.58,1.396,3.55825
9.58,1.396,3.55825
9.59,1.396,3.57221
9.6,1.396,3.58617
9.61,1.396,3.60013
9.62,1.396,3.61409
9.63,1.396,3.62805
9.64,1.396,3.64201
9.64,1.396,3.64201
9.65,1.397,3.65598
9.66,1.397,3.66995
9.67,1.397,3.68392
9.68,1.397,3.69789
9.69,1.397,3.71186
9.69,1.397,3.71186
9.7,1.397,3.72583
9.71,1.397,3.7398
9.72,1.397,3.75377
9.73,1.398,3.76775
9.73,1.398,3.76775
9.74,1.398,3.78173
9.75,1.398,3.79571
9.76,1.399,3.8097
9.77,1.399,3.82369
9.78,1.399,3.83768
9.79,1.399,3.85167
9.79,1.4,3.85167
9.8,1.4,3.86567
9.81,1.4,3.87967
9.82,1.4,3.89367
9.83,1.4,3.90767
9.84,1.401,3.92168
9.84,1.401,3.92168
9.85,1.401,3.93569
9.86,1.401,3.9497
9.87,1.401,3.96371
9.88,1.401,3.97772
9.88,1.401,3.97772
9.89,1.401,3.99173
9.9,1.401,4.00574
9.91,1.401,4.01975
9.92,1.401,4.03376
9.93,1.401,4.04777
9.93,1.402,4.04777
9.94,1.402,4.06179
9.95,1.402,4.07581
9.96,1.403,4.08984
9.97,1.403,4.10387
9.98,1.403,4.1179
9.98,1.403,4.1179
9.99,1.404,4.13194
10,1.404,4.14598
10.01,1.404,4.16002
10.02,1.404,4.17406
10.03,1.404,4.1881
10.03,1.404,4.1881
10.04,1.404,4.20214
10.05,1.404,4.21618
10.06,1.404,4.23022
10.07,1.404,4.24426
10.08,1.404,4.2583
10.08,1.404,4.2583
10.09,1.404,4.27234
10.1,1.405,4.28639
10.11,1.405,4.30044
10.12,1.405,4.31449
10.12,1.405,4.31449
10.13,1.405,4.32854
10.14,1.406,4.3426
10.15,1.406,4.35666
10.16,1.406,4.37072
10.17,1.406,4.38478
10.18,1.406,4.39884
10.18,1.406,4.39884
10.19,1.406,4.4129
10.2,1.406,4.42696
10.21,1.406,4.44102
10.22,1.406,4.45508
10.23,1.406,4.46914
10.23,1.406,4.46914
10.24,1.406,4.4832
10.25,1.406,4.49726
10.26,1.407,4.51133
10.27,1.407,4.5254
10.28,1.407,4.53947
10.28,1.407,4.53947
10.29,1.407,4.55354
10.3,1.407,4.56761
10.31,1.408,4.58169
10.32,1.408,4.59577
10.33,1.408,4.60985
10.33,1.408,4.60985
10.34,1.407,4.62392
10.35,1.407,4.63799
10.36,1.407,4.65206
10.37,1.407,4.66613
10.38,1.407,4.6802
10.38,1.407,4.6802
10.39,1.408,4.69428
10.4,1.408,4.70836
10.41,1.408,4.72244
10.42,1.408,4.73652
10.43,1.408,4.7506
10.43,1.408,4.7506
10.44,1.408,4.76468
10.45,1.408,4.77876
10.46,1.408,4.79284
10.47,1.408,4.80692
10.47,1.408,4.80692
10.48,1.408,4.821
10.49,1.408,4.83508
10.5,1.408,4.84916
10.51,1.408,4.86324
10.52,1.408,4.87732
10.52,1.409,4.87732
10.53,1.409,4.89141
10.54,1.409,4.9055
10.55,1.409,4.91959
10.56,1.409,4.93368
10.57,1.409,4.94777
10.57,1.409,4.94777
10.58,1.409,4.96186
10.59,1.409,4.97595
10.6,1.409,4.99004
10.61,1.409,5.00413
10.62,1.409,5.01822
10.63,1.409,5.03231
10.63,1.409,5.03231
10.64,1.409,5.0464
10.65,1.409,5.06049
10.66,1.409,5.07458
10.67,1.409,5.08867
10.68,1.41,5.10277
10.68,1.41,5.10277
10.69,1.41,5.11687
10.7,1.41,5.13097
10.71,1.41,5.14507
10.72,1.41,5.15917
10.72,1.411,5.15917
10.73,1.411,5.17328
10.74,1.41,5.18738
10.75,1.41,5.20148
10.76,1.41,5.21558
10.77,1.41,5.22968
10.77,1.41,5.22968
10.78,1.41,5.24378
10.79,1.41,5.25788
10.8,1.41,5.27198
10.81,1.41,5.28608
10.82,1.411,5.30019
10.83,1.411,5.3143
10.83,1.411,5.3143
10.84,1.411,5.32841
10.85,1.411,5.34252
10.86,1.411,5.35663
10.87,1.411,5.37074
10.87,1.411,5.37074
10.88,1.411,5.38485
10.89,1.411,5.39896
10.9,1.411,5.41307
10.91,1.411,5.42718
10.92,1.411,5.44129
10.92,1.412,5.44129
10.93,1.412,5.45541
10.94,1.412,5.46953
10.95,1.412,5.48365
10.96,1.412,5.49777
10.97,1.412,5.51189
10.97,1.412,5.51189
10.98,1.412,5.52601
10.99,1.412,5.54013
11,1.412,5.55425
11.01,1.412,5.56837
11.02,1.412,5.58249
11.03,1.412,5.59661
11.03,1.413,5.59661
11.04,1.413,5.61074
11.05,1.413,5.62487
11.06,1.413,5.639
11.07,1.414,5.65314
11.07,1.414,5.65314
11.08,1.414,5.66728
11.09,1.414,5.68142
11.1,1.414,5.69556
11.11,1.414,5.7097
11.12,1.414,5.72384
11.13,1.414,5.73798
11.13,1.414,5.73798
11.14,1.415,5.75213
11.15,1.415,5.76628
11.16,1.415,5.78043
11.17,1.415,5.79458
11.17,1.415,5.79458
11.18,1.415,5.80873
11.19,1.415,5.82288
11.2,1.415,5.83703
11.21,1.415,5.85118
11.22,1.415,5.86533
11.22,1.416,5.86533
11.23,1.416,5.87949
11.24,1.416,5.89365
11.25,1.416,5.90781
11.26,1.416,5.92197
11.27,1.416,5.93613
11.28,1.415,5.95028
11.28,1.415,5.95028
11.29,1.416,5.96444
11.3,1.416,5.9786
11.31,1.416,5.99276
11.32,1.416,6.00692
11.32,1.416,6.00692
11.33,1.416,6.02108
11.34,1.416,6.03524
11.35,1.417,6.04941
11.36,1.417,6.06358
11.36,1.417,6.06358
11.37,1.417,6.07775
11.38,1.417,6.09192
11.39,1.417,6.10609
11.4,1.417,6.12026
11.41,1.418,6.13444
11.41,1.418,6.13444
11.42,1.418,6.14862
11.43,1.418,6.1628
11.44,1.418,6.17698
11.45,1.418,6.19116
11.46,1.418,6.20534
11.47,1.418,6.21952
11.47,1.418,6.21952
11.48,1.418,6.2337
11.49,1.418,6.24788
11.5,1.418,6.26206
11.51,1.418,6.27624
11.52,1.418,6.29042
11.52,1.418,6.29042
11.53,1.418,6.3046
11.54,1.418,6.31878
11.55,1.418,6.33296
11.56,1.418,6.34714
11.57,1.418,6.36132
11.57,1.418,6.36132
11.58,1.418,6.3755
11.59,1.418,6.38968
11.6,1.419,6.40387
11.61,1.419,6.41806
11.62,1.419,6.43225
11.62,1.419,6.43225
11.63,1.419,6.44644
11.64,1.419,6.46063
11.65,1.419,6.47482
11.66,1.419,6.48901
11.67,1.419,6.5032
11.67,1.419,6.5032
11.68,1.419,6.51739
11.69,1.419,6.53158
11.7,1.419,6.54577
11.71,1.419,6.55996
11.72,1.419,6.57415
11.72,1.419,6.57415
11.73,1.419,6.58834
11.74,1.419,6.60253
11.75,1.419,6.61672
11.76,1.419,6.63091
11.77,1.419,6.6451
11.77,1.419,6.6451
11.78,1.419,6.65929
11.79,1.419,6.67348
11.8,1.419,6.68767
11.81,1.42,6.70187
11.82,1.42,6.71607
11.82,1.42,6.71607
11.83,1.419,6.73026
11.84,1.419,6.74445
11.85,1.419,6.75864
11.86,1.419,6.77283
11.86,1.419,6.77283
11.87,1.419,6.78702
11.88,1.419,6.80121
11.89,1.42,6.81541
11.9,1.42,6.82961
11.91,1.42,6.84381
11.91,1.42,6.84381
11.92,1.42,6.85801
11.93,1.42,6.87221
11.94,1.42,6.88641
11.95,1.42,6.90061
11.96,1.42,6.91481
11.97,1.42,6.92901
11.97,1.42,6.92901
11.98,1.42,6.94321
11.99,1.42,6.95741
12,1.42,6.97161
12.01,1.421,6.98582
12.01,1.421,6.98582
12.02,1.421,7.00003
12.03,1.421,7.01424
12.04,1.421,7.02845
12.05,1.421,7.04266
12.06,1.421,7.05687
12.07,1.421,7.07108
12.07,1.421,7.07108
12.08,1.421,7.08529
12.09,1.421,7.0995
12.1,1.421,7.11371
12.11,1.421,7.12792
12.12,1.421,7.14213
12.12,1.421,7.14213
12.13,1.422,7.15635
12.14,1.421,7.17056
12.15,1.421,7.18477
12.16,1.421,7.19898
12.17,1.421,7.21319
12.17,1.421,7.21319
12.18,1.421,7.2274
12.19,1.421,7.24161
12.2,1.421,7.25582
12.21,1.421,7.27003
12.22,1.421,7.28424
12.22,1.421,7.28424
12.23,1.422,7.29846
12.24,1.422,7.31268
12.25,1.422,7.3269
12.26,1.422,7.34112
12.27,1.422,7.35534
12.27,1.423,7.35534
12.28,1.423,7.36957
12.29,1.423,7.3838
12.3,1.423,7.39803
12.31,1.422,7.41225
12.32,1.422,7.42647
12.32,1.422,7.42647
12.33,1.422,7.44069
12.34,1.422,7.45491
12.35,1.422,7.46913
12.36,1.422,7.48335
12.37,1.423,7.49758
12.37,1.423,7.49758
12.38,1.423,7.51181
12.39,1.423,7.52604
12.4,1.423,7.54027
12.41,1.423,7.5545
12.42,1.423,7.56873
12.42,1.423,7.56873
12.43,1.423,7.58296
12.44,1.423,7.59719
12.45,1.423,7.61142
12.46,1.423,7.62565
12.47,1.424,7.63989
12.47,1.424,7.63989
12.48,1.424,7.65413
12.49,1.424,7.66837
12.5,1.424,7.68261
12.51,1.424,7.69685
12.52,1.424,7.71109
12.52,1.425,7.71109
12.53,1.425,7.72534
12.54,1.425,7.73959
12.55,1.426,7.75385
12.56,1.426,7.76811
12.57,1.426,7.78237
12.57,1.426,7.78237
12.58,1.425,7.79662
12.59,1.425,7.81087
12.6,1.425,7.82512
12.61,1.425,7.83937
12.61,1.425,7.83937
12.62,1.425,7.85362
12.63,1.425,7.86787
12.64,1.425,7.88212
12.65,1.425,7.89637
12.66,1.425,7.91062
12.67,1.425,7.92487
12.67,1.425,7.92487
12.68,1.425,7.93912
12.69,1.425,7.95337
12.7,1.426,7.96763
12.71,1.426,7.98189
12.72,1.426,7.99615
12.72,1.426,7.99615
12.73,1.426,8.01041
12.74,1.426,8.02467
12.75,1.426,8.03893
12.76,1.426,8.05319
12.76,1.426,8.05319
12.77,1.426,8.06745
12.78,1.426,8.08171
12.79,1.426,8.09597
12.8,1.426,8.11023
12.81,1.426,8.12449
12.81,1.426,8.12449
12.82,1.426,8.13875
12.83,1.427,8.15302
12.84,1.427,8.16729
12.85,1.427,8.18156
12.86,1.427,8.19583
12.87,1.427,8.2101
12.87,1.427,8.2101
12.88,1.427,8.22437
12.89,1.427,8.23864
12.9,1.427,8.25291
12.91,1.427,8.26718
12.91,1.427,8.26718
12.92,1.427,8.28145
12.93,1.427,8.29572
12.94,1.427,8.30999
12.95,1.427,8.32426
12.96,1.428,8.33854
12.97,1.428,8.35282
12.97,1.428,8.35282
12.98,1.428,8.3671
12.99,1.428,8.38138
13,1.428,8.39566
13.01,1.428,8.40994
13.01,1.428,8.40994
13.02,1.428,8.42422
13.03,1.428,8.4385
13.04,1.428,8.45278
13.05,1.428,8.46706
13.06,1.428,8.48134
13.06,1.428,8.48134
13.07,1.428,8.49562
13.08,1.428,8.5099
13.09,1.428,8.52418
13.1,1.428,8.53846
13.11,1.428,8.55274
13.12,1.428,8.56702
13.12,1.428,8.56702
13.13,1.428,8.5813
13.14,1.428,8.59558
13.15,1.428,8.60986
13.16,1.428,8.62414
13.16,1.429,8.62414
13.17,1.429,8.63843
13.18,1.429,8.65272
13.19,1.429,8.66701
13.2,1.43,8.68131
13.21,1.43,8.69561
13.21,1.429,8.69561
13.22,1.429,8.7099
13.23,1.429,8.72419
13.24,1.429,8.73848
13.25,1.428,8.75276
13.26,1.428,8.76704
13.27,1.428,8.78132
13.27,1.428,8.78132
13.28,1.429,8.79561
13.29,1.429,8.8099
13.3,1.43,8.8242
13.31,1.43,8.8385
13.31,1.43,8.8385
13.32,1.43,8.8528
13.33,1.43,8.8671
13.34,1.43,8.8814
13.35,1.43,8.8957
13.36,1.43,8.91
13.36,1.43,8.91
13.37,1.43,8.9243
13.38,1.43,8.9386
13.39,1.43,8.9529
13.4,1.43,8.9672
13.41,1.43,8.9815
13.41,1.43,8.9815
13.42,1.43,8.9958
13.43,1.43,9.0101
13.44,1.43,9.0244
13.45,1.431,9.03871
13.46,1.431,9.05302
13.46,1.431,9.05302
13.47,1.431,9.06733
13.48,1.431,9.08164
13.49,1.432,9.09596
13.5,1.432,9.11028
13.51,1.432,9.1246
13.51,1.431,9.1246
13.52,1.431,9.13891
13.53,1.431,9.15322
13.54,1.43,9.16752
13.55,1.43,9.18182
13.56,1.43,9.19612
13.56,1.43,9.19612
13.57,1.43,9.21042
13.58,1.43,9.22472
13.59,1.43,9.23902
13.6,1.431,9.25333
13.61,1.431,9.26764
13.62,1.431,9.28195
13.62,1.431,9.28195
13.63,1.431,9.29626
13.64,1.431,9.31057
13.65,1.431,9.32488
13.66,1.431,9.33919
13.66,1.431,9.33919
13.67,1.432,9.35351
13.68,1.432,9.36783
13.69,1.432,9.38215
13.7,1.432,9.39647
13.71,1.432,9.41079
13.71,1.432,9.41079
13.72,1.432,9.42511
13.73,1.432,9.43943
13.74,1.433,9.45376
13.75,1.433,9.46809
13.76,1.433,9.48242
13.77,1.433,9.49675
13.77,1.433,9.49675
13.78,1.433,9.51108
13.79,1.433,9.52541
13.8,1.433,9.53974
13.81,1.433,9.55407
13.81,1.433,9.55407
13.82,1.433,9.5684
13.83,1.433,9.58273
13.84,1.433,9.59706
13.85,1.433,9.61139
13.86,1.433,9.62572
13.87,1.433,9.64005
13.87,1.433,9.64005
13.88,1.433,9.65438
13.89,1.433,9.66871
13.9,1.434,9.68305
13.91,1.434,9.69739
13.91,1.434,9.69739
13.92,1.434,9.71173
13.93,1.434,9.72607
13.94,1.434,9.74041
13.95,1.434,9.75475
13.96,1.434,9.76909
13.96,1.434,9.76909
13.97,1.434,9.78343
13.98,1.434,9.79777
13.99,1.434,9.81211
14,1.434,9.82645
14.01,1.434,9.84079
14.01,1.435,9.84079
14.02,1.435,9.85514
14.03,1.435,9.86949
14.04,1.435,9.88384
14.05,1.435,9.89819
14.06,1.435,9.91254
14.06,1.436,9.91254
14.07,1.436,9.9269
14.08,1.436,9.94126
14.09,1.436,9.95562
14.1,1.436,9.96998
14.11,1.436,9.98434
14.11,1.436,9.98434
14.12,1.436,9.9987
14.13,1.436,10.01306
14.14,1.436,10.02742
14.15,1.436,10.04178
14.16,1.436,10.05614
14.16,1.436,10.05614
14.17,1.436,10.0705
14.18,1.436,10.08486
14.19,1.436,10.09922
14.2,1.436,10.11358
14.21,1.436,10.12794
14.21,1.436,10.12794
14.22,1.436,10.1423
14.23,1.436,10.15666
14.24,1.436,10.17102
14.25,1.437,10.18539
14.25,1.437,10.18539
14.26,1.437,10.19976
14.27,1.437,10.21413
14.28,1.437,10.2285
14.29,1.437,10.24287
14.3,1.437,10.25724
14.31,1.437,10.27161
14.31,1.436,10.27161
14.32,1.436,10.28597
14.33,1.436,10.30033
14.34,1.436,10.31469
14.35,1.436,10.32905
14.36,1.436,10.34341
14.36,1.436,10.34341
14.37,1.436,10.35777
14.38,1.436,10.37213
14.39,1.437,10.3865
14.4,1.437,10.40087
14.41,1.437,10.41524
14.41,1.437,10.41524
14.42,1.437,10.42961
14.43,1.437,10.44398
14.44,1.438,10.45836
14.45,1.438,10.47274
14.46,1.438,10.48712
14.46,1.438,10.48712
14.47,1.438,10.5015
14.48,1.438,10.51588
14.49,1.438,10.53026
14.5,1.438,10.54464
14.5,1.438,10.54464
14.51,1.438,10.55902
14.52,1.438,10.5734
14.53,1.438,10.58778
14.54,1.437,10.60215
14.55,1.437,10.61652
14.56,1.437,10.63089
14.56,1.437,10.63089
14.57,1.437,10.64526
14.58,1.438,10.65964
14.59,1.438,10.67402
14.6,1.438,10.6884
14.61,1.438,10.70278
14.61,1.438,10.70278
14.62,1.438,10.71716
14.63,1.438,10.73154
14.64,1.437,10.74591
14.65,1.437,10.76028
14.66,1.437,10.77465
14.66,1.437,10.77465
14.67,1.437,10.78902
14.68,1.437,10.80339
14.69,1.437,10.81776
14.7,1.437,10.83213
14.71,1.437,10.8465
14.71,1.437,10.8465
14.72,1.437,10.86087
14.73,1.437,10.87524
14.74,1.436,10.8896
14.75,1.436,10.90396
14.76,1.436,10.91832
14.76,1.436,10.91832
14.77,1.437,10.93269
14.78,1.437,10.94706
14.79,1.437,10.96143
14.8,1.438,10.97581
14.81,1.438,10.99019
14.81,1.438,10.99019
14.82,1.439,11.00458
14.83,1.439,11.01897
14.84,1.439,11.03336
14.85,1.438,11.04774
14.86,1.438,11.06212
14.86,1.438,11.06212
14.87,1.438,11.0765
14.88,1.438,11.09088
14.89,1.438,11.10526
14.9,1.438,11.11964
14.91,1.439,11.13403
14.91,1.439,11.13403
14.92,1.439,11.14842
14.93,1.439,11.16281
14.94,1.439,11.1772
14.95,1.439,11.19159
14.96,1.439,11.20598
14.96,1.439,11.20598
14.97,1.439,11.22037
14.98,1.439,11.23476
14.99,1.439,11.24915
15,1.439,11.26354
15.01,1.439,11.27793
15.01,1.439,11.27793
15.02,1.439,11.29232
15.03,1.439,11.30671
15.04,1.439,11.3211
15.05,1.439,11.33549
15.06,1.439,11.34988
15.06,1.439,11.34988
15.07,1.439,11.36427
15.08,1.439,11.37866
15.09,1.44,11.39306
15.1,1.44,11.40746
15.11,1.44,11.42186
15.11,1.441,11.42186
15.12,1.441,11.43627
15.13,1.441,11.45068
15.14,1.441,11.46509
15.15,1.441,11.4795
15.16,1.441,11.49391
15.17,1.441,11.50832
15.17,1.441,11.50832
15.18,1.441,11.52273
15.19,1.441,11.53714
15.2,1.441,11.55155
15.21,1.441,11.56596
15.21,1.441,11.56596
15.22,1.441,11.58037
15.23,1.441,11.59478
15.24,1.441,11.60919
15.25,1.441,11.6236
15.26,1.441,11.63801
15.26,1.441,11.63801
15.27,1.442,11.65243
15.28,1.442,11.66685
15.29,1.442,11.68127
15.3,1.442,11.69569
15.31,1.442,11.71011
15.31,1.442,11.71011
15.32,1.442,11.72453
15.33,1.442,11.73895
15.34,1.442,11.75337
15.35,1.442,11.76779
15.36,1.442,11.78221
15.36,1.442,11.78221
15.37,1.442,11.79663
15.38,1.443,11.81106
15.39,1.443,11.82549
15.4,1.443,11.83992
15.41,1.443,11.85435
15.41,1.443,11.85435
15.42,1.443,11.86878
15.43,1.443,11.88321
15.44,1.443,11.89764
15.45,1.443,11.91207
15.46,1.443,11.9265
15.46,1.443,11.9265
15.47,1.443,11.94093
15.48,1.444,11.95537
15.49,1.444,11.96981
15.5,1.444,11.98425
15.51,1.444,11.99869
15.51,1.444,11.99869
15.52,1.444,12.01313
15.53,1.444,12.02757
15.54,1.444,12.04201
15.55,1.445,12.05646
15.56,1.445,12.07091
15.57,1.445,12.08536
15.57,1.445,12.08536
15.58,1.445,12.09981
15.59,1.445,12.11426
15.6,1.445,12.12871
15.61,1.445,12.14316
15.61,1.446,12.14316
15.62,1.446,12.15762
15.63,1.446,12.17208
15.64,1.446,12.18654
15.65,1.446,12.201
15.66,1.447,12.21547
15.66,1.447,12.21547
15.67,1.447,12.22994
15.68,1.447,12.24441
15.69,1.447,12.25888
15.7,1.447,12.27335
15.71,1.447,12.28782
15.71,1.447,12.28782
15.72,1.447,12.30229
15.73,1.447,12.31676
15.74,1.447,12.33123
15.75,1.447,12.3457
15.76,1.447,12.36017
15.76,1.447,12.36017
15.77,1.447,12.37464
15.78,1.447,12.38911
15.79,1.447,12.40358
15.8,1.447,12.41805
15.81,1.447,12.43252
15.81,1.447,12.43252
15.82,1.447,12.44699
15.83,1.447,12.46146
15.84,1.448,12.47594
15.85,1.448,12.49042
15.86,1.448,12.5049
15.87,1.448,12.51938
15.87,1.448,12.51938
15.88,1.448,12.53386
15.89,1.448,12.54834
15.9,1.448,12.56282
15.91,1.448,12.5773
15.91,1.448,12.5773
15.92,1.448,12.59178
15.93,1.449,12.60627
15.94,1.449,12.62076
15.95,1.449,12.63525
15.96,1.449,12.64974
15.96,1.449,12.64974
15.97,1.449,12.66423
15.98,1.449,12.67872
15.99,1.449,12.69321
16,1.45,12.70771
16.01,1.45,12.72221
16.01,1.45,12.72221
16.02,1.45,12.73671
16.03,1.45,12.75121
16.04,1.451,12.76572
16.05,1.451,12.78023
16.06,1.451,12.79474
16.06,1.45,12.79474
16.07,1.45,12.80924
16.08,1.45,12.82374
16.09,1.45,12.83824
16.1,1.45,12.85274
16.11,1.45,12.86724
16.11,1.45,12.86724
16.12,1.45,12.88174
16.13,1.45,12.89624
16.14,1.45,12.91074
16.15,1.45,12.92524
16.15,1.45,12.92524
16.16,1.45,12.93974
16.17,1.45,12.95424
16.18,1.45,12.96874
16.19,1.45,12.98324
16.2,1.451,12.99775
16.21,1.451,13.01226
16.21,1.451,13.01226
16.22,1.451,13.02677
16.23,1.451,13.04128
16.24,1.451,13.05579
16.25,1.451,13.0703
16.26,1.451,13.08481
16.26,1.451,13.08481
16.27,1.451,13.09932
16.28,1.451,13.11383
16.29,1.451,13.12834
16.3,1.451,13.14285
16.31,1.451,13.15736
16.31,1.451,13.15736
16.32,1.452,13.17188
16.33,1.452,13.1864
16.34,1.452,13.20092
16.35,1.452,13.21544
16.36,1.452,13.22996
16.36,1.452,13.22996
16.37,1.452,13.24448
16.38,1.452,13.259
16.39,1.452,13.27352
16.4,1.452,13.28804
16.41,1.452,13.30256
16.41,1.452,13.30256
16.42,1.452,13.31708
16.43,1.452,13.3316
16.44,1.452,13.34612
16.45,1.452,13.36064
16.46,1.452,13.37516
16.46,1.452,13.37516
16.47,1.452,13.38968
16.48,1.452,13.4042
16.49,1.452,13.41872
16.5,1.452,13.43324
16.51,1.452,13.44776
16.51,1.452,13.44776
16.52,1.453,13.46229
16.53,1.453,13.47682
16.54,1.453,13.49135
16.55,1.453,13.50588
16.56,1.453,13.52041
16.56,1.453,13.52041
16.57,1.453,13.53494
16.58,1.453,13.54947
16.59,1.453,13.564
16.6,1.453,13.57853
16.61,1.453,13.59306
16.62,1.453,13.60759
16.62,1.453,13.60759
16.63,1.454,13.62213
16.64,1.454,13.63667
16.65,1.454,13.65121
16.66,1.454,13.66575
16.66,1.454,13.66575
16.67,1.453,13.68028
16.68,1.453,13.69481
16.69,1.453,13.70934
16.7,1.454,13.72388
16.71,1.454,13.73842
16.71,1.454,13.73842
16.72,1.455,13.75297
16.73,1.455,13.76752
16.74,1.455,13.78207
16.75,1.456,13.79663
16.76,1.456,13.81119
16.76,1.456,13.81119
16.77,1.456,13.82575
16.78,1.456,13.84031
16.79,1.456,13.85487
16.8,1.455,13.86942
16.81,1.456,13.88398
16.81,1.456,13.88398
16.82,1.456,13.89854
16.83,1.456,13.9131
16.84,1.456,13.92766
16.85,1.456,13.94222
16.86,1.456,13.95678
16.86,1.456,13.95678
16.87,1.456,13.97134
16.88,1.456,13.9859
16.89,1.456,14.00046
16.9,1.456,14.01502
16.91,1.456,14.02958
16.91,1.456,14.02958
16.92,1.456,14.04414
16.93,1.456,14.0587
16.94,1.457,14.07327
16.95,1.457,14.08784
16.95,1.458,14.08784
16.96,1.458,14.10242
16.97,1.458,14.117
16.98,1.459,14.13159
16.99,1.459,14.14618
17,1.458,14.16076
17.01,1.458,14.17534
17.01,1.458,14.17534
17.02,1.458,14.18992
17.03,1.458,14.2045
17.04,1.458,14.21908
17.05,1.458,14.23366
17.06,1.458,14.24824
17.06,1.458,14.24824
17.07,1.458,14.26282
17.08,1.458,14.2774
17.09,1.459,14.29199
17.1,1.459,14.30658
17.11,1.459,14.32117
17.11,1.459,14.32117
17.12,1.46,14.33577
17.13,1.46,14.35037
17.14,1.46,14.36497
17.15,1.459,14.37956
17.16,1.459,14.39415
17.16,1.459,14.39415
17.17,1.459,14.40874
17.18,1.459,14.42333
17.19,1.459,14.43792
17.2,1.459,14.45251
17.21,1.459,14.4671
17.21,1.46,14.4671
17.22,1.46,14.4817
17.23,1.46,14.4963
17.24,1.46,14.5109
17.25,1.46,14.5255
17.26,1.46,14.5401
17.26,1.46,14.5401
17.27,1.46,14.5547
17.28,1.46,14.5693
17.29,1.46,14.5839
17.3,1.46,14.5985
17.31,1.46,14.6131
17.31,1.46,14.6131
17.32,1.46,14.6277
17.33,1.46,14.6423
17.34,1.459,14.65689
17.35,1.46,14.67149
17.36,1.46,14.68609
17.36,1.46,14.68609
17.37,1.46,14.70069
17.38,1.46,14.71529
17.39,1.461,14.7299
17.4,1.461,14.74451
17.41,1.461,14.75912
17.42,1.461,14.77373
17.42,1.461,14.77373
17.43,1.461,14.78834
17.44,1.461,14.80295
17.45,1.461,14.81756
17.46,1.461,14.83217
17.46,1.461,14.83217
17.47,1.461,14.84678
17.48,1.461,14.86139
17.49,1.461,14.876
17.5,1.461,14.89061
17.51,1.462,14.90523
17.51,1.462,14.90523
17.52,1.462,14.91985
17.53,1.463,14.93448
17.54,1.463,14.94911
17.55,1.463,14.96374
17.56,1.463,14.97837
17.56,1.463,14.97837
17.57,1.463,14.993
17.58,1.463,15.00763
17.59,1.463,15.02226
17.6,1.463,15.03689
17.61,1.463,15.05152
17.61,1.462,15.05152
17.62,1.463,15.06615
17.63,1.463,15.08078
17.64,1.463,15.09541
17.65,1.463,15.11004
17.66,1.463,15.12467
17.66,1.464,15.12467
17.67,1.464,15.13931
17.68,1.464,15.15395
17.69,1.464,15.16859
17.7,1.464,15.18323
17.71,1.464,15.19787
17.71,1.464,15.19787
17.72,1.464,15.21251
17.73,1.464,15.22715
17.74,1.464,15.24179
17.75,1.463,15.25642
17.76,1.463,15.27105
17.76,1.463,15.27105
17.77,1.464,15.28569
17.78,1.464,15.30033
17.79,1.464,15.31497
17.8,1.464,15.32961
17.81,1.464,15.34425
17.81,1.464,15.34425
17.82,1.465,15.3589
17.83,1.465,15.37355
17.84,1.465,15.3882
17.85,1.464,15.40284
17.86,1.464,15.41748
17.86,1.464,15.41748
17.87,1.465,15.43213
17.88,1.465,15.44678
17.89,1.465,15.46143
17.9,1.466,15.47609
17.91,1.466,15.49075
17.91,1.466,15.49075
17.92,1.466,15.50541
17.93,1.466,15.52007
17.94,1.466,15.53473
17.95,1.466,15.54939
17.96,1.465,15.56404
17.96,1.465,15.56404
17.97,1.465,15.57869
17.98,1.466,15.59335
17.99,1.466,15.60801
18,1.466,15.62267
18.01,1.466,15.63733
18.01,1.466,15.63733
18.02,1.467,15.652
18.03,1.467,15.66667
18.04,1.467,15.68134
18.05,1.467,15.69601
18.06,1.467,15.71068
18.06,1.468,15.71068
18.07,1.468,15.72536
18.08,1.468,15.74004
18.09,1.468,15.75472
18.1,1.468,15.7694
18.11,1.468,15.78408
18.11,1.467,15.78408
18.12,1.467,15.79875
18.13,1.467,15.81342
18.14,1.467,15.82809
18.15,1.468,15.84277
18.16,1.468,15.85745
18.16,1.468,15.85745
18.17,1.468,15.87213
18.18,1.468,15.88681
18.19,1.469,15.9015
18.2,1.469,15.91619
18.21,1.469,15.93088
18.21,1.469,15.93088
18.22,1.469,15.94557
18.23,1.469,15.96026
18.24,1.469,15.97495
18.25,1.47,15.98965
18.26,1.47,16.00435
18.26,1.47,16.00435
18.27,1.47,16.01905
18.28,1.47,16.03375
18.29,1.471,16.04846
18.3,1.471,16.06317
18.31,1.471,16.07788
18.31,1.471,16.07788
18.32,1.471,16.09259
18.33,1.471,16.1073
18.34,1.471,16.12201
18.35,1.471,16.13672
18.36,1.471,16.15143
18.36,1.471,16.15143
18.37,1.471,16.16614
18.38,1.471,16.18085
18.39,1.471,16.19556
18.4,1.471,16.21027
18.41,1.471,16.22498
18.41,1.471,16.22498
18.42,1.471,16.23969
18.43,1.472,16.25441
18.44,1.472,16.26913
18.45,1.472,16.28385
18.46,1.472,16.29857
18.47,1.472,16.31329
18.47,1.472,16.31329
18.48,1.472,16.32801
18.49,1.472,16.34273
18.5,1.472,16.35745
18.51,1.472,16.37217
18.51,1.472,16.37217
18.52,1.472,16.38689
18.53,1.472,16.40161
18.54,1.472,16.41633
18.55,1.472,16.43105
18.56,1.472,16.44577
18.56,1.473,16.44577
18.57,1.473,16.4605
18.58,1.473,16.47523
18.59,1.473,16.48996
18.6,1.474,16.5047
18.61,1.474,16.51944
18.61,1.474,16.51944
18.62,1.474,16.53418
18.63,1.474,16.54892
18.64,1.473,16.56365
18.65,1.473,16.57838
18.66,1.473,16.59311
18.66,1.473,16.59311
18.67,1.473,16.60784
18.68,1.473,16.62257
18.69,1.474,16.63731
18.7,1.474,16.65205
18.71,1.474,16.66679
18.71,1.474,16.66679
18.72,1.474,16.68153
18.73,1.474,16.69627
18.74,1.474,16.71101
18.75,1.474,16.72575
18.76,1.475,16.7405
18.76,1.475,16.7405
18.77,1.475,16.75525
18.78,1.475,16.77
18.79,1.475,16.78475
18.8,1.476,16.79951
18.8,1.476,16.79951
18.81,1.476,16.81427
18.82,1.476,16.82903
18.83,1.477,16.8438
18.84,1.477,16.85857
18.85,1.477,16.87334
18.86,1.478,16.88812
18.86,1.478,16.88812
18.87,1.478,16.9029
18.88,1.478,16.91768
18.89,1.478,16.93246
18.9,1.478,16.94724
18.91,1.478,16.96202
18.91,1.478,16.96202
18.92,1.478,16.9768
18.93,1.477,16.99157
18.94,1.477,17.00634
18.95,1.478,17.02112
18.96,1.478,17.0359
18.96,1.478,17.0359
18.97,1.478,17.05068
18.98,1.477,17.06545
18.99,1.477,17.08022
19,1.477,17.09499
19.01,1.477,17.10976
19.01,1.477,17.10976
19.02,1.478,17.12454
19.03,1.478,17.13932
19.04,1.478,17.1541
19.05,1.478,17.16888
19.06,1.479,17.18367
19.06,1.479,17.18367
19.07,1.479,17.19846
19.08,1.479,17.21325
19.09,1.479,17.22804
19.1,1.479,17.24283
19.11,1.479,17.25762
19.11,1.479,17.25762
19.12,1.479,17.27241
19.13,1.48,17.28721
19.14,1.48,17.30201
19.15,1.48,17.31681
19.16,1.48,17.33161
19.16,1.48,17.33161
19.17,1.48,17.34641
19.18,1.481,17.36122
19.19,1.481,17.37603
19.2,1.481,17.39084
19.21,1.481,17.40565
19.22,1.481,17.42046
19.22,1.481,17.42046
19.23,1.481,17.43527
19.24,1.481,17.45008
19.25,1.481,17.46489
19.26,1.481,17.4797
19.26,1.481,17.4797
19.27,1.481,17.49451
19.28,1.481,17.50932
19.29,1.481,17.52413
19.3,1.482,17.53895
19.31,1.482,17.55377
19.31,1.482,17.55377
19.32,1.483,17.5686
19.33,1.483,17.58343
19.34,1.483,17.59826
19.35,1.484,17.6131
19.36,1.484,17.62794
19.36,1.484,17.62794
19.37,1.484,17.64278
19.38,1.484,17.65762
19.39,1.484,17.67246
19.4,1.484,17.6873
19.41,1.484,17.70214
19.41,1.484,17.70214
19.42,1.484,17.71698
19.43,1.484,17.73182
19.44,1.484,17.74666
19.45,1.484,17.7615
19.46,1.484,17.77634
19.46,1.485,17.77634
19.47,1.485,17.79119
19.48,1.485,17.80604
19.49,1.486,17.8209
19.5,1.486,17.83576
19.51,1.486,17.85062
19.52,1.486,17.86548
19.52,1.486,17.86548
19.53,1.486,17.88034
19.54,1.486,17.8952
19.55,1.487,17.91007
19.56,1.487,17.92494
19.56,1.487,17.92494
19.57,1.487,17.93981
19.58,1.487,17.95468
19.59,1.487,17.96955
19.6,1.487,17.98442
19.61,1.487,17.99929
19.61,1.487,17.99929
19.62,1.487,18.01416
19.63,1.487,18.02903
19.64,1.487,18.0439
19.65,1.487,18.05877
19.66,1.488,18.07365
19.66,1.488,18.07365
19.67,1.488,18.08853
19.68,1.489,18.10342
19.69,1.489,18.11831
19.7,1.489,18.1332
19.71,1.489,18.14809
19.71,1.489,18.14809
19.72,1.489,18.16298
19.73,1.489,18.17787
19.74,1.489,18.19276
19.75,1.489,18.20765
19.76,1.489,18.22254
19.76,1.489,18.22254
19.77,1.489,18.23743
19.78,1.489,18.25232
19.79,1.489,18.26721
19.8,1.49,18.28211
19.81,1.49,18.29701
19.81,1.49,18.29701
19.82,1.49,18.31191
19.83,1.49,18.32681
19.84,1.49,18.34171
19.85,1.49,18.35661
19.85,1.49,18.35661
19.86,1.49,18.37151
19.87,1.49,18.38641
19.88,1.49,18.40131
19.89,1.49,18.41621
19.9,1.49,18.43111
19.9,1.49,18.43111
19.91,1.49,18.44601
19.92,1.491,18.46092
19.93,1.491,18.47583
19.94,1.491,18.49074
19.95,1.492,18.50566
19.96,1.492,18.52058
19.96,1.492,18.52058
19.97,1.492,18.5355
19.98,1.493,18.55043
19.99,1.493,18.56536
20,1.493,18.58029
20.01,1.493,18.59522
20.01,1.493,18.59522
20.02,1.492,18.61014
20.03,1.492,18.62506
20.04,1.492,18.63998
20.05,1.492,18.6549
20.06,1.492,18.66982
20.06,1.492,18.66982
20.07,1.492,18.68474
20.08,1.493,18.69967
20.09,1.493,18.7146
20.1,1.493,18.72953
20.11,1.493,18.74446
20.11,1.493,18.74446
20.12,1.494,18.7594
20.13,1.494,18.77434
20.14,1.494,18.78928
20.15,1.494,18.80422
20.16,1.494,18.81916
20.16,1.495,18.81916
20.17,1.495,18.83411
20.18,1.495,18.84906
20.19,1.495,18.86401
20.2,1.495,18.87896
20.21,1.495,18.89391
20.21,1.495,18.89391
20.22,1.495,18.90886
20.23,1.495,18.92381
20.24,1.495,18.93876
20.25,1.495,18.95371
20.25,1.495,18.95371
20.26,1.495,18.96866
20.27,1.495,18.98361
20.28,1.495,18.99856
20.29,1.495,19.01351
20.3,1.495,19.02846
20.31,1.495,19.04341
20.31,1.495,19.04341
20.32,1.495,19.05836
20.33,1.495,19.07331
20.34,1.495,19.08826
20.35,1.495,19.10321
20.36,1.496,19.11817
20.36,1.496,19.11817
20.37,1.496,19.13313
20.38,1.497,19.1481
20.39,1.497,19.16307
20.4,1.497,19.17804
20.41,1.497,19.19301
20.41,1.497,19.19301
20.42,1.498,19.20799
20.43,1.498,19.22297
20.44,1.498,19.23795
20.45,1.498,19.25293
20.46,1.498,19.26791
20.46,1.498,19.26791
20.47,1.498,19.28289
20.48,1.498,19.29787
20.49,1.498,19.31285
20.5,1.498,19.32783
20.51,1.498,19.34281
20.51,1.498,19.34281
20.52,1.498,19.35779
20.53,1.498,19.37277
20.54,1.499,19.38776
20.55,1.499,19.40275
20.56,1.499,19.41774
20.56,1.499,19.41774
20.57,1.499,19.43273
20.58,1.499,19.44772
20.59,1.499,19.46271
20.6,1.499,19.4777
20.61,1.5,19.4927
20.61,1.5,19.4927
20.62,1.5,19.5077
20.63,1.5,19.5227
20.64,1.501,19.53771
20.65,1.501,19.55272
20.65,1.501,19.55272
20.66,1.501,19.56773
20.67,1.501,19.58274
20.68,1.501,19.59775
20.69,1.501,19.61276
20.7,1.501,19.62777
20.7,1.501,19.62777
20.71,1.501,19.64278
20.72,1.501,19.65779
20.73,1.502,19.67281
20.74,1.502,19.68783
20.75,1.502,19.70285
20.75,1.502,19.70285
20.76,1.503,19.71788
20.77,1.503,19.73291
20.78,1.503,19.74794
20.79,1.504,19.76298
20.8,1.504,19.77802
20.81,1.504,19.79306
20.81,1.504,19.79306
20.82,1.505,19.80811
20.83,1.505,19.82316
20.84,1.505,19.83821
20.85,1.505,19.85326
20.85,1.505,19.85326
20.86,1.505,19.86831
20.87,1.505,19.88336
20.88,1.505,19.89841
20.89,1.505,19.91346
20.9,1.505,19.92851
20.9,1.505,19.92851
20.91,1.505,19.94356
20.92,1.506,19.95862
20.93,1.506,19.97368
20.94,1.506,19.98874
20.95,1.507,20.00381
20.96,1.507,20.01888
20.96,1.507,20.01888
20.97,1.507,20.03395
20.98,1.507,20.04902
20.99,1.507,20.06409
21,1.507,20.07916
21.01,1.507,20.09423
21.01,1.507,20.09423
21.02,1.507,20.1093
21.03,1.507,20.12437
21.04,1.507,20.13944
21.05,1.507,20.15451
21.05,1.507,20.15451
21.06,1.507,20.16958
21.07,1.507,20.18465
21.08,1.507,20.19972
21.09,1.507,20.21479
21.1,1.507,20.22986
21.1,1.507,20.22986
21.11,1.507,20.24493
21.12,1.507,20.26
21.13,1.507,20.27507
21.14,1.507,20.29014
21.15,1.507,20.30521
21.16,1.508,20.32029
21.16,1.508,20.32029
21.17,1.508,20.33537
21.18,1.508,20.35045
21.19,1.508,20.36553
21.2,1.508,20.38061
21.21,1.508,20.39569
21.21,1.509,20.39569
21.22,1.509,20.41078
21.23,1.509,20.42587
21.24,1.509,20.44096
21.25,1.509,20.45605
21.25,1.509,20.45605
21.26,1.509,20.47114
21.27,1.51,20.48624
21.28,1.51,20.50134
21.29,1.51,20.51644
21.3,1.511,20.53155
21.3,1.511,20.53155
21.31,1.511,20.54666
21.32,1.511,20.56177
21.33,1.512,20.57689
21.34,1.512,20.59201
21.35,1.512,20.60713
21.35,1.511,20.60713
21.36,1.511,20.62224
21.37,1.512,20.63736
21.38,1.512,20.65248
21.39,1.512,20.6676
21.4,1.512,20.68272
21.41,1.512,20.69784
21.41,1.512,20.69784
21.42,1.513,20.71297
21.43,1.513,20.7281
21.44,1.513,20.74323
21.45,1.513,20.75836
21.45,1.513,20.75836
21.46,1.513,20.77349
21.47,1.513,20.78862
21.48,1.513,20.80375
21.49,1.513,20.81888
21.5,1.513,20.83401
21.5,1.513,20.83401
21.51,1.513,20.84914
21.52,1.513,20.86427
21.53,1.513,20.8794
21.54,1.514,20.89454
21.55,1.514,20.90968
21.55,1.514,20.90968
21.56,1.514,20.92482
21.57,1.514,20.93996
21.58,1.514,20.9551
21.59,1.514,20.97024
21.6,1.514,20.98538
21.6,1.514,20.98538
21.61,1.515,21.00053
21.62,1.515,21.01568
21.63,1.515,21.03083
21.64,1.515,21.04598
21.65,1.515,21.06113
21.66,1.515,21.07628
21.66,1.515,21.07628
21.67,1.515,21.09143
21.68,1.515,21.10658
21.69,1.515,21.12173
21.7,1.515,21.13688
21.7,1.516,21.13688
21.71,1.516,21.15204
21.72,1.516,21.1672
21.73,1.517,21.18237
21.74,1.517,21.19754
21.75,1.517,21.21271
21.75,1.517,21.21271
21.76,1.517,21.22788
21.77,1.517,21.24305
21.78,1.517,21.25822
21.79,1.517,21.27339
21.8,1.517,21.28856
21.8,1.517,21.28856
21.81,1.517,21.30373
21.82,1.517,21.3189
21.83,1.517,21.33407
21.84,1.517,21.34924
21.85,1.518,21.36442
21.85,1.518,21.36442
21.86,1.518,21.3796
21.87,1.519,21.39479
21.88,1.519,21.40998
21.89,1.519,21.42517
21.9,1.52,21.44037
21.9,1.519,21.44037
21.91,1.519,21.45556
21.92,1.519,21.47075
21.93,1.519,21.48594
21.94,1.519,21.50113
21.95,1.519,21.51632
21.96,1.519,21.53151
21.96,1.519,21.53151
21.97,1.52,21.54671
21.98,1.52,21.56191
21.99,1.52,21.57711
22,1.521,21.59232
22.01,1.521,21.60753
22.01,1.521,21.60753
22.02,1.521,21.62274
22.03,1.521,21.63795
22.04,1.522,21.65317
22.05,1.522,21.66839
22.05,1.522,21.66839
22.06,1.522,21.68361
22.07,1.522,21.69883
22.08,1.523,21.71406
22.09,1.523,21.72929
22.1,1.523,21.74452
22.11,1.523,21.75975
22.11,1.524,21.75975
22.12,1.524,21.77499
22.13,1.524,21.79023
22.14,1.524,21.80547
22.15,1.524,21.82071
22.15,1.524,21.82071
22.16,1.524,21.83595
22.17,1.524,21.85119
22.18,1.524,21.86643
22.19,1.524,21.88167
22.2,1.524,21.89691
22.2,1.524,21.89691
22.21,1.524,21.91215
22.22,1.524,21.92739
22.23,1.524,21.94263
22.24,1.524,21.95787
22.25,1.524,21.97311
22.25,1.524,21.97311
22.26,1.525,21.98836
22.27,1.525,22.00361
22.28,1.525,22.01886
22.29,1.525,22.03411
22.3,1.526,22.04937
22.3,1.526,22.04937
22.31,1.526,22.06463
22.32,1.526,22.07989
22.33,1.526,22.09515
22.34,1.526,22.11041
22.35,1.526,22.12567
22.35,1.527,22.12567
22.36,1.527,22.14094
22.37,1.527,22.15621
22.38,1.527,22.17148
22.39,1.527,22.18675
22.4,1.527,22.20202
22.4,1.528,22.20202
22.41,1.528,22.2173
22.42,1.528,22.23258
22.43,1.528,22.24786
22.44,1.529,22.26315
22.45,1.529,22.27844
22.45,1.529,22.27844
22.46,1.529,22.29373
22.47,1.529,22.30902
22.48,1.53,22.32432
22.49,1.53,22.33962
22.5,1.53,22.35492
22.5,1.53,22.35492
22.51,1.531,22.37023
22.52,1.531,22.38554
22.53,1.531,22.40085
22.54,1.531,22.41616
22.55,1.531,22.43147
22.55,1.531,22.43147
22.56,1.531,22.44678
22.57,1.531,22.46209
22.58,1.531,22.4774
22.59,1.532,22.49272
22.6,1.532,22.50804
22.6,1.532,22.50804
22.61,1.532,22.52336
22.62,1.532,22.53868
22.63,1.532,22.554
22.64,1.532,22.56932
22.65,1.532,22.58464
22.65,1.533,22.58464
22.66,1.533,22.59997
22.67,1.533,22.6153
22.68,1.533,22.63063
22.69,1.534,22.64597
22.7,1.534,22.66131
22.7,1.534,22.66131
22.71,1.534,22.67665
22.72,1.534,22.69199
22.73,1.534,22.70733
22.74,1.533,22.72266
22.75,1.533,22.73799
22.75,1.533,22.73799
22.76,1.533,22.75332
22.77,1.534,22.76866
22.78,1.534,22.784
22.79,1.535,22.79935
22.8,1.535,22.8147
22.8,1.535,22.8147
22.81,1.536,22.83006
22.82,1.536,22.84542
22.83,1.536,22.86078
22.84,1.536,22.87614
22.85,1.536,22.8915
22.86,1.536,22.90686
22.86,1.536,22.90686
22.87,1.536,22.92222
22.88,1.536,22.93758
22.89,1.536,22.95294
22.9,1.536,22.9683
22.9,1.536,22.9683
22.91,1.536,22.98366
22.92,1.537,22.99903
22.93,1.537,23.0144
22.94,1.537,23.02977
22.95,1.538,23.04515
22.95,1.538,23.04515
22.96,1.538,23.06053
22.97,1.538,23.07591
22.98,1.538,23.09129
22.99,1.538,23.10667
23,1.539,23.12206
23,1.539,23.12206
23.01,1.539,23.13745
23.02,1.539,23.15284
23.03,1.539,23.16823
23.04,1.539,23.18362
23.05,1.539,23.19901
23.05,1.539,23.19901
23.06,1.539,23.2144
23.07,1.539,23.22979
23.08,1.539,23.24518
23.09,1.539,23.26057
23.1,1.54,23.27597
23.1,1.54,23.27597
23.11,1.54,23.29137
23.12,1.54,23.30677
23.13,1.541,23.32218
23.14,1.541,23.33759
23.15,1.541,23.353
23.15,1.542,23.353
23.16,1.542,23.36842
23.17,1.542,23.38384
23.18,1.542,23.39926
23.19,1.543,23.41469
23.2,1.543,23.43012
23.2,1.543,23.43012
23.21,1.543,23.44555
23.22,1.543,23.46098
23.23,1.543,23.47641
23.24,1.543,23.49184
23.25,1.543,23.50727
23.25,1.543,23.50727
23.26,1.543,23.5227
23.27,1.543,23.53813
23.28,1.544,23.55357
23.29,1.544,23.56901
23.3,1.544,23.58445
23.3,1.544,23.58445
23.31,1.544,23.59989
23.32,1.544,23.61533
23.33,1.545,23.63078
23.34,1.545,23.64623
23.34,1.545,23.64623
23.35,1.545,23.66168
23.36,1.545,23.67713
23.37,1.546,23.69259
23.38,1.546,23.70805
23.39,1.546,23.72351
23.4,1.545,23.73896
23.4,1.545,23.73896
23.41,1.545,23.75441
23.42,1.545,23.76986
23.43,1.545,23.78531
23.44,1.545,23.80076
23.45,1.545,23.81621
23.45,1.545,23.81621
23.46,1.546,23.83167
23.47,1.546,23.84713
23.48,1.546,23.86259
23.49,1.546,23.87805
23.49,1.546,23.87805
23.5,1.547,23.89352
23.51,1.547,23.90899
23.52,1.547,23.92446
23.53,1.548,23.93994
23.54,1.548,23.95542
23.55,1.548,23.9709
23.55,1.549,23.9709
23.56,1.549,23.98639
23.57,1.549,24.00188
23.58,1.549,24.01737
23.59,1.549,24.03286
23.6,1.549,24.04835
23.6,1.549,24.04835
23.61,1.549,24.06384
23.62,1.549,24.07933
23.63,1.549,24.09482
23.64,1.549,24.11031
23.65,1.549,24.1258
23.65,1.549,24.1258
23.66,1.549,24.14129
23.67,1.549,24.15678
23.68,1.549,24.17227
23.69,1.549,24.18776
23.69,1.549,24.18776
23.7,1.549,24.20325
23.71,1.55,24.21875
23.72,1.55,24.23425
23.73,1.55,24.24975
23.74,1.55,24.26525
23.75,1.551,24.28076
23.75,1.551,24.28076
23.76,1.551,24.29627
23.77,1.551,24.31178
23.78,1.551,24.32729
23.79,1.551,24.3428
23.8,1.551,24.35831
23.8,1.551,24.35831
23.81,1.551,24.37382
23.82,1.552,24.38934
23.83,1.552,24.40486
23.84,1.552,24.42038
23.85,1.552,24.4359
23.85,1.552,24.4359
23.86,1.552,24.45142
23.87,1.553,24.46695
23.88,1.553,24.48248
23.89,1.553,24.49801
23.9,1.553,24.51354
23.9,1.554,24.51354
23.91,1.554,24.52908
23.92,1.554,24.54462
23.93,1.554,24.56016
23.94,1.554,24.5757
23.95,1.554,24.59124
23.95,1.554,24.59124
23.96,1.554,24.60678
23.97,1.554,24.62232
23.98,1.554,24.63786
23.99,1.554,24.6534
24,1.554,24.66894
24,1.554,24.66894
24.01,1.555,24.68449
24.02,1.555,24.70004
24.03,1.555,24.71559
24.04,1.555,24.73114
24.05,1.556,24.7467
24.05,1.556,24.7467
24.06,1.557,24.76227
24.07,1.557,24.77784
24.08,1.557,24.79341
24.09,1.558,24.80899
24.09,1.558,24.80899
24.1,1.558,24.82457
24.11,1.558,24.84015
24.12,1.558,24.85573
24.13,1.558,24.87131
24.14,1.558,24.88689
24.14,1.558,24.88689
24.15,1.558,24.90247
24.16,1.558,24.91805
24.17,1.558,24.93363
24.18,1.558,24.94921
24.19,1.558,24.96479
24.19,1.558,24.96479
24.2,1.558,24.98037
24.21,1.558,24.99595
24.22,1.559,25.01154
24.23,1.559,25.02713
24.24,1.559,25.04272
24.25,1.56,25.05832
24.25,1.56,25.05832
24.26,1.56,25.07392
24.27,1.56,25.08952
24.28,1.56,25.10512
24.29,1.56,25.12072
24.29,1.56,25.12072
24.3,1.56,25.13632
24.31,1.56,25.15192
24.32,1.56,25.16752
24.33,1.56,25.18312
24.34,1.561,25.19873
24.34,1.561,25.19873
24.35,1.561,25.21434
24.36,1.561,25.22995
24.37,1.561,25.24556
24.38,1.561,25.26117
24.39,1.561,25.27678
24.4,1.561,25.29239
24.4,1.561,25.29239
24.41,1.562,25.30801
24.42,1.562,25.32363
24.43,1.562,25.33925
24.44,1.563,25.35488
24.45,1.563,25.37051
24.45,1.563,25.37051
24.46,1.563,25.38614
24.47,1.563,25.40177
24.48,1.564,25.41741
24.49,1.564,25.43305
24.49,1.564,25.43305
24.5,1.564,25.44869
24.51,1.564,25.46433
24.52,1.564,25.47997
24.53,1.564,25.49561
24.54,1.564,25.51125
24.54,1.564,25.51125
24.55,1.563,25.52688
24.56,1.563,25.54251
24.57,1.563,25.55814
24.58,1.563,25.57377
24.59,1.563,25.5894
24.59,1.564,25.5894
24.6,1.564,25.60504
24.61,1.564,25.62068
24.62,1.564,25.63632
24.63,1.565,25.65197
24.64,1.565,25.66762
24.64,1.565,25.66762
24.65,1.565,25.68327
24.66,1.565,25.69892
24.67,1.565,25.71457
24.68,1.565,25.73022
24.69,1.565,25.74587
24.7,1.565,25.76152
24.7,1.565,25.76152
24.71,1.565,25.77717
24.72,1.565,25.79282
24.73,1.565,25.80847
24.74,1.565,25.82412
24.75,1.565,25.83977
24.75,1.565,25.83977
24.76,1.565,25.85542
24.77,1.566,25.87108
24.78,1.566,25.88674
24.79,1.566,25.9024
24.8,1.566,25.91806
24.8,1.567,25.91806
24.81,1.567,25.93373
24.82,1.567,25.9494
24.83,1.568,25.96508
24.84,1.568,25.98076
24.84,1.568,25.98076
24.85,1.568,25.99644
24.86,1.568,26.01212
24.87,1.568,26.0278
24.88,1.567,26.04347
24.89,1.567,26.05914
24.89,1.567,26.05914
24.9,1.567,26.07481
24.91,1.568,26.09049
24.92,1.568,26.10617
24.93,1.568,26.12185
24.94,1.568,26.13753
24.94,1.568,26.13753
24.95,1.568,26.15321
24.96,1.568,26.16889
24.97,1.569,26.18458
24.98,1.569,26.20027
24.99,1.569,26.21596
24.99,1.569,26.21596
25,1.57,26.23166
25.01,1.57,26.24736
25.02,1.57,26.26306
25.03,1.57,26.27876
25.04,1.57,26.29446
25.04,1.57,26.29446
25.05,1.57,26.31016
25.06,1.57,26.32586
25.07,1.57,26.34156
25.08,1.57,26.35726
25.09,1.57,26.37296
25.09,1.57,26.37296
25.1,1.57,26.38866
25.11,1.57,26.40436
25.12,1.57,26.42006
25.13,1.57,26.43576
25.14,1.57,26.45146
25.15,1.57,26.46716
25.15,1.57,26.46716
25.16,1.57,26.48286
25.17,1.57,26.49856
25.18,1.571,26.51427
25.19,1.571,26.52998
25.2,1.572,26.5457
25.2,1.572,26.5457
25.21,1.572,26.56142
25.22,1.572,26.57714
25.23,1.573,26.59287
25.24,1.573,26.6086
25.24,1.573,26.6086
25.25,1.573,26.62433
25.26,1.573,26.64006
25.27,1.573,26.65579
25.28,1.573,26.67152
25.29,1.573,26.68725
25.29,1.573,26.68725
25.3,1.573,26.70298
25.31,1.573,26.71871
25.32,1.573,26.73444
25.33,1.573,26.75017
25.33,1.573,26.75017
25.34,1.573,26.7659
25.35,1.574,26.78164
25.36,1.574,26.79738
25.37,1.574,26.81312
25.38,1.574,26.82886
25.39,1.574,26.8446
25.39,1.574,26.8446
25.4,1.574,26.86034
25.41,1.574,26.87608
25.42,1.574,26.89182
25.43,1.575,26.90757
25.44,1.575,26.92332
25.44,1.575,26.92332
25.45,1.575,26.93907
25.46,1.576,26.95483
25.47,1.576,26.97059
25.48,1.576,26.98635
25.49,1.576,27.00211
25.5,1.576,27.01787
25.5,1.576,27.01787
25.51,1.576,27.03363
25.52,1.576,27.04939
25.53,1.576,27.06515
25.54,1.576,27.08091
25.54,1.576,27.08091
25.55,1.576,27.09667
25.56,1.576,27.11243
25.57,1.577,27.1282
25.58,1.577,27.14397
25.59,1.578,27.15975
25.59,1.578,27.15975
25.6,1.578,27.17553
25.61,1.578,27.19131
25.62,1.578,27.20709
25.63,1.578,27.22287
25.64,1.578,27.23865
25.64,1.578,27.23865
25.65,1.578,27.25443
25.66,1.578,27.27021
25.67,1.578,27.28599
25.68,1.578,27.30177
25.69,1.578,27.31755
25.69,1.578,27.31755
25.7,1.578,27.33333
25.71,1.578,27.34911
25.72,1.578,27.36489
25.73,1.579,27.38068
25.74,1.579,27.39647
25.75,1.579,27.41226
25.75,1.579,27.41226
25.76,1.579,27.42805
25.77,1.58,27.44385
25.78,1.58,27.45965
25.79,1.58,27.47545
25.79,1.58,27.47545
25.8,1.58,27.49125
25.81,1.58,27.50705
25.82,1.58,27.52285
25.83,1.58,27.53865
25.84,1.58,27.55445
25.84,1.58,27.55445
25.85,1.58,27.57025
25.86,1.58,27.58605
25.87,1.581,27.60186
25.88,1.581,27.61767
25.89,1.581,27.63348
25.9,1.581,27.64929
25.9,1.582,27.64929
25.91,1.582,27.66511
25.92,1.582,27.68093
25.93,1.582,27.69675
25.94,1.582,27.71257
25.94,1.582,27.71257
25.95,1.582,27.72839
25.96,1.582,27.74421
25.97,1.582,27.76003
25.98,1.582,27.77585
25.99,1.582,27.79167
26,1.582,27.80749
26,1.582,27.80749
26.01,1.582,27.82331
26.02,1.582,27.83913
26.03,1.583,27.85496
26.04,1.583,27.87079
26.04,1.583,27.87079
26.05,1.583,27.88662
26.06,1.584,27.90246
26.07,1.584,27.9183
26.08,1.584,27.93414
26.09,1.584,27.94998
26.09,1.584,27.94998
26.1,1.583,27.96581
26.11,1.583,27.98164
26.12,1.583,27.99747
26.13,1.584,28.01331
26.14,1.584,28.02915
26.14,1.584,28.02915
26.15,1.585,28.045
26.16,1.586,28.06086
26.17,1.586,28.07672
26.18,1.586,28.09258
26.19,1.586,28.10844
26.19,1.586,28.10844
26.2,1.586,28.1243
26.21,1.586,28.14016
26.22,1.586,28.15602
26.23,1.586,28.17188
26.24,1.587,28.18775
26.24,1.587,28.18775
26.25,1.587,28.20362
26.26,1.587,28.21949
26.27,1.587,28.23536
26.28,1.588,28.25124
26.29,1.588,28.26712
26.29,1.588,28.26712
26.3,1.588,28.283
26.31,1.588,28.29888
26.32,1.588,28.31476
26.33,1.588,28.33064
26.34,1.588,28.34652
26.34,1.588,28.34652
26.35,1.588,28.3624
26.36,1.589,28.37829
26.37,1.589,28.39418
26.38,1.589,28.41007
26.39,1.59,28.42597
26.39,1.59,28.42597
26.4,1.59,28.44187
26.41,1.59,28.45777
26.42,1.591,28.47368
26.43,1.591,28.48959
26.44,1.591,28.5055
26.44,1.59,28.5055
26.45,1.59,28.5214
26.46,1.59,28.5373
26.47,1.59,28.5532
26.48,1.591,28.56911
26.49,1.591,28.58502
26.49,1.591,28.58502
26.5,1.591,28.60093
26.51,1.591,28.61684
26.52,1.592,28.63276
26.53,1.592,28.64868
26.54,1.592,28.6646
26.54,1.591,28.6646
26.55,1.591,28.68051
26.56,1.591,28.69642
26.57,1.591,28.71233
26.58,1.591,28.72824
26.59,1.591,28.74415
26.59,1.591,28.74415
26.6,1.591,28.76006
26.61,1.591,28.77597
26.62,1.592,28.79189
26.63,1.592,28.80781
26.64,1.592,28.82373
26.64,1.592,28.82373
26.65,1.592,28.83965
26.66,1.593,28.85558
26.67,1.593,28.87151
26.68,1.593,28.88744
26.69,1.593,28.90337
26.69,1.593,28.90337
26.7,1.594,28.91931
26.71,1.594,28.93525
26.72,1.594,28.95119
26.73,1.595,28.96714
26.74,1.595,28.98309
26.74,1.595,28.98309
26.75,1.595,28.99904
26.76,1.595,29.01499
26.77,1.595,29.03094
26.78,1.595,29.04689
26.79,1.595,29.06284
26.79,1.595,29.06284
26.8,1.596,29.0788
26.81,1.596,29.09476
26.82,1.596,29.11072
26.83,1.596,29.12668
26.84,1.596,29.14264
26.84,1.596,29.14264
26.85,1.597,29.15861
26.86,1.597,29.17458
26.87,1.597,29.19055
26.88,1.597,29.20652
26.88,1.598,29.20652
26.89,1.598,29.2225
26.9,1.598,29.23848
26.91,1.598,29.25446
26.92,1.598,29.27044
26.93,1.599,29.28643
26.93,1.599,29.28643
26.94,1.599,29.30242
26.95,1.599,29.31841
26.96,1.599,29.3344
26.97,1.599,29.35039
26.98,1.599,29.36638
26.99,1.599,29.38237
26.99,1.6,29.38237
27,1.6,29.39837
27.01,1.6,29.41437
27.02,1.601,29.43038
27.03,1.601,29.44639
27.03,1.601,29.44639
27.04,1.601,29.4624
27.05,1.601,29.47841
27.06,1.601,29.49442
27.07,1.602,29.51044
27.08,1.602,29.52646
27.09,1.602,29.54248
27.09,1.602,29.54248
27.1,1.603,29.55851
27.11,1.603,29.57454
27.12,1.603,29.59057
27.13,1.603,29.6066
27.14,1.603,29.62263
27.14,1.603,29.62263
27.15,1.603,29.63866
27.16,1.602,29.65468
27.17,1.602,29.6707
27.18,1.602,29.68672
27.19,1.602,29.70274
27.19,1.602,29.70274
27.2,1.602,29.71876
27.21,1.602,29.73478
27.22,1.603,29.75081
27.23,1.603,29.76684
27.23,1.604,29.76684
27.24,1.604,29.78288
27.25,1.604,29.79892
27.26,1.604,29.81496
27.27,1.604,29.831
27.28,1.604,29.84704
27.28,1.605,29.84704
27.29,1.605,29.86309
27.3,1.605,29.87914
27.31,1.605,29.89519
27.32,1.606,29.91125
27.33,1.606,29.92731
27.33,1.606,29.92731
27.34,1.607,29.94338
27.35,1.607,29.95945
27.36,1.607,29.97552
27.37,1.607,29.99159
27.38,1.608,30.00767
27.38,1.608,30.00767
27.39,1.608,30.02375
27.4,1.608,30.03983
27.41,1.608,30.05591
27.42,1.608,30.07199
27.43,1.609,30.08808
27.43,1.609,30.08808
27.44,1.609,30.10417
27.45,1.609,30.12026
27.46,1.609,30.13635
27.47,1.609,30.15244
27.48,1.609,30.16853
27.48,1.61,30.16853
27.49,1.61,30.18463
27.5,1.61,30.20073
27.51,1.61,30.21683
27.52,1.611,30.23294
27.53,1.611,30.24905
27.53,1.611,30.24905
27.54,1.612,30.26517
27.55,1.612,30.28129
27.56,1.613,30.29742
27.57,1.613,30.31355
27.58,1.613,30.32968
27.58,1.614,30.32968
27.59,1.614,30.34582
27.6,1.614,30.36196
27.61,1.614,30.3781
27.62,1.614,30.39424
27.63,1.614,30.41038
27.63,1.614,30.41038
27.64,1.614,30.42652
27.65,1.615,30.44267
27.66,1.615,30.45882
27.67,1.615,30.47497
27.68,1.615,30.49112
27.68,1.615,30.49112
27.69,1.615,30.50727
27.7,1.615,30.52342
27.71,1.616,30.53958
27.72,1.616,30.55574
27.73,1.616,30.5719
27.74,1.616,30.58806
27.74,1.616,30.58806
27.75,1.616,30.60422
27.76,1.616,30.62038
27.77,1.616,30.63654
27.78,1.617,30.65271
27.78,1.617,30.65271
27.79,1.617,30.66888
27.8,1.617,30.68505
27.81,1.618,30.70123
27.82,1.618,30.71741
27.83,1.618,30.73359
27.83,1.619,30.73359
27.84,1.619,30.74978
27.85,1.62,30.76598
27.86,1.62,30.78218
27.87,1.62,30.79838
27.88,1.62,30.81458
27.88,1.62,30.81458
27.89,1.62,30.83078
27.9,1.62,30.84698
27.91,1.62,30.86318
27.92,1.62,30.87938
27.93,1.621,30.89559
27.93,1.621,30.89559
27.94,1.621,30.9118
27.95,1.621,30.92801
27.96,1.622,30.94423
27.97,1.622,30.96045
27.98,1.622,30.97667
27.98,1.623,30.97667
27.99,1.623,30.9929
28,1.623,31.00913
28.01,1.623,31.02536
28.02,1.623,31.04159
28.03,1.623,31.05782
28.03,1.623,31.05782
28.04,1.623,31.07405
28.05,1.624,31.09029
28.06,1.624,31.10653
28.07,1.625,31.12278
28.08,1.625,31.13903
28.08,1.625,31.13903
28.09,1.625,31.15528
28.1,1.626,31.17154
28.11,1.626,31.1878
28.12,1.626,31.20406
28.12,1.626,31.20406
28.13,1.626,31.22032
28.14,1.626,31.23658
28.15,1.627,31.25285
28.16,1.627,31.26912
28.17,1.627,31.28539
28.18,1.628,31.30167
28.18,1.628,31.30167
28.19,1.629,31.31796
28.2,1.629,31.33425
28.21,1.629,31.35054
28.22,1.63,31.36684
28.23,1.63,31.38314
28.23,1.63,31.38314
28.24,1.63,31.39944
28.25,1.63,31.41574
28.26,1.63,31.43204
28.27,1.63,31.44834
28.28,1.63,31.46464
28.28,1.63,31.46464
28.29,1.63,31.48094
28.3,1.63,31.49724
28.31,1.631,31.51355
28.32,1.631,31.52986
28.33,1.631,31.54617
28.33,1.632,31.54617
28.34,1.632,31.56249
28.35,1.632,31.57881
28.36,1.633,31.59514
28.37,1.633,31.61147
28.38,1.633,31.6278
28.38,1.633,31.6278
28.39,1.633,31.64413
28.4,1.634,31.66047
28.41,1.634,31.67681
28.42,1.634,31.69315
28.43,1.634,31.70949
28.43,1.634,31.70949
28.44,1.635,31.72584
28.45,1.635,31.74219
28.46,1.635,31.75854
28.47,1.636,31.7749
28.47,1.636,31.7749
28.48,1.636,31.79126
28.49,1.636,31.80762
28.5,1.636,31.82398
28.51,1.636,31.84034
28.52,1.636,31.8567
28.53,1.637,31.87307
28.53,1.637,31.87307
28.54,1.638,31.88945
28.55,1.639,31.90584
28.56,1.64,31.92224
28.57,1.641,31.93865
28.57,1.641,31.93865
28.58,1.642,31.95507
28.59,1.642,31.97149
28.6,1.643,31.98792
28.61,1.643,32.00435
28.62,1.643,32.02078
28.63,1.643,32.03721
28.63,1.644,32.03721
28.64,1.644,32.05365
28.65,1.644,32.07009
28.66,1.644,32.08653
28.67,1.645,32.10298
28.68,1.645,32.11943
28.68,1.645,32.11943
28.69,1.646,32.13589
28.7,1.646,32.15235
28.71,1.647,32.16882
28.72,1.648,32.1853
28.72,1.648,32.1853
28.73,1.648,32.20178
28.74,1.648,32.21826
28.75,1.648,32.23474
28.76,1.648,32.25122
28.77,1.648,32.2677
28.78,1.649,32.28419
28.78,1.649,32.28419
28.79,1.649,32.30068
28.8,1.649,32.31717
28.81,1.65,32.33367
28.82,1.651,32.35018
28.83,1.651,32.36669
28.83,1.652,32.36669
28.84,1.652,32.38321
28.85,1.652,32.39973
28.86,1.653,32.41626
28.87,1.653,32.43279
28.87,1.653,32.43279
28.88,1.653,32.44932
28.89,1.653,32.46585
28.9,1.653,32.48238
28.91,1.654,32.49892
28.92,1.654,32.51546
28.93,1.654,32.532
28.93,1.655,32.532
28.94,1.655,32.54855
28.95,1.655,32.5651
28.96,1.656,32.58166
28.97,1.656,32.59822
28.97,1.656,32.59822
28.98,1.657,32.61479
28.99,1.657,32.63136
29,1.658,32.64794
29.01,1.658,32.66452
29.02,1.659,32.68111
29.02,1.659,32.68111
29.03,1.66,32.69771
29.04,1.66,32.71431
29.05,1.66,32.73091
29.06,1.661,32.74752
29.07,1.661,32.76413
29.07,1.661,32.76413
29.08,1.661,32.78074
29.09,1.661,32.79735
29.1,1.662,32.81397
29.11,1.662,32.83059
29.12,1.662,32.84721
29.12,1.663,32.84721
29.13,1.663,32.86384
29.14,1.663,32.88047
29.15,1.664,32.89711
29.16,1.664,32.91375
29.17,1.665,32.9304
29.18,1.665,32.94705
29.18,1.666,32.94705
29.19,1.666,32.96371
29.2,1.666,32.98037
29.21,1.666,32.99703
29.22,1.666,33.01369
29.22,1.667,33.01369
29.23,1.667,33.03036
29.24,1.667,33.04703
29.25,1.667,33.0637
29.26,1.668,33.08038
29.27,1.668,33.09706
29.27,1.669,33.09706
29.28,1.669,33.11375
29.29,1.67,33.13045
29.3,1.671,33.14716
29.31,1.672,33.16388
29.32,1.672,33.1806
29.32,1.673,33.1806
29.33,1.673,33.19733
29.34,1.673,33.21406
29.35,1.673,33.23079
29.36,1.673,33.24752
29.37,1.673,33.26425
29.37,1.674,33.26425
29.38,1.674,33.28099
29.39,1.675,33.29774
29.4,1.676,33.3145
29.41,1.676,33.33126
29.42,1.677,33.34803
29.42,1.677,33.34803
29.43,1.677,33.3648
29.44,1.677,33.38157
29.45,1.678,33.39835
29.46,1.678,33.41513
29.47,1.678,33.43191
29.47,1.678,33.43191
29.48,1.679,33.4487
29.49,1.679,33.46549
29.5,1.68,33.48229
29.51,1.681,33.4991
29.51,1.681,33.4991
29.52,1.681,33.51591
29.53,1.682,33.53273
29.54,1.682,33.54955
29.55,1.682,33.56637
29.56,1.682,33.58319
29.57,1.683,33.60002
29.57,1.683,33.60002
29.58,1.683,33.61685
29.59,1.683,33.63368
29.6,1.683,33.65051
29.61,1.683,33.66734
29.62,1.683,33.68417
29.62,1.683,33.68417
29.63,1.684,33.70101
29.64,1.684,33.71785
29.65,1.684,33.73469
29.66,1.685,33.75154
29.66,1.685,33.75154
29.67,1.686,33.7684
29.68,1.686,33.78526
29.69,1.686,33.80212
29.7,1.686,33.81898
29.71,1.687,33.83585
29.71,1.687,33.83585
29.72,1.687,33.85272
29.73,1.687,33.86959
29.74,1.687,33.88646
29.75,1.688,33.90334
29.76,1.688,33.92022
29.76,1.688,33.92022
29.77,1.689,33.93711
29.78,1.689,33.954
29.79,1.689,33.97089
29.8,1.69,33.98779
29.8,1.69,33.98779
29.81,1.69,34.00469
29.82,1.69,34.02159
29.83,1.691,34.0385
29.84,1.692,34.05542
29.85,1.694,34.07236
29.86,1.695,34.08931
29.86,1.696,34.08931
29.87,1.696,34.10627
29.88,1.697,34.12324
29.89,1.697,34.14021
29.9,1.698,34.15719
29.91,1.698,34.17417
29.91,1.698,34.17417
29.92,1.699,34.19116
29.93,1.699,34.20815
29.94,1.699,34.22514
29.95,1.699,34.24213
29.96,1.699,34.25912
29.96,1.7,34.25912
29.97,1.7,34.27612
29.98,1.7,34.29312
29.99,1.701,34.31013
30,1.701,34.32714
30.01,1.701,34.34415
30.01,1.702,34.34415
30.02,1.702,34.36117
30.03,1.702,34.37819
30.04,1.702,34.39521
30.05,1.702,34.41223
30.06,1.703,34.42926
30.06,1.703,34.42926
30.07,1.703,34.44629
30.08,1.703,34.46332
30.09,1.704,34.48036
30.1,1.705,34.49741
30.11,1.705,34.51446
30.11,1.706,34.51446
30.12,1.706,34.53152
30.13,1.707,34.54859
30.14,1.708,34.56567
30.15,1.709,34.58276
30.16,1.709,34.59985
30.16,1.71,34.59985
30.17,1.71,34.61695
30.18,1.71,34.63405
30.19,1.71,34.65115
30.2,1.711,34.66826
30.21,1.711,34.68537
30.21,1.711,34.68537
30.22,1.712,34.70249
30.23,1.712,34.71961
30.24,1.712,34.73673
30.25,1.713,34.75386
30.26,1.713,34.77099
30.26,1.714,34.77099
30.27,1.715,34.78814
30.28,1.715,34.80529
30.29,1.716,34.82245
30.3,1.717,34.83962
30.31,1.718,34.8568
30.31,1.719,34.8568
30.32,1.719,34.87399
30.33,1.72,34.89119
30.34,1.72,34.90839
30.35,1.72,34.92559
30.35,1.721,34.92559
30.36,1.721,34.9428
30.37,1.722,34.96002
30.38,1.722,34.97724
30.39,1.723,34.99447
30.4,1.724,35.01171
30.41,1.724,35.02895
30.41,1.724,35.02895
30.42,1.725,35.0462
30.43,1.725,35.06345
30.44,1.725,35.0807
30.45,1.726,35.09796
30.46,1.726,35.11522
30.46,1.726,35.11522
30.47,1.727,35.13249
30.48,1.728,35.14977
30.49,1.729,35.16706
30.5,1.73,35.18436
30.5,1.731,35.18436
30.51,1.731,35.20167
30.52,1.731,35.21898
30.53,1.732,35.2363
30.54,1.732,35.25362
30.55,1.732,35.27094
30.55,1.732,35.27094
30.56,1.733,35.28827
30.57,1.733,35.3056
30.58,1.733,35.32293
30.59,1.734,35.34027
30.6,1.734,35.35761
30.6,1.735,35.35761
30.61,1.735,35.37496
30.62,1.736,35.39232
30.63,1.736,35.40968
30.64,1.737,35.42705
30.65,1.737,35.44442
30.65,1.738,35.44442
30.66,1.738,35.4618
30.67,1.738,35.47918
30.68,1.739,35.49657
30.69,1.739,35.51396
30.7,1.739,35.53135
30.7,1.74,35.53135
30.71,1.741,35.54876
30.72,1.741,35.56617
30.73,1.741,35.58358
30.74,1.741,35.60099
30.75,1.742,35.61841
30.75,1.742,35.61841
30.76,1.743,35.63584
30.77,1.743,35.65327
30.78,1.744,35.67071
30.79,1.744,35.68815
30.8,1.744,35.70559
30.8,1.745,35.70559
30.81,1.746,35.72305
30.82,1.746,35.74051
30.83,1.747,35.75798
30.84,1.747,35.77545
30.84,1.748,35.77545
30.85,1.748,35.79293
30.86,1.748,35.81041
30.87,1.749,35.8279
30.88,1.749,35.84539
30.89,1.749,35.86288
30.89,1.749,35.86288
30.9,1.749,35.88037
30.91,1.749,35.89786
30.92,1.749,35.91535
30.93,1.75,35.93285
30.94,1.75,35.95035
30.95,1.751,35.96786
30.95,1.752,35.96786
30.96,1.753,35.98539
30.97,1.754,36.00293
30.98,1.756,36.02049
30.99,1.757,36.03806
31,1.757,36.05563
31,1.757,36.05563
31.01,1.757,36.0732
31.02,1.758,36.09078
31.03,1.758,36.10836
31.04,1.759,36.12595
31.05,1.759,36.14354
31.05,1.76,36.14354
31.06,1.761,36.16115
31.07,1.761,36.17876
31.08,1.761,36.19637
31.09,1.762,36.21399
31.1,1.762,36.23161
31.1,1.762,36.23161
31.11,1.763,36.24924
31.12,1.763,36.26687
31.13,1.765,36.28452
31.14,1.766,36.30218
31.14,1.767,36.30218
31.15,1.769,36.31987
31.16,1.769,36.33756
31.17,1.77,36.35526
31.18,1.77,36.37296
31.19,1.771,36.39067
31.19,1.771,36.39067
31.2,1.771,36.40838
31.21,1.772,36.4261
31.22,1.772,36.44382
31.23,1.772,36.46154
31.24,1.772,36.47926
31.24,1.772,36.47926
31.25,1.773,36.49699
31.26,1.773,36.51472
31.27,1.774,36.53246
31.28,1.774,36.5502
31.28,1.775,36.5502
31.29,1.775,36.56795
31.3,1.776,36.58571
31.31,1.776,36.60347
31.32,1.776,36.62123
31.33,1.777,36.639
31.34,1.777,36.65677
31.34,1.777,36.65677
31.35,1.777,36.67454
31.36,1.778,36.69232
31.37,1.778,36.7101
31.38,1.779,36.72789
31.38,1.779,36.72789
31.39,1.779,36.74568
31.4,1.78,36.76348
31.41,1.78,36.78128
31.42,1.781,36.79909
31.43,1.782,36.81691
31.44,1.782,36.83473
31.44,1.783,36.83473
31.45,1.783,36.85256
31.46,1.784,36.8704
31.47,1.784,36.88824
31.48,1.784,36.90608
31.49,1.784,36.92392
31.49,1.785,36.92392
31.5,1.785,36.94177
31.51,1.785,36.95962
31.52,1.786,36.97748
31.53,1.786,36.99534
31.53,1.787,36.99534
31.54,1.788,37.01322
31.55,1.79,37.03112
31.56,1.791,37.04903
31.57,1.791,37.06694
31.58,1.792,37.08486
31.58,1.793,37.08486
31.59,1.793,37.10279
31.6,1.794,37.12073
31.61,1.794,37.13867
31.62,1.794,37.15661
31.63,1.794,37.17455
31.63,1.795,37.17455
31.64,1.796,37.19251
31.65,1.797,37.21048
31.66,1.797,37.22845
31.67,1.797,37.24642
31.68,1.797,37.26439
31.68,1.797,37.26439
31.69,1.798,37.28237
31.7,1.798,37.30035
31.71,1.798,37.31833
31.72,1.799,37.33632
31.73,1.8,37.35432
31.74,1.801,37.37233
31.74,1.802,37.37233
31.75,1.804,37.39037
31.76,1.806,37.40843
31.77,1.807,37.4265
31.78,1.808,37.44458
31.78,1.808,37.44458
31.79,1.809,37.46267
31.8,1.809,37.48076
31.81,1.81,37.49886
31.82,1.811,37.51697
31.83,1.812,37.53509
31.83,1.812,37.53509
31.84,1.813,37.55322
31.85,1.814,37.57136
31.86,1.814,37.5895
31.87,1.815,37.60765
31.88,1.816,37.62581
31.88,1.817,37.62581
31.89,1.817,37.64398
31.9,1.818,37.66216
31.91,1.818,37.68034
31.92,1.819,37.69853
31.93,1.819,37.71672
31.93,1.82,37.71672
31.94,1.82,37.73492
31.95,1.82,37.75312
31.96,1.821,37.77133
31.97,1.821,37.78954
31.98,1.822,37.80776
31.98,1.822,37.80776
31.99,1.823,37.82599
32,1.825,37.84424
32.01,1.826,37.8625
32.02,1.828,37.88078
32.02,1.83,37.88078
32.03,1.831,37.89909
32.04,1.832,37.91741
32.05,1.833,37.93574
32.06,1.833,37.95407
32.07,1.833,37.9724
32.07,1.834,37.9724
32.08,1.834,37.99074
32.09,1.835,38.00909
32.1,1.835,38.02744
32.11,1.835,38.04579
32.12,1.836,38.06415
32.12,1.837,38.06415
32.13,1.837,38.08252
32.14,1.838,38.1009
32.15,1.838,38.11928
32.16,1.839,38.13767
32.17,1.839,38.15606
32.17,1.839,38.15606
32.18,1.839,38.17445
32.19,1.839,38.19284
32.2,1.84,38.21124
32.21,1.84,38.22964
32.22,1.841,38.24805
32.22,1.841,38.24805
32.23,1.841,38.26646
32.24,1.842,38.28488
32.25,1.843,38.30331
32.26,1.843,38.32174
32.27,1.844,38.34018
32.28,1.845,38.35863
32.28,1.846,38.35863
32.29,1.847,38.3771
32.3,1.848,38.39558
32.31,1.85,38.41408
32.32,1.85,38.43258
32.32,1.851,38.43258
32.33,1.851,38.45109
32.34,1.852,38.46961
32.35,1.852,38.48813
32.36,1.852,38.50665
32.37,1.853,38.52518
32.37,1.853,38.52518
32.38,1.853,38.54371
32.39,1.854,38.56225
32.4,1.854,38.58079
32.41,1.855,38.59934
32.42,1.856,38.6179
32.42,1.856,38.6179
32.43,1.857,38.63647
32.44,1.858,38.65505
32.45,1.86,38.67365
32.46,1.861,38.69226
32.47,1.862,38.71088
32.47,1.862,38.71088
32.48,1.862,38.7295
32.49,1.863,38.74813
32.5,1.863,38.76676
32.51,1.864,38.7854
32.52,1.864,38.80404
32.52,1.865,38.80404
32.53,1.866,38.8227
32.54,1.868,38.84138
32.55,1.87,38.86008
32.56,1.871,38.87879
32.57,1.872,38.89751
32.57,1.873,38.89751
32.58,1.873,38.91624
32.59,1.874,38.93498
32.6,1.874,38.95372
32.61,1.875,38.97247
32.62,1.876,38.99123
32.62,1.876,38.99123
32.63,1.878,39.01001
32.64,1.878,39.02879
32.65,1.879,39.04758
32.66,1.879,39.06637
32.66,1.88,39.06637
32.67,1.88,39.08517
32.68,1.881,39.10398
32.69,1.881,39.12279
32.7,1.882,39.14161
32.71,1.883,39.16044
32.71,1.885,39.16044
32.72,1.886,39.1793
32.73,1.887,39.19817
32.74,1.888,39.21705
32.75,1.888,39.23593
32.76,1.889,39.25482
32.77,1.89,39.27372
32.77,1.89,39.27372
32.78,1.891,39.29263
32.79,1.894,39.31157
32.8,1.896,39.33053
32.81,1.899,39.34952
32.81,1.901,39.34952
32.82,1.902,39.36854
32.83,1.903,39.38757
32.84,1.903,39.4066
32.85,1.903,39.42563
32.86,1.904,39.44467
32.86,1.905,39.44467
32.87,1.905,39.46372
32.88,1.905,39.48277
32.89,1.905,39.50182
32.9,1.906,39.52088
32.91,1.906,39.53994
32.91,1.907,39.53994
32.92,1.908,39.55902
32.93,1.909,39.57811
32.94,1.909,39.5972
32.95,1.91,39.6163
32.96,1.911,39.63541
32.96,1.912,39.63541
32.97,1.912,39.65453
32.98,1.913,39.67366
32.99,1.914,39.6928
33,1.915,39.71195
33.01,1.916,39.73111
33.01,1.918,39.73111
33.02,1.919,39.7503
33.03,1.92,39.7695
33.04,1.922,39.78872
33.05,1.924,39.80796
33.05,1.925,39.80796
33.06,1.926,39.82722
33.07,1.928,39.8465
33.08,1.929,39.86579
33.09,1.929,39.88508
33.1,1.93,39.90438
33.1,1.93,39.90438
33.11,1.93,39.92368
33.12,1.93,39.94298
33.13,1.93,39.96228
33.14,1.93,39.98158
33.15,1.93,40.00088
33.15,1.931,40.00088
33.16,1.932,40.0202
33.17,1.933,40.03953
33.18,1.934,40.05887
33.19,1.935,40.07822
33.2,1.936,40.09758
33.2,1.938,40.09758
33.21,1.939,40.11697
33.22,1.94,40.13637
33.23,1.94,40.15577
33.24,1.941,40.17518
33.25,1.942,40.1946
33.25,1.943,40.1946
33.26,1.944,40.21404
33.27,1.945,40.23349
33.28,1.945,40.25294
33.29,1.946,40.2724
33.3,1.947,40.29187
33.3,1.948,40.29187
33.31,1.948,40.31135
33.32,1.949,40.33084
33.33,1.95,40.35034
33.34,1.951,40.36985
33.34,1.951,40.36985
33.35,1.952,40.38937
33.36,1.953,40.4089
33.37,1.955,40.42845
33.38,1.956,40.44801
33.39,1.957,40.46758
33.4,1.958,40.48716
33.4,1.958,40.48716
33.41,1.959,40.50675
33.42,1.96,40.52635
33.43,1.96,40.54595
33.44,1.961,40.56556
33.45,1.961,40.58517
33.45,1.961,40.58517
33.46,1.962,40.60479
33.47,1.962,40.62441
33.48,1.963,40.64404
33.49,1.963,40.66367
33.49,1.963,40.66367
33.5,1.964,40.68331
33.51,1.965,40.70296
33.52,1.966,40.72262
33.53,1.967,40.74229
33.54,1.969,40.76198
33.54,1.971,40.76198
33.55,1.973,40.78171
33.56,1.973,40.80144
33.57,1.974,40.82118
33.58,1.976,40.84094
33.59,1.976,40.8607
33.59,1.978,40.8607
33.6,1.98,40.8805
33.61,1.981,40.90031
33.62,1.983,40.92014
33.63,1.984,40.93998
33.64,1.986,40.95984
33.65,1.987,40.97971
33.65,1.988,40.97971
33.66,1.988,40.99959
33.67,1.989,41.01948
33.68,1.99,41.03938
33.69,1.992,41.0593
33.69,1.993,41.0593
33.7,1.996,41.07926
33.71,1.997,41.09923
33.72,1.999,41.11922
33.73,2,41.13922
33.73,2.001,41.13922
33.74,2.001,41.15923
33.75,2.002,41.17925
33.76,2.002,41.19927
33.77,2.003,41.2193
33.78,2.003,41.23933
33.78,2.004,41.23933
33.79,2.005,41.25938
33.8,2.006,41.27944
33.81,2.008,41.29952
33.82,2.009,41.31961
33.83,2.01,41.33971
33.83,2.011,41.33971
33.84,2.012,41.35983
33.85,2.012,41.37995
33.86,2.013,41.40008
33.87,2.014,41.42022
33.88,2.016,41.44038
33.88,2.018,41.44038
33.89,2.019,41.46057
33.9,2.021,41.48078
33.91,2.022,41.501
33.92,2.023,41.52123
33.93,2.024,41.54147
33.93,2.025,41.54147
33.94,2.026,41.56173
33.95,2.026,41.58199
33.96,2.027,41.60226
33.97,2.029,41.62255
33.98,2.03,41.64285
33.99,2.032,41.66317
33.99,2.034,41.66317
34,2.036,41.68353
34.01,2.038,41.70391
34.02,2.04,41.72431
34.03,2.041,41.74472
34.03,2.042,41.74472
34.04,2.042,41.76514
34.05,2.042,41.78556
34.06,2.042,41.80598
34.07,2.043,41.82641
34.08,2.043,41.84684
34.08,2.043,41.84684
34.09,2.043,41.86727
34.1,2.045,41.88772
34.11,2.046,41.90818
34.12,2.047,41.92865
34.13,2.048,41.94913
34.13,2.049,41.94913
34.14,2.049,41.96962
34.15,2.05,41.99012
34.16,2.051,42.01063
34.17,2.053,42.03116
34.17,2.055,42.03116
34.18,2.057,42.05173
34.19,2.06,42.07233
34.2,2.063,42.09296
34.21,2.064,42.1136
34.22,2.065,42.13425
34.22,2.066,42.13425
34.23,2.066,42.15491
34.24,2.066,42.17557
34.25,2.066,42.19623
34.26,2.067,42.2169
34.27,2.067,42.23757
34.27,2.068,42.23757
34.28,2.069,42.25826
34.29,2.07,42.27896
34.3,2.072,42.29968
34.31,2.073,42.32041
34.32,2.074,42.34115
34.32,2.076,42.34115
34.33,2.077,42.36192
34.34,2.078,42.3827
34.35,2.079,42.40349
34.36,2.08,42.42429
34.37,2.081,42.4451
34.37,2.081,42.4451
34.38,2.081,42.46591
34.39,2.082,42.48673
34.4,2.083,42.50756
34.41,2.084,42.5284
34.42,2.086,42.54926
34.42,2.088,42.54926
34.43,2.089,42.57015
34.44,2.091,42.59106
34.45,2.092,42.61198
34.46,2.093,42.63291
34.46,2.094,42.63291
34.47,2.095,42.65386
34.48,2.096,42.67482
34.49,2.097,42.69579
34.5,2.097,42.71676
34.51,2.098,42.73774
34.51,2.098,42.73774
34.52,2.099,42.75873
34.53,2.1,42.77973
34.54,2.102,42.80075
34.55,2.104,42.82179
34.56,2.106,42.84285
34.56,2.107,42.84285
34.57,2.107,42.86392
34.58,2.108,42.885
34.59,2.108,42.90608
34.6,2.109,42.92717
34.61,2.109,42.94826
34.61,2.109,42.94826
34.62,2.109,42.96935
34.63,2.11,42.99045
34.64,2.111,43.01156
34.65,2.112,43.03268
34.66,2.113,43.05381
34.66,2.115,43.05381
34.67,2.116,43.07497
34.68,2.117,43.09614
34.69,2.118,43.11732
34.7,2.119,43.13851
34.71,2.119,43.1597
34.71,2.119,43.1597
34.72,2.119,43.18089
34.73,2.12,43.20209
34.74,2.12,43.22329
34.75,2.121,43.2445
34.75,2.123,43.2445
34.76,2.125,43.26575
34.77,2.127,43.28702
34.78,2.13,43.30832
34.79,2.132,43.32964
34.8,2.133,43.35097
34.8,2.134,43.35097
34.81,2.135,43.37232
34.82,2.135,43.39367
34.83,2.136,43.41503
34.84,2.136,43.43639
34.85,2.136,43.45775
34.85,2.136,43.45775
34.86,2.136,43.47911
34.87,2.136,43.50047
34.88,2.136,43.52183
34.89,2.136,43.54319
34.9,2.137,43.56456
34.9,2.137,43.56456
34.91,2.138,43.58594
34.92,2.138,43.60732
34.93,2.139,43.62871
34.94,2.139,43.6501
34.95,2.14,43.6715
34.95,2.141,43.6715
34.96,2.143,43.69293
34.97,2.144,43.71437
34.98,2.146,43.73583
34.99,2.147,43.7573
34.99,2.149,43.7573
35,2.15,43.7788
35.01,2.151,43.80031
35.02,2.152,43.82183
35.03,2.152,43.84335
35.04,2.153,43.86488
35.04,2.153,43.86488
35.05,2.154,43.88642
35.06,2.154,43.90796
35.07,2.155,43.92951
35.08,2.156,43.95107
35.09,2.156,43.97263
35.09,2.156,43.97263
35.1,2.157,43.9942
35.11,2.158,44.01578
35.12,2.159,44.03737
35.13,2.16,44.05897
35.14,2.161,44.08058
35.14,2.162,44.08058
35.15,2.163,44.10221
35.16,2.164,44.12385
35.17,2.164,44.14549
35.18,2.165,44.16714
35.19,2.165,44.18879
35.19,2.166,44.18879
35.2,2.166,44.21045
35.21,2.167,44.23212
35.22,2.167,44.25379
35.23,2.168,44.27547
35.23,2.168,44.27547
35.24,2.169,44.29716
35.25,2.17,44.31886
35.26,2.17,44.34056
35.27,2.17,44.36226
35.28,2.17,44.38396
35.28,2.17,44.38396
35.29,2.17,44.40566
35.3,2.171,44.42737
35.31,2.171,44.44908
35.32,2.172,44.4708
35.33,2.173,44.49253
35.33,2.173,44.49253
35.34,2.174,44.51427
35.35,2.174,44.53601
35.36,2.174,44.55775
35.37,2.175,44.5795
35.38,2.175,44.60125
35.39,2.175,44.623
35.39,2.175,44.623
35.4,2.174,44.64474
35.41,2.175,44.66649
35.42,2.176,44.68825
35.43,2.177,44.71002
35.44,2.178,44.7318
35.44,2.179,44.7318
35.45,2.18,44.7536
35.46,2.181,44.77541
35.47,2.182,44.79723
35.48,2.182,44.81905
35.48,2.182,44.81905
35.49,2.182,44.84087
35.5,2.183,44.8627
35.51,2.183,44.88453
35.52,2.184,44.90637
35.53,2.184,44.92821
35.54,2.184,44.95005
35.54,2.184,44.95005
35.55,2.185,44.9719
35.56,2.185,44.99375
35.57,2.185,45.0156
35.58,2.186,45.03746
35.58,2.187,45.03746
35.59,2.187,45.05933
35.6,2.188,45.08121
35.61,2.189,45.1031
35.62,2.19,45.125
35.63,2.19,45.1469
35.63,2.189,45.1469
35.64,2.19,45.1688
35.65,2.189,45.19069
35.66,2.189,45.21258
35.67,2.189,45.23447
35.68,2.19,45.25637
35.68,2.191,45.25637
35.69,2.192,45.27829
35.7,2.194,45.30023
35.71,2.195,45.32218
35.72,2.196,45.34414
35.72,2.196,45.34414
35.73,2.197,45.36611
35.74,2.197,45.38808
35.75,2.198,45.41006
35.76,2.198,45.43204
35.77,2.198,45.45402
35.78,2.198,45.476
35.78,2.199,45.476
35.79,2.199,45.49799
35.8,2.199,45.51998
35.81,2.199,45.54197
35.82,2.199,45.56396
35.82,2.199,45.56396
35.83,2.199,45.58595
35.84,2.2,45.60795
35.85,2.2,45.62995
35.86,2.2,45.65195
35.87,2.201,45.67396
35.87,2.201,45.67396
35.88,2.202,45.69598
35.89,2.202,45.718
35.9,2.203,45.74003
35.91,2.203,45.76206
35.92,2.203,45.78409
35.93,2.203,45.80612
35.93,2.203,45.80612
35.94,2.203,45.82815
35.95,2.202,45.85017
35.96,2.202,45.87219
35.97,2.202,45.89421
35.98,2.202,45.91623
35.98,2.203,45.91623
35.99,2.203,45.93826
36,2.204,45.9603
36.01,2.204,45.98234
36.02,2.205,46.00439
36.03,2.205,46.02644
36.03,2.205,46.02644
36.04,2.206,46.0485
36.05,2.206,46.07056
36.06,2.206,46.09262
36.07,2.206,46.11468
36.08,2.206,46.13674
36.08,2.205,46.13674
36.09,2.205,46.15879
36.1,2.205,46.18084
36.11,2.206,46.2029
36.12,2.206,46.22496
36.13,2.206,46.24702
36.13,2.206,46.24702
36.14,2.206,46.26908
36.15,2.206,46.29114
36.16,2.206,46.3132
36.17,2.206,46.33526
36.18,2.206,46.35732
36.18,2.206,46.35732
36.19,2.206,46.37938
36.2,2.205,46.40143
36.21,2.205,46.42348
36.22,2.205,46.44553
36.22,2.205,46.44553
36.23,2.204,46.46757
36.24,2.204,46.48961
36.25,2.204,46.51165
36.26,2.204,46.53369
36.27,2.204,46.55573
36.27,2.204,46.55573
36.28,2.204,46.57777
36.29,2.204,46.59981
36.3,2.204,46.62185
36.31,2.204,46.64389
36.32,2.204,46.66593
36.33,2.203,46.68796
36.33,2.203,46.68796
36.34,2.203,46.70999
36.35,2.204,46.73203
36.36,2.204,46.75407
36.37,2.204,46.77611
36.38,2.204,46.79815
36.38,2.204,46.79815
36.39,2.204,46.82019
36.4,2.204,46.84223
36.41,2.205,46.86428
36.42,2.205,46.88633
36.43,2.206,46.90839
36.43,2.206,46.90839
36.44,2.207,46.93046
36.45,2.207,46.95253
36.46,2.207,46.9746
36.47,2.207,46.99667
36.47,2.207,46.99667
36.48,2.207,47.01874
36.49,2.207,47.04081
36.5,2.207,47.06288
36.51,2.206,47.08494
36.52,2.206,47.107
36.52,2.205,47.107
36.53,2.205,47.12905
36.54,2.205,47.1511
36.55,2.205,47.17315
36.56,2.205,47.1952
36.57,2.205,47.21725
36.58,2.205,47.2393
36.58,2.205,47.2393
36.59,2.205,47.26135
36.6,2.205,47.2834
36.61,2.205,47.30545
36.62,2.204,47.32749
36.63,2.204,47.34953
36.63,2.205,47.34953
36.64,2.205,47.37158
36.65,2.205,47.39363
36.66,2.205,47.41568
36.67,2.205,47.43773
36.68,2.206,47.45979
36.68,2.206,47.45979
36.69,2.206,47.48185
36.7,2.206,47.50391
36.71,2.205,47.52596
36.72,2.205,47.54801
36.73,2.204,47.57005
36.73,2.204,47.57005
36.74,2.204,47.59209
36.75,2.204,47.61413
36.76,2.204,47.63617
36.77,2.204,47.65821
36.78,2.204,47.68025
36.78,2.204,47.68025
36.79,2.205,47.7023
36.8,2.205,47.72435
36.81,2.205,47.7464
36.82,2.205,47.76845
36.83,2.205,47.7905
36.83,2.205,47.7905
36.84,2.205,47.81255
36.85,2.205,47.8346
36.86,2.205,47.85665
36.87,2.205,47.8787
36.88,2.205,47.90075
36.88,2.205,47.90075
36.89,2.205,47.9228
36.9,2.205,47.94485
36.91,2.205,47.9669
36.92,2.205,47.98895
36.93,2.206,48.01101
36.93,2.206,48.01101
36.94,2.206,48.03307
36.95,2.206,48.05513
36.96,2.206,48.07719
36.97,2.206,48.09925
36.98,2.206,48.12131
36.98,2.206,48.12131
36.99,2.206,48.14337
37,2.207,48.16544
37.01,2.207,48.18751
37.02,2.207,48.20958
37.03,2.208,48.23166
37.03,2.209,48.23166
37.04,2.209,48.25375
37.05,2.209,48.27584
37.06,2.21,48.29794
37.07,2.21,48.32004
37.08,2.21,48.34214
37.08,2.21,48.34214
37.09,2.211,48.36425
37.1,2.211,48.38636
37.11,2.211,48.40847
37.12,2.211,48.43058
37.13,2.211,48.45269
37.14,2.212,48.47481
37.14,2.212,48.47481
37.15,2.213,48.49694
37.16,2.213,48.51907
37.17,2.213,48.5412
37.17,2.214,48.5412
37.18,2.214,48.56334
37.19,2.215,48.58549
37.2,2.216,48.60765
37.21,2.216,48.62981
37.22,2.217,48.65198
37.23,2.217,48.67415
37.23,2.218,48.67415
37.24,2.218,48.69633
37.25,2.219,48.71852
37.26,2.219,48.74071
37.27,2.219,48.7629
37.28,2.219,48.78509
37.28,2.22,48.78509
37.29,2.22,48.80729
37.3,2.221,48.8295
37.31,2.221,48.85171
37.32,2.222,48.87393
37.33,2.222,48.89615
37.33,2.223,48.89615
37.34,2.223,48.91838
37.35,2.224,48.94062
37.36,2.224,48.96286
37.37,2.225,48.98511
37.38,2.226,49.00737
37.38,2.227,49.00737
37.39,2.228,49.02965
37.4,2.229,49.05194
37.41,2.23,49.07424
37.42,2.231,49.09655
37.43,2.233,49.11888
37.43,2.235,49.11888
37.44,2.237,49.14125
37.45,2.238,49.16363
37.46,2.238,49.18601
37.47,2.238,49.20839
37.48,2.238,49.23077
37.48,2.238,49.23077
37.49,2.238,49.25315
37.5,2.238,49.27553
37.51,2.238,49.29791
37.52,2.239,49.3203
37.53,2.241,49.34271
37.53,2.243,49.34271
37.54,2.245,49.36516
37.55,2.247,49.38763
37.56,2.248,49.41011
37.57,2.25,49.43261
37.58,2.251,49.45512
37.58,2.251,49.45512
37.59,2.252,49.47764
37.6,2.252,49.50016
37.61,2.253,49.52269
37.62,2.254,49.54523
37.63,2.254,49.56777
37.63,2.254,49.56777
37.64,2.255,49.59032
37.65,2.256,49.61288
37.66,2.257,49.63545
37.67,2.258,49.65803
37.68,2.258,49.68061
37.68,2.26,49.68061
37.69,2.261,49.70322
37.7,2.263,49.72585
37.71,2.264,49.74849
37.72,2.266,49.77115
37.72,2.268,49.77115
37.73,2.269,49.79384
37.74,2.271,49.81655
37.75,2.271,49.83926
37.76,2.272,49.86198
37.77,2.273,49.88471
37.78,2.275,49.90746
37.78,2.276,49.90746
37.79,2.278,49.93024
37.8,2.279,49.95303
37.81,2.279,49.97582
37.82,2.28,49.99862
37.82,2.28,49.99862
37.83,2.281,50.02143
37.84,2.281,50.04424
37.85,2.282,50.06706
37.86,2.282,50.08988
37.86,2.283,50.08988
37.87,2.284,50.11272
37.88,2.286,50.13558
37.89,2.287,50.15845
37.9,2.289,50.18134
37.91,2.29,50.20424
37.91,2.291,50.20424
37.92,2.291,50.22715
37.93,2.292,50.25007
37.94,2.292,50.27299
37.95,2.293,50.29592
37.96,2.293,50.31885
37.96,2.294,50.31885
37.97,2.294,50.34179
37.98,2.294,50.36473
37.99,2.294,50.38767
38,2.295,50.41062
38.01,2.296,50.43358
38.02,2.297,50.45655
38.02,2.3,50.45655
38.03,2.301,50.47956
38.04,2.303,50.50259
38.05,2.304,50.52563
38.06,2.304,50.54867
38.06,2.304,50.54867
38.07,2.304,50.57171
38.08,2.304,50.59475
38.09,2.305,50.6178
38.1,2.305,50.64085
38.11,2.306,50.66391
38.11,2.308,50.66391
38.12,2.309,50.687
38.13,2.31,50.7101
38.14,2.311,50.73321
38.15,2.312,50.75633
38.16,2.312,50.77945
38.16,2.313,50.77945
38.17,2.314,50.80259
38.18,2.314,50.82573
38.19,2.315,50.84888
38.2,2.315,50.87203
38.21,2.316,50.89519
38.21,2.317,50.89519
38.22,2.317,50.91836
38.23,2.318,50.94154
38.24,2.318,50.96472
38.25,2.319,50.98791
38.26,2.319,51.0111
38.26,2.32,51.0111
38.27,2.321,51.03431
38.28,2.321,51.05752
38.29,2.322,51.08074
38.3,2.322,51.10396
38.31,2.323,51.12719
38.31,2.323,51.12719
38.32,2.323,51.15042
38.33,2.324,51.17366
38.34,2.324,51.1969
38.35,2.325,51.22015
38.36,2.325,51.2434
38.36,2.326,51.2434
38.37,2.328,51.26668
38.38,2.329,51.28997
38.39,2.331,51.31328
38.4,2.331,51.33659
38.4,2.332,51.33659
38.41,2.332,51.35991
38.42,2.332,51.38323
38.43,2.333,51.40656
38.44,2.333,51.42989
38.45,2.333,51.45322
38.45,2.334,51.45322
38.46,2.335,51.47657
38.47,2.336,51.49993
38.48,2.337,51.5233
38.49,2.338,51.54668
38.5,2.34,51.57008
38.51,2.341,51.59349
38.51,2.342,51.59349
38.52,2.342,51.61691
38.53,2.343,51.64034
38.54,2.343,51.66377
38.55,2.343,51.6872
38.55,2.343,51.6872
38.56,2.343,51.71063
38.57,2.343,51.73406
38.58,2.343,51.75749
38.59,2.344,51.78093
38.6,2.345,51.80438
38.61,2.346,51.82784
38.61,2.347,51.82784
38.62,2.348,51.85132
38.63,2.349,51.87481
38.64,2.35,51.89831
38.65,2.351,51.92182
38.65,2.351,51.92182
38.66,2.352,51.94534
38.67,2.353,51.96887
38.68,2.354,51.99241
38.69,2.355,52.01596
38.7,2.355,52.03951
38.7,2.356,52.03951
38.71,2.356,52.06307
38.72,2.356,52.08663
38.73,2.356,52.11019
38.74,2.355,52.13374
38.75,2.356,52.1573
38.75,2.356,52.1573
38.76,2.357,52.18087
38.77,2.357,52.20444
38.78,2.357,52.22801
38.79,2.357,52.25158
38.8,2.358,52.27516
38.8,2.358,52.27516
38.81,2.358,52.29874
38.82,2.358,52.32232
38.83,2.359,52.34591
38.84,2.36,52.36951
38.85,2.361,52.39312
38.85,2.362,52.39312
38.86,2.363,52.41675
38.87,2.364,52.44039
38.88,2.365,52.46404
38.89,2.365,52.48769
38.89,2.366,52.48769
38.9,2.366,52.51135
38.91,2.366,52.53501
38.92,2.366,52.55867
38.93,2.366,52.58233
38.94,2.366,52.60599
38.94,2.367,52.60599
38.95,2.367,52.62966
38.96,2.368,52.65334
38.97,2.368,52.67702
38.98,2.368,52.7007
38.99,2.369,52.72439
38.99,2.369,52.72439
39,2.369,52.74808
39.01,2.369,52.77177
39.02,2.369,52.79546
39.03,2.369,52.81915
39.03,2.37,52.81915
39.04,2.37,52.84285
39.05,2.371,52.86656
39.06,2.371,52.89027
39.07,2.372,52.91399
39.08,2.373,52.93772
39.09,2.374,52.96146
39.09,2.375,52.96146
39.1,2.376,52.98522
39.11,2.376,53.00898
39.12,2.377,53.03275
39.13,2.377,53.05652
39.14,2.377,53.08029
39.14,2.377,53.08029
39.15,2.377,53.10406
39.16,2.377,53.12783
39.17,2.378,53.15161
39.18,2.379,53.1754
39.19,2.38,53.1992
39.19,2.382,53.1992
39.2,2.382,53.22302
39.21,2.383,53.24685
39.22,2.384,53.27069
39.23,2.385,53.29454
39.23,2.386,53.29454
39.24,2.387,53.31841
39.25,2.388,53.34229
39.26,2.389,53.36618
39.27,2.39,53.39008
39.28,2.392,53.414
39.29,2.393,53.43793
39.29,2.393,53.43793
39.3,2.394,53.46187
39.31,2.395,53.48582
39.32,2.396,53.50978
39.33,2.396,53.53374
39.33,2.397,53.53374
39.34,2.399,53.55773
39.35,2.401,53.58174
39.36,2.404,53.60578
39.37,2.407,53.62985
39.38,2.409,53.65394
39.39,2.41,53.67804
39.39,2.412,53.67804
39.4,2.413,53.70217
39.41,2.414,53.72631
39.42,2.415,53.75046
39.43,2.416,53.77462
39.43,2.417,53.77462
39.44,2.418,53.7988
39.45,2.419,53.82299
39.46,2.421,53.8472
39.47,2.424,53.87144
39.48,2.426,53.8957
39.48,2.428,53.8957
39.49,2.429,53.91999
39.5,2.431,53.9443
39.51,2.432,53.96862
39.52,2.433,53.99295
39.53,2.434,54.01729
39.53,2.435,54.01729
39.54,2.435,54.04164
39.55,2.436,54.066
39.56,2.437,54.09037
39.57,2.438,54.11475
39.58,2.439,54.13914
39.58,2.441,54.13914
39.59,2.442,54.16356
39.6,2.444,54.188
39.61,2.445,54.21245
39.62,2.446,54.23691
39.63,2.448,54.26139
39.63,2.45,54.26139
39.64,2.451,54.2859
39.65,2.453,54.31043
39.66,2.455,54.33498
39.67,2.458,54.35956
39.68,2.46,54.38416
39.68,2.463,54.38416
39.69,2.465,54.40881
39.7,2.467,54.43348
39.71,2.47,54.45818
39.72,2.473,54.48291
39.73,2.477,54.50768
39.73,2.48,54.50768
39.74,2.483,54.53251
39.75,2.484,54.55735
39.76,2.486,54.58221
39.77,2.488,54.60709
39.77,2.489,54.60709
39.78,2.49,54.63199
39.79,2.491,54.6569
39.8,2.492,54.68182
39.81,2.493,54.70675
39.82,2.496,54.73171
39.82,2.498,54.73171
39.83,2.501,54.75672
39.84,2.504,54.78176
39.85,2.507,54.80683
39.86,2.511,54.83194
39.87,2.515,54.85709
39.87,2.518,54.85709
39.88,2.521,54.8823
39.89,2.523,54.90753
39.9,2.524,54.93277
39.91,2.525,54.95802
39.91,2.526,54.95802
39.92,2.528,54.9833
39.93,2.529,55.00859
39.94,2.531,55.0339
39.95,2.533,55.05923
39.96,2.535,55.08458
39.96,2.537,55.08458
39.97,2.54,55.10998
39.98,2.543,55.13541
39.99,2.545,55.16086
40,2.547,55.18633
40.01,2.549,55.21182
40.01,2.551,55.21182
40.02,2.553,55.23735
40.03,2.556,55.26291
40.04,2.559,55.2885
40.05,2.562,55.31412
40.06,2.565,55.33977
40.06,2.568,55.33977
40.07,2.57,55.36547
40.08,2.572,55.39119
40.09,2.573,55.41692
40.1,2.574,55.44266
40.11,2.576,55.46842
40.11,2.577,55.46842
40.12,2.579,55.49421
40.13,2.58,55.52001
40.14,2.582,55.54583
40.15,2.584,55.57167
40.15,2.585,55.57167
40.16,2.587,55.59754
40.17,2.589,55.62343
40.18,2.592,55.64935
40.19,2.595,55.6753
40.2,2.598,55.70128
40.2,2.603,55.70128
40.21,2.607,55.72735
40.22,2.611,55.75346
40.23,2.613,55.77959
40.24,2.616,55.80575
40.24,2.617,55.80575
40.25,2.618,55.83193
40.26,2.618,55.85811
40.27,2.62,55.88431
40.28,2.621,55.91052
40.29,2.622,55.93674
40.29,2.624,55.93674
40.3,2.627,55.96301
40.31,2.631,55.98932
40.32,2.637,56.01569
40.33,2.643,56.04212
40.34,2.649,56.06861
40.35,2.654,56.09515
40.35,2.657,56.09515
40.36,2.662,56.12177
40.37,2.666,56.14843
40.38,2.669,56.17512
40.39,2.672,56.20184
40.39,2.674,56.20184
40.4,2.676,56.2286
40.41,2.678,56.25538
40.42,2.68,56.28218
40.43,2.683,56.30901
40.43,2.686,56.30901
40.44,2.688,56.33589
40.45,2.69,56.36279
40.46,2.693,56.38972
40.47,2.696,56.41668
40.48,2.698,56.44366
40.48,2.7,56.44366
40.49,2.702,56.47068
40.5,2.703,56.49771
40.51,2.705,56.52476
40.52,2.707,56.55183
40.52,2.709,56.55183
40.53,2.712,56.57895
40.54,2.715,56.6061
40.55,2.719,56.63329
40.56,2.722,56.66051
40.57,2.726,56.68777
40.58,2.729,56.71506
40.58,2.732,56.71506
40.59,2.734,56.7424
40.6,2.736,56.76976
40.61,2.737,56.79713
40.61,2.738,56.79713
40.62,2.739,56.82452
40.63,2.742,56.85194
40.64,2.745,56.87939
40.65,2.749,56.90688
40.66,2.753,56.93441
40.66,2.756,56.93441
40.67,2.759,56.962
40.68,2.761,56.98961
40.69,2.763,57.01724
40.7,2.765,57.04489
40.71,2.767,57.07256
40.71,2.77,57.07256
40.72,2.773,57.10029
40.73,2.778,57.12807
40.74,2.782,57.15589
40.75,2.786,57.18375
40.76,2.79,57.21165
40.76,2.793,57.21165
40.77,2.796,57.23961
40.78,2.797,57.26758
40.79,2.798,57.29556
40.8,2.799,57.32355
40.8,2.802,57.32355
40.81,2.805,57.3516
40.82,2.808,57.37968
40.83,2.812,57.4078
40.84,2.816,57.43596
40.85,2.822,57.46418
40.85,2.829,57.46418
40.86,2.834,57.49252
40.87,2.838,57.5209
40.88,2.841,57.54931
40.89,2.842,57.57773
40.89,2.845,57.57773
40.9,2.848,57.60621
40.91,2.85,57.63471
40.92,2.852,57.66323
40.93,2.854,57.69177
40.94,2.856,57.72033
40.94,2.861,57.72033
40.95,2.865,57.74898
40.96,2.868,57.77766
40.97,2.871,57.80637
40.98,2.874,57.83511
40.99,2.877,57.86388
40.99,2.881,57.86388
41,2.885,57.89273
41.01,2.887,57.9216
41.02,2.891,57.95051
41.03,2.894,57.97945
41.03,2.898,57.97945
41.04,2.903,58.00848
41.05,2.907,58.03755
41.06,2.91,58.06665
41.07,2.913,58.09578
41.08,2.916,58.12494
41.08,2.919,58.12494
41.09,2.923,58.15417
41.1,2.925,58.18342
41.11,2.928,58.2127
41.12,2.93,58.242
41.12,2.933,58.242
41.13,2.936,58.27136
41.14,2.939,58.30075
41.15,2.942,58.33017
41.16,2.947,58.35964
41.17,2.951,58.38915
41.17,2.956,58.38915
41.18,2.963,58.41878
41.19,2.966,58.44844
41.2,2.971,58.47815
41.21,2.973,58.50788
41.22,2.975,58.53763
41.22,2.977,58.53763
41.23,2.979,58.56742
41.24,2.981,58.59723
41.25,2.984,58.62707
41.26,2.987,58.65694
41.27,2.991,58.68685
41.27,2.996,58.68685
41.28,3,58.71685
41.29,3.004,58.74689
41.3,3.007,58.77696
41.31,3.011,58.80707
41.31,3.014,58.80707
41.32,3.017,58.83724
41.33,3.021,58.86745
41.34,3.026,58.89771
41.35,3.032,58.92803
41.35,3.037,58.92803
41.36,3.042,58.95845
41.37,3.047,58.98892
41.38,3.052,59.01944
41.39,3.057,59.05001
41.4,3.06,59.08061
41.4,3.064,59.08061
41.41,3.066,59.11127
41.42,3.069,59.14196
41.43,3.072,59.17268
41.44,3.075,59.20343
41.44,3.077,59.20343
41.45,3.08,59.23423
41.46,3.084,59.26507
41.47,3.09,59.29597
41.48,3.095,59.32692
41.49,3.101,59.35793
41.49,3.105,59.35793
41.5,3.108,59.38901
41.51,3.111,59.42012
41.52,3.114,59.45126
41.53,3.117,59.48243
41.53,3.121,59.48243
41.54,3.124,59.51367
41.55,3.127,59.54494
41.56,3.133,59.57627
41.57,3.14,59.60767
41.57,3.147,59.60767
41.58,3.152,59.63919
41.59,3.155,59.67074
41.6,3.158,59.70232
41.61,3.161,59.73393
41.62,3.165,59.76558
41.62,3.168,59.76558
41.63,3.173,59.79731
41.64,3.177,59.82908
41.65,3.181,59.86089
41.66,3.186,59.89275
41.66,3.19,59.89275
41.67,3.194,59.92469
41.68,3.196,59.95665
41.69,3.199,59.98864
41.7,3.201,60.02065
41.71,3.204,60.05269
41.71,3.208,60.05269
41.72,3.213,60.08482
41.73,3.219,60.11701
41.74,3.226,60.14927
41.75,3.233,60.1816
41.75,3.24,60.1816
41.76,3.247,60.21407
41.77,3.251,60.24658
41.78,3.255,60.27913
41.79,3.258,60.31171
41.8,3.261,60.34432
41.8,3.264,60.34432
41.81,3.267,60.37699
41.82,3.273,60.40972
41.83,3.28,60.44252
41.84,3.286,60.47538
41.84,3.294,60.47538
41.85,3.301,60.50839
41.86,3.308,60.54147
41.87,3.313,60.5746
41.88,3.316,60.60776
41.89,3.319,60.64095
41.89,3.322,60.64095
41.9,3.324,60.67419
41.91,3.328,60.70747
41.92,3.332,60.74079
41.93,3.335,60.77414
41.93,3.338,60.77414
41.94,3.342,60.80756
41.95,3.348,60.84104
41.96,3.353,60.87457
41.97,3.359,60.90816
41.98,3.366,60.94182
41.98,3.371,60.94182
41.99,3.377,60.97559
42,3.382,61.00941
42.01,3.387,61.04328
42.02,3.392,61.0772
42.02,3.397,61.0772
42.03,3.402,61.11122
42.04,3.408,61.1453
42.05,3.413,61.17943
42.06,3.419,61.21362
42.06,3.424,61.21362
42.07,3.428,61.2479
42.08,3.434,61.28224
42.09,3.439,61.31663
42.1,3.443,61.35106
42.11,3.446,61.38552
42.11,3.451,61.38552
42.12,3.456,61.42008
42.13,3.461,61.45469
42.14,3.465,61.48934
42.15,3.468,61.52402
42.15,3.476,61.52402
42.16,3.484,61.55886
42.17,3.49,61.59376
42.18,3.495,61.62871
42.19,3.5,61.66371
42.19,3.507,61.66371
42.2,3.512,61.69883
42.21,3.517,61.734
42.22,3.522,61.76922
42.23,3.526,61.80448
42.23,3.53,61.80448
42.24,3.536,61.83984
42.25,3.543,61.87527
42.26,3.545,61.91072
42.27,3.546,61.94618
42.28,3.549,61.98167
42.28,3.553,61.98167
42.29,3.559,62.01726
42.3,3.567,62.05293
42.31,3.572,62.08865
42.32,3.58,62.12445
42.33,3.589,62.16034
42.33,3.602,62.16034
42.34,3.61,62.19644
42.35,3.613,62.23257
42.36,3.617,62.26874
42.36,3.621,62.26874
42.37,3.625,62.30499
42.38,3.63,62.34129
42.39,3.635,62.37764
42.4,3.638,62.41402
42.41,3.643,62.45045
42.41,3.649,62.45045
42.42,3.655,62.487
42.43,3.66,62.5236
42.44,3.665,62.56025
42.45,3.673,62.59698
42.45,3.681,62.59698
42.46,3.687,62.63385
42.47,3.694,62.67079
42.48,3.703,62.70782
42.49,3.712,62.74494
42.49,3.719,62.74494
42.5,3.725,62.78219
42.51,3.732,62.81951
42.52,3.736,62.85687
42.53,3.738,62.89425
42.54,3.743,62.93168
42.54,3.748,62.93168
42.55,3.754,62.96922
42.56,3.76,63.00682
42.57,3.767,63.04449
42.58,3.77,63.08219
42.58,3.775,63.08219
42.59,3.781,63.12
42.6,3.79,63.1579
42.61,3.798,63.19588
42.62,3.807,63.23395
42.62,3.813,63.23395
42.63,3.818,63.27213
42.64,3.827,63.3104
42.65,3.835,63.34875
42.66,3.841,63.38716
42.66,3.849,63.38716
42.67,3.852,63.42568
42.68,3.854,63.46422
42.69,3.859,63.50281
42.7,3.864,63.54145
42.71,3.87,63.58015
42.71,3.881,63.58015
42.72,3.887,63.61902
42.73,3.897,63.65799
42.74,3.906,63.69705
42.75,3.916,63.73621
42.75,3.926,63.73621
42.76,3.931,63.77552
42.77,3.933,63.81485
42.78,3.937,63.85422
42.79,3.947,63.89369
42.79,3.954,63.89369
42.8,3.961,63.9333
42.81,3.964,63.97294
42.82,3.972,64.01266
42.83,3.979,64.05245
42.83,3.991,64.05245
42.84,3.996,64.09241
42.85,4.005,64.13246
42.86,4.011,64.17257
42.87,4.018,64.21275
42.87,4.027,64.21275
42.88,4.037,64.25312
42.89,4.043,64.29355
42.9,4.046,64.33401
42.91,4.049,64.3745
42.91,4.053,64.3745
42.92,4.063,64.41513
42.93,4.067,64.4558
42.94,4.075,64.49655
42.95,4.088,64.53743
42.96,4.093,64.57836
42.96,4.103,64.57836
42.97,4.115,64.61951
42.98,4.122,64.66073
42.99,4.132,64.70205
43,4.139,64.74344
43,4.148,64.74344
43.01,4.158,64.78502
43.02,4.163,64.82665
43.03,4.171,64.86836
43.04,4.181,64.91017
43.04,4.186,64.91017
43.05,4.192,64.95209
43.06,4.197,64.99406
43.07,4.201,65.03607
43.08,4.203,65.0781
43.08,4.209,65.0781
43.09,4.214,65.12024
43.1,4.223,65.16247
43.11,4.233,65.2048
43.12,4.245,65.24725
43.13,4.258,65.28983
43.13,4.269,65.28983
43.14,4.277,65.3326
43.15,4.289,65.37549
43.16,4.296,65.41845
43.16,4.303,65.41845
43.17,4.308,65.46153
43.18,4.312,65.50465
43.19,4.321,65.54786
43.2,4.33,65.59116
43.21,4.341,65.63457
43.21,4.348,65.63457
43.22,4.356,65.67813
43.23,4.366,65.72179
43.24,4.377,65.76556
43.24,4.384,65.76556
43.25,4.391,65.80947
43.26,4.399,65.85346
43.27,4.409,65.89755
43.28,4.418,65.94173
43.28,4.427,65.94173
43.29,4.436,65.98609
43.3,4.442,66.03051
43.31,4.448,66.07499
43.32,4.453,66.11952
43.32,4.463,66.11952
43.33,4.473,66.16425
43.34,4.477,66.20902
43.35,4.485,66.25387
43.36,4.497,66.29884
43.37,4.51,66.34394
43.37,4.525,66.34394
43.38,4.539,66.38933
43.39,4.55,66.43483
43.4,4.559,66.48042
43.41,4.565,66.52607
43.41,4.573,66.52607
43.42,4.578,66.57185
43.43,4.585,66.6177
43.44,4.59,66.6636
43.44,4.596,66.6636
43.45,4.609,66.70969
43.46,4.616,66.75585
43.47,4.624,66.80209
43.48,4.634,66.84843
43.48,4.647,66.84843
43.49,4.659,66.89502
43.5,4.67,66.94172
43.51,4.682,66.98854
43.52,4.697,67.03551
43.53,4.708,67.08259
43.53,4.716,67.08259
43.54,4.727,67.12986
43.55,4.733,67.17719
43.56,4.742,67.22461
43.57,4.75,67.27211
43.57,4.763,67.27211
43.58,4.772,67.31983
43.59,4.781,67.36764
43.6,4.788,67.41552
43.61,4.8,67.46352
43.61,4.809,67.46352
43.62,4.821,67.51173
43.63,4.828,67.56001
43.64,4.837,67.60838
43.65,4.852,67.6569
43.65,4.862,67.6569
43.66,4.875,67.70565
43.67,4.884,67.75449
43.68,4.891,67.8034
43.68,4.898,67.8034
43.69,4.905,67.85245
43.7,4.916,67.90161
43.71,4.927,67.95088
43.72,4.935,68.00023
43.72,4.946,68.00023
43.73,4.958,68.04981
43.74,4.973,68.09954
43.75,4.985,68.14939
43.76,4.996,68.19935
43.76,5.009,68.19935
43.77,5.018,68.24953
43.78,5.03,68.29983
43.79,5.045,68.35028
43.8,5.058,68.40086
43.8,5.069,68.40086
43.81,5.078,68.45164
43.82,5.089,68.50253
43.83,5.1,68.55353
43.84,5.111,68.60464
43.84,5.123,68.60464
43.85,5.139,68.65603
43.86,5.152,68.70755
43.87,5.164,68.75919
43.87,5.174,68.75919
43.88,5.188,68.81107
43.89,5.198,68.86305
43.9,5.205,68.9151
43.91,5.213,68.96723
43.91,5.218,68.96723
43.92,5.227,69.0195
43.93,5.238,69.07188
43.94,5.254,69.12442
43.95,5.27,69.17712
43.95,5.28,69.17712
43.96,5.289,69.23001
43.97,5.301,69.28302
43.98,5.314,69.33616
43.98,5.329,69.33616
43.99,5.34,69.38956
44,5.352,69.44308
44.01,5.366,69.49674
44.02,5.382,69.55056
44.03,5.395,69.60451
44.03,5.411,69.60451
44.04,5.423,69.65874
44.05,5.437,69.71311
44.06,5.452,69.76763
44.06,5.463,69.76763
44.07,5.474,69.82237
44.08,5.486,69.87723
44.09,5.497,69.9322
44.1,5.509,69.98729
44.1,5.525,69.98729
44.11,5.539,70.04268
44.12,5.549,70.09817
44.13,5.559,70.15376
44.13,5.572,70.15376
44.14,5.58,70.20956
44.15,5.598,70.26554
44.16,5.61,70.32164
44.17,5.621,70.37785
44.17,5.637,70.37785
44.18,5.656,70.43441
44.19,5.673,70.49114
44.2,5.688,70.54802
44.21,5.702,70.60504
44.21,5.715,70.60504
44.22,5.728,70.66232
44.23,5.739,70.71971
44.24,5.751,70.77722
44.25,5.766,70.83488
44.25,5.779,70.83488
44.26,5.794,70.89282
44.27,5.808,70.9509
44.28,5.826,71.00916
44.28,5.84,71.00916
44.29,5.854,71.0677
44.3,5.868,71.12638
44.31,5.877,71.18515
44.32,5.888,71.24403
44.32,5.9,71.24403
44.33,5.915,71.30318
44.34,5.933,71.36251
44.35,5.952,71.42203
44.36,5.969,71.48172
44.36,5.988,71.48172
44.37,6.005,71.54177
44.38,6.022,71.60199
44.39,6.033,71.66232
44.39,6.041,71.66232
44.4,6.051,71.72283
44.41,6.061,71.78344
44.42,6.073,71.84417
44.43,6.09,71.90507
44.43,6.11,71.90507
44.44,6.13,71.96637
44.45,6.146,72.02783
44.46,6.165,72.08948
44.46,6.183,72.08948
44.47,6.199,72.15147
44.48,6.218,72.21365
44.49,6.238,72.27603
44.5,6.253,72.33856
44.5,6.271,72.33856
44.51,6.286,72.40142
44.52,6.302,72.46444
44.53,6.316,72.5276
44.53,6.327,72.5276
44.54,6.343,72.59103
44.55,6.356,72.65459
44.56,6.371,72.7183
44.57,6.386,72.78216
44.57,6.404,72.78216
44.58,6.42,72.84636
44.59,6.44,72.91076
44.6,6.458,72.97534
44.6,6.476,72.97534
44.61,6.491,73.04025
44.62,6.507,73.10532
44.63,6.532,73.17064
44.64,6.547,73.23611
44.64,6.565,73.23611
44.65,6.583,73.30194
44.66,6.597,73.36791
44.67,6.611,73.43402
44.67,6.631,73.43402
44.68,6.646,73.50048
44.69,6.665,73.56713
44.7,6.686,73.63399
44.7,6.708,73.63399
44.71,6.732,73.70131
44.72,6.749,73.7688
44.73,6.767,73.83647
44.74,6.788,73.90435
44.74,6.804,73.90435
44.75,6.818,73.97253
44.76,6.837,74.0409
44.77,6.849,74.10939
44.77,6.863,74.10939
44.78,6.879,74.17818
44.79,6.897,74.24715
44.8,6.915,74.3163
44.81,6.933,74.38563
44.81,6.953,74.38563
44.82,6.973,74.45536
44.83,6.995,74.52531
44.84,7.011,74.59542
44.84,7.032,74.59542
44.85,7.048,74.6659
44.86,7.069,74.73659
44.87,7.091,74.8075
44.88,7.115,74.87865
44.88,7.134,74.87865
44.89,7.155,74.9502
44.9,7.177,75.02197
44.91,7.2,75.09397
44.91,7.222,75.09397
44.92,7.241,75.16638
44.93,7.26,75.23898
44.94,7.278,75.31176
44.94,7.299,75.31176
44.95,7.32,75.38496
44.96,7.34,75.45836
44.97,7.362,75.53198
44.97,7.376,75.53198
44.98,7.396,75.60594
44.99,7.417,75.68011
45,7.439,75.7545
45,7.457,75.7545
45.01,7.481,75.82931
45.02,7.5,75.90431
45.03,7.524,75.97955
45.03,7.548,75.97955
45.04,7.572,76.05527
45.05,7.601,76.13128
45.06,7.619,76.20747
45.07,7.636,76.28383
45.07,7.656,76.28383
45.08,7.682,76.36065
45.09,7.705,76.4377
45.1,7.724,76.51494
45.1,7.747,76.51494
45.11,7.77,76.59264
45.12,7.791,76.67055
45.13,7.819,76.74874
45.13,7.846,76.74874
45.14,7.871,76.82745
45.15,7.891,76.90636
45.16,7.915,76.98551
45.16,7.94,76.98551
45.17,7.963,77.06514
45.18,7.981,77.14495
45.19,8.001,77.22496
45.19,8.021,77.22496
45.2,8.039,77.30535
45.21,8.061,77.38596
45.22,8.083,77.46679
45.22,8.112,77.46679
45.23,8.138,77.54817
45.24,8.164,77.62981
45.25,8.196,77.71177
45.25,8.222,77.71177
45.26,8.25,77.79427
45.27,8.278,77.87705
45.28,8.303,77.96008
45.28,8.326,77.96008
45.29,8.348,78.04356
45.3,8.368,78.12724
45.31,8.391,78.21115
45.31,8.415,78.21115
45.32,8.438,78.29553
45.33,8.466,78.38019
45.34,8.489,78.46508
45.34,8.519,78.46508
45.35,8.547,78.55055
45.36,8.582,78.63637
45.37,8.612,78.72249
45.37,8.64,78.72249
45.38,8.665,78.80914
45.39,8.695,78.89609
45.4,8.718,78.98327
45.4,8.745,78.98327
45.41,8.774,79.07101
45.42,8.797,79.15898
45.43,8.823,79.24721
45.44,8.846,79.33567
45.44,8.872,79.33567
45.45,8.895,79.42462
45.46,8.923,79.51385
45.46,8.95,79.51385
45.47,8.976,79.60361
45.48,9.005,79.69366
45.49,9.035,79.78401
45.49,9.069,79.78401
45.5,9.1,79.87501
45.51,9.13,79.96631
45.52,9.157,80.05788
45.52,9.189,80.05788
45.53,9.218,80.15006
45.54,9.251,80.24257
45.55,9.279,80.33536
45.55,9.303,80.33536
45.56,9.333,80.42869
45.57,9.358,80.52227
45.58,9.388,80.61615
45.58,9.416,80.61615
45.59,9.446,80.71061
45.6,9.473,80.80534
45.61,9.502,80.90036
45.61,9.529,80.90036
45.62,9.56,80.99596
45.63,9.59,81.09186
45.63,9.622,81.09186
45.64,9.654,81.1884
45.65,9.684,81.28524
45.66,9.719,81.38243
45.66,9.748,81.38243
45.67,9.78,81.48023
45.68,9.815,81.57838
45.69,9.844,81.67682
45.69,9.874,81.67682
45.7,9.9,81.77582
45.71,9.932,81.87514
45.72,9.962,81.97476
45.72,9.996,81.97476
45.73,10.029,82.07505
45.74,10.067,82.17572
45.75,10.096,82.27668
45.75,10.134,82.27668
45.76,10.172,82.3784
45.77,10.21,82.4805
45.77,10.25,82.4805
45.78,10.286,82.58336
45.79,10.323,82.68659
45.8,10.354,82.79013
45.8,10.388,82.79013
45.81,10.417,82.8943
45.82,10.45,82.9988
45.83,10.476,83.10356
45.83,10.507,83.10356
45.84,10.541,83.20897
45.85,10.579,83.31476
45.85,10.615,83.31476
45.86,10.647,83.42123
45.87,10.683,83.52806
45.88,10.722,83.63528
45.88,10.754,83.63528
45.89,10.785,83.74313
45.9,10.817,83.8513
45.91,10.848,83.95978
45.91,10.885,83.95978
45.92,10.921,84.06899
45.93,10.965,84.17864
45.93,11.012,84.17864
45.94,11.049,84.28913
45.95,11.086,84.39999
45.96,11.124,84.51123
45.96,11.16,84.51123
45.97,11.2,84.62323
45.98,11.237,84.7356
45.98,11.273,84.7356
45.99,11.309,84.84869
46,11.342,84.96211
46.01,11.377,85.07588
46.01,11.418,85.07588
46.02,11.455,85.19043
46.03,11.489,85.30532
46.04,11.525,85.42057
46.04,11.564,85.42057
46.05,11.609,85.53666
46.06,11.651,85.65317
46.06,11.695,85.65317
46.07,11.733,85.7705
46.08,11.774,85.88824
46.09,11.812,86.00636
46.09,11.849,86.00636
46.1,11.889,86.12525
46.11,11.928,86.24453
46.11,11.969,86.24453
46.12,12.013,86.36466
46.13,12.055,86.48521
46.14,12.097,86.60618
46.14,12.141,86.60618
46.15,12.183,86.72801
46.16,12.224,86.85025
46.16,12.265,86.85025
46.17,12.309,86.97334
46.18,12.355,87.09689
46.18,12.396,87.09689
46.19,12.439,87.22128
46.2,12.477,87.34605
46.21,12.512,87.47117
46.21,12.553,87.47117
46.22,12.593,87.5971
46.23,12.637,87.72347
46.24,12.679,87.85026
46.24,12.719,87.85026
46.25,12.769,87.97795
46.26,12.815,88.1061
46.26,12.859,88.1061
46.27,12.903,88.23513
46.28,12.944,88.36457
46.28,12.989,88.36457
46.29,13.033,88.4949
46.3,13.073,88.62563
46.31,13.117,88.7568
46.31,13.159,88.7568
46.32,13.205,88.88885
46.33,13.257,89.02142
46.33,13.307,89.02142
46.34,13.351,89.15493
46.35,13.395,89.28888
46.35,13.437,89.28888
46.36,13.487,89.42375
46.37,13.533,89.55908
46.38,13.575,89.69483
46.38,13.62,89.69483
46.39,13.666,89.83149
46.4,13.717,89.96866
46.4,13.769,89.96866
46.41,13.825,90.10691
46.42,13.873,90.24564
46.42,13.927,90.24564
46.43,13.979,90.38543
46.44,14.032,90.52575
46.44,14.082,90.52575
46.45,14.131,90.66706
46.46,14.183,90.80889
46.47,14.232,90.95121
46.47,14.288,90.95121
46.48,14.345,91.09466
46.49,14.396,91.23862
46.49,14.445,91.23862
46.5,14.501,91.38363
46.51,14.554,91.52917
46.51,14.598,91.52917
46.52,14.645,91.67562
46.53,14.693,91.82255
46.53,14.746,91.82255
46.54,14.796,91.97051
46.55,14.852,92.11903
46.56,14.904,92.26807
46.56,14.956,92.26807
46.57,15.009,92.41816
46.58,15.064,92.5688
46.58,15.111,92.5688
46.59,15.153,92.72033
46.6,15.192,92.87225
46.6,15.239,92.87225
46.61,15.291,93.02516
46.62,15.343,93.17859
46.62,15.393,93.17859
46.63,15.449,93.33308
46.64,15.503,93.48811
46.64,15.567,93.48811
46.65,15.624,93.64435
46.66,15.679,93.80114
46.66,15.731,93.80114
46.67,15.784,93.95898
46.68,15.839,94.11737
46.68,15.892,94.11737
46.69,15.947,94.27684
46.7,16.012,94.43696
46.7,16.071,94.43696
46.71,16.135,94.59831
46.72,16.194,94.76025
46.73,16.257,94.92282
46.73,16.32,94.92282
46.74,16.38,95.08662
46.75,16.441,95.25103
46.75,16.499,95.25103
46.76,16.551,95.41654
46.77,16.609,95.58263
46.77,16.673,95.58263
46.78,16.733,95.74996
46.79,16.795,95.91791
46.79,16.855,95.91791
46.8,16.915,96.08706
46.81,16.975,96.25681
46.81,17.038,96.25681
46.82,17.094,96.42775
46.83,17.155,96.5993
46.83,17.208,96.5993
46.84,17.268,96.77198
46.85,17.326,96.94524
46.85,17.383,96.94524
46.86,17.448,97.11972
46.87,17.512,97.29484
46.87,17.58,97.29484
46.88,17.648,97.47132
46.89,17.718,97.6485
46.89,17.776,97.6485
46.9,17.837,97.82687
46.91,17.903,98.0059
46.91,17.965,98.0059
46.92,18.033,98.18623
46.93,18.094,98.36717
46.93,18.157,98.36717
46.94,18.225,98.54942
46.95,18.293,98.73235
46.95,18.369,98.73235
46.96,18.441,98.91676
46.97,18.506,99.10182
46.97,18.574,99.10182
46.98,18.637,99.28819
46.98,18.701,99.28819
46.99,18.766,99.47585
47,18.831,99.66416
47,18.888,99.66416
47.01,18.951,99.85367
47.02,19.02,100.04387
47.02,19.088,100.04387
47.03,19.162,100.23549
47.04,19.233,100.42782
47.04,19.308,100.42782
47.05,19.376,100.62158
47.06,19.453,100.81611
47.06,19.523,100.81611
47.07,19.593,101.01204
47.08,19.659,101.20863
47.08,19.724,101.20863
47.09,19.793,101.40656
47.1,19.86,101.60516
47.1,19.931,101.60516
47.11,20.002,101.80518
47.12,20.076,102.00594
47.12,20.147,102.00594
47.13,20.221,102.20815
47.14,20.295,102.4111
47.14,20.365,102.4111
47.15,20.442,102.61552
47.15,20.514,102.61552
47.16,20.586,102.82138
47.17,20.659,103.02797
47.17,20.729,103.02797
47.18,20.806,103.23603
47.19,20.881,103.44484
47.19,20.955,103.44484
47.2,21.032,103.65516
47.21,21.111,103.86627
47.21,21.18,103.86627
47.22,21.26,104.07887
47.23,21.334,104.29221
47.23,21.41,104.29221
47.24,21.485,104.50706
47.25,21.56,104.72266
47.25,21.635,104.72266
47.26,21.709,104.93975
47.26,21.779,104.93975
47.27,21.858,105.15833
47.28,21.935,105.37768
47.28,22.007,105.37768
47.29,22.08,105.59848
47.29,22.151,105.59848
47.3,22.228,105.82076
47.31,22.308,106.04384
47.31,22.387,106.04384
47.32,22.469,106.26853
47.33,22.555,106.49408
47.33,22.635,106.49408
47.34,22.724,106.72132
47.34,22.814,106.72132
47.35,22.895,106.95027
47.36,22.981,107.18008
47.36,23.061,107.18008
47.37,23.145,107.41153
47.38,23.227,107.6438
47.38,23.312,107.6438
47.39,23.393,107.87773
47.4,23.473,108.11246
47.4,23.55,108.11246
47.41,23.636,108.34882
47.41,23.718,108.34882
47.42,23.798,108.5868
47.43,23.881,108.82561
47.43,23.96,108.82561
47.44,24.039,109.066
47.45,24.122,109.30722
47.45,24.204,109.30722
47.46,24.29,109.55012
47.46,24.373,109.55012
47.47,24.452,109.79464
47.48,24.535,110.03999
47.48,24.62,110.03999
47.49,24.71,110.28709
47.5,24.801,110.5351
47.5,24.893,110.5351
47.51,24.984,110.78494
47.51,25.077,110.78494
47.52,25.164,111.03658
47.53,25.253,111.28911
47.53,25.34,111.28911
47.54,25.426,111.54337
47.54,25.507,111.54337
47.55,25.598,111.79935
47.56,25.685,112.0562
47.56,25.778,112.0562
47.57,25.869,112.31489
47.58,25.962,112.57451
47.58,26.055,112.57451
47.59,26.141,112.83592
47.59,26.234,112.83592
47.6,26.324,113.09916
47.61,26.41,113.36326
47.61,26.497,113.36326
47.62,26.587,113.62913
47.62,26.676,113.62913
47.63,26.769,113.89682
47.64,26.856,114.16538
47.64,26.946,114.16538
47.65,27.036,114.43574
47.66,27.124,114.70698
47.66,27.214,114.70698
47.67,27.309,114.98007
47.67,27.403,114.98007
47.68,27.491,115.25498
47.69,27.587,115.53085
47.69,27.681,115.53085
47.7,27.778,115.80863
47.7,27.867,115.80863
47.71,27.959,116.08822
47.72,28.055,116.36877
47.72,28.147,116.36877
47.73,28.24,116.65117
47.73,28.345,116.65117
47.74,28.441,116.93558
47.74,28.537,116.93558
47.75,28.643,117.22201
47.76,28.74,117.50941
47.76,28.84,117.50941
47.77,28.938,117.79879
47.78,29.033,118.08912
47.78,29.123,118.08912
47.79,29.22,118.38132
47.79,29.316,118.38132
47.8,29.414,118.67546
47.8,29.508,118.67546
47.81,29.599,118.97145
47.82,29.704,119.26849
47.82,29.805,119.26849
47.83,29.906,119.56755
47.83,30.012,119.56755
47.84,30.115,119.8687
47.85,30.21,120.1708
47.85,30.307,120.1708
47.86,30.416,120.47496
47.86,30.518,120.47496
47.87,30.617,120.78113
47.88,30.714,121.08827
47.88,30.821,121.08827
47.89,30.926,121.39753
47.89,31.032,121.39753
47.9,31.135,121.70888
47.91,31.24,122.02128
47.91,31.345,122.02128
47.92,31.441,122.33569
47.92,31.542,122.33569
47.93,31.641,122.6521
47.93,31.729,122.6521
47.94,31.826,122.97036
47.95,31.93,123.28966
47.95,32.031,123.28966
47.96,32.134,123.611
47.96,32.236,123.611
47.97,32.339,123.93439
47.98,32.445,124.25884
47.98,32.548,124.25884
47.99,32.66,124.58544
47.99,32.774,124.58544
48,32.875,124.91419
48,32.978,124.91419
48.01,33.084,125.24503
48.02,33.193,125.57696
48.02,33.3,125.57696
48.03,33.402,125.91098
48.03,33.508,125.91098
48.04,33.614,126.24712
48.05,33.726,126.58438
48.05,33.84,126.58438
48.06,33.952,126.9239
48.06,34.052,126.9239
48.07,34.153,127.26543
48.07,34.257,127.26543
48.08,34.363,127.60906
48.09,34.47,127.95376
48.09,34.57,127.95376
48.1,34.672,128.30048
48.1,34.775,128.30048
48.11,34.878,128.64926
48.11,34.983,128.64926
48.12,35.092,129.00018
48.13,35.194,129.35212
48.13,35.297,129.35212
48.14,35.411,129.70623
48.14,35.524,129.70623
48.15,35.641,130.06264
48.16,35.753,130.42017
48.16,35.867,130.42017
48.17,35.987,130.78004
48.17,36.089,130.78004
48.18,36.193,131.14197
48.18,36.297,131.14197
48.19,36.402,131.50599
48.19,36.512,131.50599
48.2,36.627,131.87226
48.2,36.745,131.87226
48.21,36.854,132.2408
48.22,36.96,132.6104
48.22,37.07,132.6104
48.23,37.187,132.98227
48.23,37.298,132.98227
48.24,37.405,133.35632
48.24,37.51,133.35632
48.25,37.616,133.73248
48.26,37.725,134.10973
48.26,37.828,134.10973
48.27,37.937,134.4891
48.27,38.046,134.4891
48.28,38.152,134.87062
48.28,38.269,134.87062
48.29,38.386,135.25448
48.3,38.504,135.63952
48.3,38.625,135.63952
48.31,38.744,136.02696
48.31,38.859,136.02696
48.32,38.98,136.41676
48.32,39.089,136.41676
48.33,39.197,136.80873
48.34,39.305,137.20178
48.34,39.403,137.20178
48.35,39.51,137.59688
48.35,39.618,137.59688
48.36,39.73,137.99418
48.36,39.845,137.99418
48.37,39.959,138.39377
48.37,40.073,138.39377
48.38,40.194,138.79571
48.39,40.314,139.19885
48.39,40.431,139.19885
48.4,40.549,139.60434
48.4,40.657,139.60434
48.41,40.766,140.012
48.41,40.871,140.012
48.42,40.973,140.42173
48.42,41.081,140.42173
48.43,41.187,140.8336
48.44,41.295,141.24655
48.44,41.41,141.24655
48.45,41.522,141.66177
48.45,41.645,141.66177
48.46,41.766,142.07943
48.46,41.883,142.07943
48.47,42.004,142.49947
48.48,42.125,142.92072
48.48,42.238,142.92072
48.49,42.347,143.34419
48.49,42.461,143.34419
48.5,42.571,143.7699
48.5,42.683,143.7699
48.51,42.779,144.19769
48.51,42.887,144.19769
48.52,42.988,144.62757
48.52,43.082,144.62757
48.53,43.191,145.05948
48.54,43.291,145.49239
48.54,43.389,145.49239
48.55,43.487,145.92726
48.55,43.599,145.92726
48.56,43.711,146.36437
48.56,43.832,146.36437
48.57,43.948,146.80385
48.57,44.061,146.80385
48.58,44.172,147.24557
48.58,44.278,147.24557
48.59,44.388,147.68945
48.6,44.492,148.13437
48.6,44.601,148.13437
48.61,44.703,148.5814
48.61,44.814,148.5814
48.62,44.924,149.03064
48.62,45.031,149.03064
48.63,45.129,149.48193
48.63,45.221,149.48193
48.64,45.319,149.93512
48.64,45.422,149.93512
48.65,45.521,150.39033
48.66,45.616,150.84649
48.66,45.729,150.84649
48.67,45.834,151.30483
48.67,45.944,151.30483
48.68,46.064,151.76547
48.68,46.178,151.76547
48.69,46.287,152.22834
48.69,46.387,152.22834
48.7,46.491,152.69325
48.7,46.596,152.69325
48.71,46.696,153.16021
48.72,46.789,153.6281
48.72,46.88,153.6281
48.73,46.973,154.09783
48.73,47.067,154.09783
48.74,47.169,154.56952
48.74,47.264,154.56952
48.75,47.362,155.04314
48.76,47.459,155.51773
48.76,47.559,155.51773
48.77,47.658,155.99431
48.77,47.748,155.99431
48.78,47.834,156.47265
48.78,47.925,156.47265
48.79,48.017,156.95282
48.79,48.109,156.95282
48.8,48.208,157.4349
48.8,48.307,157.4349
48.81,48.405,157.91895
48.81,48.515,157.91895
48.82,48.62,158.40515
48.83,48.721,158.89236
48.83,48.808,158.89236
48.84,48.887,159.38123
48.84,48.971,159.38123
48.85,49.057,159.8718
48.85,49.138,159.8718
48.86,49.211,160.36391
48.86,49.276,160.36391
48.87,49.346,160.85737
48.87,49.429,160.85737
48.88,49.5,161.35237
48.89,49.581,161.84818
48.89,49.659,161.84818
48.9,49.732,162.3455
48.9,49.809,162.3455
48.91,49.89,162.8444
48.91,49.972,162.8444
48.92,50.055,163.34495
48.92,50.128,163.34495
48.93,50.211,163.84706
48.93,50.28,163.84706
48.94,50.356,164.35062
48.95,50.427,164.85489
48.95,50.492,164.85489
48.96,50.553,165.36042
48.96,50.617,165.36042
48.97,50.677,165.86719
48.97,50.737,165.86719
48.98,50.801,166.3752
48.98,50.861,166.3752
48.99,50.927,166.88447
49,50.989,167.39436
49,51.053,167.39436
49.01,51.12,167.90556
49.01,51.186,167.90556
49.02,51.243,168.41799
49.02,51.3,168.41799
49.03,51.36,168.93159
49.03,51.412,168.93159
49.04,51.463,169.44622
49.04,51.501,169.44622
49.05,51.547,169.96169
49.06,51.589,170.47758
49.06,51.631,170.47758
49.07,51.677,170.99435
49.07,51.73,170.99435
49.08,51.781,171.51216
49.08,51.822,171.51216
49.09,51.875,172.03091
49.09,51.923,172.03091
49.1,51.961,172.55052
49.11,51.983,173.07035
49.11,52.003,173.07035
49.12,52.021,173.59056
49.12,52.048,173.59056
49.13,52.072,174.11128
49.13,52.101,174.11128
49.14,52.136,174.63264
49.14,52.173,174.63264
49.15,52.216,175.1548
49.16,52.255,175.67735
49.16,52.288,175.67735
49.17,52.312,176.20047
49.17,52.331,176.20047
49.18,52.348,176.72395
49.18,52.368,176.72395
49.19,52.382,177.24777
49.2,52.4,177.77177
49.2,52.416,177.77177
49.21,52.45,178.29627
49.21,52.476,178.29627
49.22,52.49,178.82117
49.22,52.509,178.82117
49.23,52.523,179.3464
49.24,52.541,179.87181
49.24,52.55,179.87181
49.25,52.559,180.3974
49.25,52.566,180.3974
49.26,52.57,180.9231
49.26,52.566,180.9231
49.27,52.57,181.4488
49.28,52.574,181.97454
49.28,52.57,181.97454
49.29,52.572,182.50026
49.29,52.572,182.50026
49.3,52.577,183.02603
49.3,52.578,183.02603
49.31,52.581,183.55184
49.32,52.589,184.07773
49.32,52.598,184.07773
49.33,52.591,184.60364
49.33,52.581,184.60364
49.34,52.569,185.12933
49.35,52.549,185.65482
49.35,52.525,185.65482
49.36,52.497,186.17979
49.36,52.47,186.17979
49.37,52.442,186.70421
49.37,52.418,186.70421
49.38,52.398,187.22819
49.39,52.384,187.75203
49.39,52.374,187.75203
49.4,52.357,188.2756
49.4,52.343,188.2756
49.41,52.327,188.79887
49.42,52.303,189.3219
49.42,52.275,189.3219
49.43,52.25,189.8444
49.43,52.221,189.8444
49.44,52.192,190.36632
49.45,52.16,190.88792
49.45,52.13,190.88792
49.46,52.098,191.4089
49.46,52.067,191.4089
49.47,52.03,191.9292
49.48,51.987,192.44907
49.48,51.943,192.44907
49.49,51.893,192.968
49.5,51.84,193.4864
49.5,51.789,193.4864
49.51,51.744,194.00384
49.51,51.697,194.00384
49.52,51.654,194.52038
49.53,51.609,195.03647
49.53,51.557,195.03647
49.54,51.496,195.55143
49.54,51.429,195.55143
49.55,51.367,196.0651
49.56,51.299,196.57809
49.56,51.226,196.57809
49.57,51.151,197.0896
49.58,51.081,197.60041
49.58,51.003,197.60041
49.59,50.918,198.10959
49.59,50.836,198.10959
49.6,50.743,198.61702
49.61,50.649,199.12351
49.61,50.549,199.12351
49.62,50.449,199.628
49.63,50.347,200.13147
49.63,50.246,200.13147
49.64,50.154,200.63301
49.64,50.057,200.63301
49.65,49.964,201.13265
49.66,49.862,201.63127
49.66,49.76,201.63127
49.67,49.651,202.12778
49.68,49.544,202.62322
49.68,49.43,202.62322
49.69,49.306,203.11628
49.7,49.167,203.60795
49.7,49.025,203.60795
49.71,48.883,204.09678
49.72,48.738,204.58416
49.72,48.587,204.58416
49.73,48.432,205.06848
49.74,48.281,205.55129
49.74,48.125,205.55129
49.75,47.973,206.03102
49.76,47.818,206.5092
49.76,47.66,206.5092
49.77,47.492,206.98412
49.78,47.318,207.4573
49.78,47.14,207.4573
49.79,46.962,207.92692
49.8,46.776,208.39468
49.8,46.588,208.39468
49.81,46.395,208.85863
49.82,46.199,209.32062
49.82,46.006,209.32062
49.83,45.81,209.77872
49.84,45.614,210.23486
49.84,45.415,210.23486
49.85,45.213,210.68699
49.86,45.011,211.1371
49.86,44.805,211.1371
49.87,44.592,211.58302
49.88,44.376,212.02678
49.89,44.149,212.46827
49.89,43.914,212.46827
49.9,43.673,212.905
49.91,43.431,213.33931
49.91,43.184,213.33931
49.92,42.928,213.76859
49.93,42.662,214.19521
49.93,42.388,214.19521
49.94,42.109,214.6163
49.95,41.822,215.03452
49.96,41.523,215.44975
49.97,41.219,215.86194
49.97,40.909,215.86194
49.98,40.592,216.26786
49.99,40.268,216.67054
50,39.942,217.06996
50,39.612,217.06996
50.01,39.272,217.46268
50.02,38.926,217.85194
50.03,38.572,218.23766
50.03,38.213,218.23766
50.04,37.853,218.61619
50.05,37.488,218.99107
50.06,37.116,219.36223
50.07,36.739,219.72962
50.08,36.356,220.09318
50.08,35.97,220.09318
50.09,35.585,220.44903
50.1,35.197,220.801
50.11,34.809,221.14909
50.12,34.423,221.49332
50.12,34.035,221.49332
50.13,33.653,221.82985
50.14,33.277,222.16262
50.15,32.907,222.49169
50.16,32.542,222.81711
50.17,32.178,223.13889
50.18,31.818,223.45707
50.19,31.461,223.77168
50.19,31.109,223.77168
50.2,30.764,224.07932
50.21,30.42,224.38352
50.22,30.083,224.68435
50.23,29.752,224.98187
50.24,29.429,225.27616
50.25,29.119,225.56735
50.26,28.819,225.85554
50.27,28.525,226.14079
50.28,28.236,226.42315
50.29,27.953,226.70268
50.3,27.679,226.97947
50.31,27.411,227.25358
50.32,27.144,227.52502
50.33,26.876,227.79378
50.34,26.614,228.05992
50.35,26.351,228.32343
50.36,26.088,228.58431
50.37,25.827,228.84258
50.38,25.565,229.09823
50.39,25.301,229.35124
50.4,25.032,229.60156
50.41,24.762,229.84918
50.42,24.49,230.09408
50.44,24.212,230.57832
50.45,23.927,230.81759
50.46,23.637,231.05396
50.47,23.345,231.28741
50.48,23.049,231.5179
50.49,22.749,231.74539
50.51,22.446,232.19431
50.52,22.136,232.41567
50.53,21.827,232.63394
50.55,21.515,233.06424
50.56,21.195,233.27619
50.57,20.873,233.48492
50.59,20.547,233.89586
50.6,20.214,234.098
50.62,19.882,234.49564
50.63,19.547,234.69111
50.64,19.207,234.88318
50.66,18.867,235.26052
50.68,18.525,235.63102
50.69,18.19,235.81292
50.71,17.856,236.17004
50.73,17.525,236.52054
50.74,17.205,236.69259
50.76,16.892,237.03043
50.78,16.587,237.36217
50.79,16.295,237.52512
50.81,16.015,237.84542
50.83,15.745,238.16032
50.85,15.487,238.47006
50.87,15.24,238.77486
50.88,15.009,238.92495
50.9,14.787,239.22069
50.92,14.574,239.51217
50.94,14.37,239.79957
50.96,14.175,240.08307
50.97,13.989,240.22296
50.99,13.81,240.49916
51.01,13.638,240.77192
51.03,13.472,241.04136
51.05,13.312,241.3076
51.06,13.155,241.43915
51.08,13.004,241.69923
51.1,12.858,241.95639
51.12,12.714,242.21067
51.14,12.574,242.46215
51.15,12.436,242.58651
51.17,12.304,242.83259
51.19,12.173,243.07605
51.21,12.044,243.31693
51.22,11.916,243.43609
51.24,11.792,243.67193
51.26,11.669,243.90531
51.28,11.546,244.13623
51.29,11.424,244.25047
51.31,11.302,244.47651
51.33,11.184,244.70019
51.34,11.065,244.81084
51.36,10.949,245.02982
51.38,10.834,245.2465
51.4,10.718,245.46086
51.41,10.605,245.56691
51.43,10.494,245.77679
51.45,10.383,245.98445
51.46,10.273,246.08718
51.48,10.163,246.29044
51.5,10.056,246.49156
51.52,9.95,246.69056
51.53,9.846,246.78902
51.55,9.744,246.9839
51.57,9.644,247.17678
51.58,9.545,247.27223
51.6,9.446,247.46115
51.62,9.349,247.64813
51.64,9.25,247.83313
51.65,9.144,247.92457
51.67,9.037,248.10531
51.69,8.927,248.28385
51.7,8.808,248.37193
51.72,8.685,248.54563
51.74,8.555,248.71673
51.76,8.421,248.88515
51.77,8.286,248.96801
51.79,8.149,249.13099
51.81,8.013,249.29125
51.83,7.878,249.44881
51.85,7.746,249.60373
51.86,7.622,249.67995
51.88,7.502,249.82999
51.9,7.386,249.97771
51.92,7.276,250.12323
51.94,7.17,250.26663
51.96,7.069,250.40801
51.98,6.975,250.54751
51.99,6.884,250.61635
52.01,6.798,250.75231
52.03,6.713,250.88657
52.05,6.633,251.01923
52.07,6.554,251.15031
52.09,6.48,251.27991
52.1,6.408,251.34399
52.12,6.337,251.47073
52.14,6.267,251.59607
52.16,6.203,251.72013
52.18,6.141,251.84295
52.19,6.083,251.90378
52.21,6.025,252.02428
52.23,5.968,252.14364
52.25,5.915,252.26194
52.26,5.861,252.32055
52.28,5.808,252.43671
52.3,5.757,252.55185
52.32,5.707,252.66599
52.33,5.658,252.72257
52.35,5.61,252.83477
52.37,5.562,252.94601
52.38,5.519,253.0012
52.4,5.474,253.11068
52.42,5.43,253.21928
52.43,5.387,253.27315
52.45,5.346,253.38007
52.47,5.305,253.48617
52.48,5.263,253.5388
52.5,5.224,253.64328
52.52,5.186,253.747
52.53,5.147,253.79847
52.55,5.107,253.90061
52.56,5.069,253.9513
52.58,5.033,254.05196
52.6,5,254.15196
52.61,4.965,254.20161
52.63,4.93,254.30021
52.64,4.894,254.34915
52.66,4.86,254.44635
52.67,4.827,254.49462
52.69,4.796,254.59054
52.7,4.763,254.63817
52.72,4.73,254.73277
52.73,4.698,254.77975
52.75,4.668,254.87311
52.76,4.641,254.91952
52.78,4.614,255.0118
52.79,4.588,255.05768
52.81,4.56,255.14888
52.82,4.535,255.19423
52.84,4.509,255.28441
52.85,4.483,255.32924
52.86,4.46,255.37384
52.88,4.435,255.46254
52.89,4.413,255.50667
52.91,4.391,255.59449
52.92,4.372,255.63821
52.93,4.352,255.68173
52.95,4.337,255.76847
52.96,4.321,255.81168
52.97,4.303,255.85471
52.99,4.281,255.94033
53,4.256,255.98289
53.01,4.23,256.02519
53.03,4.204,256.10927
53.04,4.179,256.15106
53.06,4.156,256.23418
53.07,4.133,256.27551
53.08,4.115,256.31666
53.1,4.102,256.3987
53.11,4.091,256.43961
53.12,4.079,256.4804
53.14,4.067,256.56174
53.15,4.055,256.60229
53.16,4.039,256.64268
53.17,4.02,256.68288
53.19,3.999,256.76286
53.2,3.98,256.80266
53.21,3.958,256.84224
53.22,3.937,256.88161
53.24,3.916,256.95993
53.25,3.9,256.99893
53.26,3.883,257.03776
53.27,3.868,257.07644
53.29,3.855,257.15354
53.3,3.843,257.19197
53.31,3.827,257.23024
53.32,3.811,257.26835
53.34,3.795,257.34425
53.35,3.777,257.38202
53.36,3.76,257.41962
53.37,3.744,257.45706
53.38,3.726,257.49432
53.4,3.709,257.5685
53.41,3.692,257.60542
53.42,3.678,257.6422
53.43,3.663,257.67883
53.44,3.648,257.71531
53.46,3.636,257.78803
53.47,3.62,257.82423
53.48,3.602,257.86025
53.49,3.586,257.89611
53.5,3.57,257.93181
53.51,3.554,257.96735
53.52,3.541,258.00276
53.54,3.526,258.07328
53.55,3.509,258.10837
53.56,3.495,258.14332
53.57,3.479,258.17811
53.58,3.466,258.21277
53.59,3.453,258.2473
53.6,3.437,258.28167
53.61,3.424,258.31591
53.63,3.406,258.38403
53.64,3.39,258.41793
53.65,3.379,258.45172
53.66,3.363,258.48535
53.67,3.347,258.51882
53.68,3.336,258.55218
53.69,3.321,258.58539
53.7,3.307,258.61846
53.71,3.296,258.65142
53.73,3.287,258.71716
53.74,3.273,258.74989
53.75,3.259,258.78248
53.76,3.246,258.81494
53.77,3.23,258.84724
53.78,3.215,258.87939
53.79,3.201,258.9114
53.8,3.187,258.94327
53.81,3.175,258.97502
53.82,3.16,259.00662
53.83,3.148,259.0381
53.84,3.139,259.06949
53.85,3.124,259.10073
53.86,3.115,259.13188
53.87,3.103,259.16291
53.89,3.09,259.22471
53.9,3.076,259.25547
53.91,3.065,259.28612
53.92,3.052,259.31664
53.93,3.04,259.34704
53.94,3.027,259.37731
53.95,3.014,259.40745
53.96,3.001,259.43746
53.97,2.992,259.46738
53.98,2.983,259.49721
53.99,2.97,259.52691
54,2.96,259.55651
54.01,2.949,259.586
54.02,2.939,259.61539
54.03,2.926,259.64465
54.04,2.912,259.67377
54.05,2.902,259.70279
54.06,2.891,259.7317
54.07,2.879,259.76049
54.08,2.872,259.78921
54.09,2.861,259.81782
54.1,2.848,259.8463
54.11,2.836,259.87466
54.12,2.823,259.90289
54.13,2.813,259.93102
54.14,2.8,259.95902
54.15,2.79,259.98692
54.16,2.78,260.01472
54.17,2.771,260.04243
54.18,2.763,260.07006
54.19,2.754,260.0976
54.2,2.746,260.12506
54.21,2.739,260.15245
54.22,2.728,260.17973
54.23,2.717,260.2069
54.24,2.703,260.23393
54.25,2.691,260.26084
54.26,2.681,260.28765
54.26,2.674,260.28765
54.28,2.667,260.34099
54.29,2.658,260.36757
54.29,2.647,260.36757
54.3,2.638,260.39395
54.31,2.633,260.42028
54.32,2.625,260.44653
54.33,2.616,260.47269
54.34,2.607,260.49876
54.35,2.595,260.52471
54.36,2.587,260.55058
54.37,2.582,260.5764
54.38,2.575,260.60215
54.39,2.568,260.62783
54.4,2.56,260.65343
54.41,2.549,260.67892
54.42,2.539,260.70431
54.43,2.532,260.72963
54.44,2.523,260.75486
54.45,2.511,260.77997
54.46,2.503,260.805
54.47,2.496,260.82996
54.47,2.491,260.82996
54.48,2.483,260.85479
54.49,2.478,260.87957
54.5,2.47,260.90427
54.51,2.461,260.92888
54.52,2.452,260.9534
54.53,2.447,260.97787
54.54,2.439,261.00226
54.55,2.427,261.02653
54.56,2.421,261.05074
54.57,2.419,261.07493
54.58,2.412,261.09905
54.59,2.404,261.12309
54.59,2.4,261.12309
54.6,2.397,261.14706
54.61,2.391,261.17097
54.62,2.387,261.19484
54.63,2.381,261.21865
54.64,2.374,261.24239
54.65,2.366,261.26605
54.66,2.358,261.28963
54.67,2.349,261.31312
54.68,2.342,261.33654
54.69,2.329,261.35983
54.69,2.322,261.35983
54.7,2.315,261.38298
54.71,2.308,261.40606
54.72,2.302,261.42908
54.73,2.297,261.45205
54.74,2.293,261.47498
54.75,2.292,261.4979
54.76,2.294,261.52084
54.77,2.289,261.54373
54.78,2.281,261.56654
54.79,2.276,261.5893
54.79,2.27,261.5893
54.8,2.262,261.61192
54.81,2.255,261.63447
54.82,2.244,261.65691
54.83,2.237,261.67928
54.84,2.231,261.70159
54.85,2.227,261.72386
54.86,2.229,261.74615
54.87,2.225,261.7684
54.87,2.221,261.7684
54.88,2.214,261.79054
54.89,2.209,261.81263
54.9,2.202,261.83465
54.91,2.197,261.85662
54.92,2.192,261.87854
54.93,2.186,261.9004
54.94,2.18,261.9222
54.95,2.177,261.94397
54.96,2.176,261.96573
54.96,2.173,261.96573
54.97,2.168,261.98741
54.98,2.162,262.00903
54.99,2.157,262.0306
55,2.153,262.05213
55.01,2.151,262.07364
55.02,2.145,262.09509
55.03,2.141,262.1165
55.04,2.14,262.1379
55.04,2.139,262.1379
55.05,2.135,262.15925
55.06,2.13,262.18055
55.07,2.124,262.20179
55.08,2.118,262.22297
55.09,2.113,262.2441
55.1,2.108,262.26518
55.11,2.102,262.2862
55.11,2.098,262.2862
55.12,2.093,262.30713
55.13,2.092,262.32805
55.14,2.094,262.34899
55.15,2.091,262.3699
55.16,2.086,262.39076
55.17,2.08,262.41156
55.18,2.078,262.43234
55.18,2.072,262.43234
55.19,2.065,262.45299
55.2,2.062,262.47361
55.21,2.062,262.49423
55.22,2.059,262.51482
55.23,2.059,262.53541
55.24,2.059,262.556
55.25,2.06,262.5766
55.25,2.06,262.5766
55.26,2.059,262.59719
55.27,2.055,262.61774
55.28,2.049,262.63823
55.29,2.041,262.65864
55.3,2.035,262.67899
55.31,2.029,262.69928
55.31,2.022,262.69928
55.32,2.018,262.71946
55.33,2.016,262.73962
55.34,2.015,262.75977
55.35,2.014,262.77991
55.36,2.013,262.80004
55.37,2.015,262.82019
55.38,2.014,262.84033
55.38,2.012,262.84033
55.39,2.013,262.86046
55.4,2.012,262.88058
55.41,2.01,262.90068
55.42,2.007,262.92075
55.43,2.004,262.94079
55.44,2.001,262.9608
55.45,1.998,262.98078
55.45,1.995,262.98078
55.46,1.993,263.00071
55.47,1.991,263.02062
55.48,1.989,263.04051
55.49,1.987,263.06038
55.5,1.985,263.08023
55.5,1.983,263.08023
55.51,1.981,263.10004
55.52,1.98,263.11984
55.53,1.977,263.13961
55.54,1.971,263.15932
55.55,1.967,263.17899
55.56,1.965,263.19864
55.57,1.964,263.21828
55.57,1.963,263.21828
55.58,1.961,263.23789
55.59,1.959,263.25748
55.6,1.958,263.27706
55.61,1.957,263.29663
55.62,1.956,263.31619
55.62,1.955,263.31619
55.63,1.954,263.33573
55.64,1.953,263.35526
55.65,1.951,263.37477
55.66,1.949,263.39426
55.67,1.946,263.41372
55.67,1.944,263.41372
55.68,1.941,263.43313
55.69,1.937,263.4525
55.7,1.935,263.47185
55.71,1.933,263.49118
55.72,1.933,263.51051
55.73,1.933,263.52984
55.74,1.933,263.54917
55.74,1.933,263.54917
55.75,1.933,263.5685
55.76,1.931,263.58781
55.77,1.928,263.60709
55.78,1.925,263.62634
55.79,1.922,263.64556
55.8,1.92,263.66476
55.8,1.917,263.66476
55.81,1.915,263.68391
55.82,1.914,263.70305
55.83,1.914,263.72219
55.84,1.914,263.74133
55.85,1.915,263.76048
55.85,1.914,263.76048
55.86,1.913,263.77961
55.87,1.912,263.79873
55.88,1.911,263.81784
55.89,1.91,263.83694
55.9,1.908,263.85602
55.91,1.906,263.87508
55.91,1.904,263.87508
55.92,1.902,263.8941
55.93,1.899,263.91309
55.94,1.898,263.93207
55.95,1.896,263.95103
55.96,1.895,263.96998
55.97,1.895,263.98893
55.97,1.895,263.98893
55.98,1.895,264.00788
55.99,1.895,264.02683
56,1.896,264.04579
56.01,1.896,264.06475
56.02,1.895,264.0837
56.02,1.893,264.0837
56.03,1.89,264.1026
56.04,1.888,264.12148
56.05,1.885,264.14033
56.06,1.883,264.15916
56.07,1.88,264.17796
56.08,1.878,264.19674
56.08,1.877,264.19674
56.09,1.876,264.2155
56.1,1.875,264.23425
56.11,1.875,264.253
56.12,1.875,264.27175
56.13,1.875,264.2905
56.13,1.875,264.2905
56.14,1.875,264.30925
56.15,1.875,264.328
56.16,1.875,264.34675
56.17,1.875,264.3655
56.18,1.874,264.38424
56.18,1.874,264.38424
56.19,1.873,264.40297
56.2,1.872,264.42169
56.21,1.872,264.44041
56.22,1.872,264.45913
56.23,1.871,264.47784
56.24,1.871,264.49655
56.24,1.871,264.49655
56.25,1.871,264.51526
56.26,1.871,264.53397
56.27,1.871,264.55268
56.28,1.87,264.57138
56.29,1.87,264.59008
56.29,1.869,264.59008
56.3,1.869,264.60877
56.31,1.868,264.62745
56.32,1.868,264.64613
56.33,1.867,264.6648
56.34,1.866,264.68346
56.34,1.865,264.68346
56.35,1.864,264.7021
56.36,1.863,264.72073
56.37,1.862,264.73935
56.38,1.86,264.75795
56.39,1.859,264.77654
56.4,1.859,264.79513
56.4,1.858,264.79513
56.41,1.858,264.81371
56.42,1.858,264.83229
56.43,1.859,264.85088
56.44,1.859,264.86947
56.45,1.859,264.88806
56.45,1.86,264.88806
56.46,1.86,264.90666
56.47,1.859,264.92525
56.48,1.858,264.94383
56.49,1.857,264.9624
56.5,1.856,264.98096
56.5,1.855,264.98096
56.51,1.854,264.9995
56.52,1.853,265.01803
56.53,1.852,265.03655
56.54,1.852,265.05507
56.55,1.852,265.07359
56.55,1.852,265.07359
56.56,1.852,265.09211
56.57,1.852,265.11063
56.58,1.852,265.12915
56.59,1.852,265.14767
56.6,1.853,265.1662
56.6,1.853,265.1662
56.61,1.853,265.18473
56.62,1.853,265.20326
56.63,1.852,265.22178
56.64,1.852,265.2403
56.65,1.851,265.25881
56.66,1.851,265.27732
56.66,1.85,265.27732
56.67,1.85,265.29582
56.68,1.85,265.31432
56.69,1.85,265.33282
56.7,1.85,265.35132
56.7,1.85,265.35132
56.71,1.85,265.36982
56.72,1.849,265.38831
56.73,1.849,265.4068
56.74,1.848,265.42528
56.75,1.848,265.44376
56.76,1.848,265.46224
56.76,1.847,265.46224
56.77,1.847,265.48071
56.78,1.846,265.49917
56.79,1.846,265.51763
56.8,1.846,265.53609
56.81,1.845,265.55454
56.81,1.845,265.55454
56.82,1.845,265.57299
56.83,1.845,265.59144
56.84,1.845,265.60989
56.85,1.845,265.62834
56.86,1.844,265.64678
56.87,1.844,265.66522
56.87,1.844,265.66522
56.88,1.844,265.68366
56.89,1.844,265.7021
56.9,1.845,265.72055
56.91,1.845,265.739
56.91,1.845,265.739
56.92,1.845,265.75745
56.93,1.844,265.77589
56.94,1.844,265.79433
56.95,1.843,265.81276
56.96,1.842,265.83118
56.96,1.841,265.83118
56.97,1.84,265.84958
56.98,1.84,265.86798
56.99,1.839,265.88637
57,1.838,265.90475
57.01,1.838,265.92313
57.01,1.838,265.92313
57.02,1.838,265.94151
57.03,1.838,265.95989
57.04,1.838,265.97827
57.05,1.838,265.99665
57.06,1.838,266.01503
57.07,1.838,266.03341
57.07,1.838,266.03341
57.08,1.837,266.05178
57.09,1.837,266.07015
57.1,1.837,266.08852
57.11,1.837,266.10689
57.11,1.836,266.10689
57.12,1.836,266.12525
57.13,1.836,266.14361
57.14,1.836,266.16197
57.15,1.836,266.18033
57.16,1.835,266.19868
57.17,1.835,266.21703
57.17,1.835,266.21703
57.18,1.834,266.23537
57.19,1.834,266.25371
57.2,1.834,266.27205
57.21,1.834,266.29039
57.22,1.834,266.30873
57.22,1.833,266.30873
57.23,1.833,266.32706
57.24,1.833,266.34539
57.25,1.833,266.36372
57.26,1.833,266.38205
57.27,1.833,266.40038
57.27,1.832,266.40038
57.28,1.832,266.4187
57.29,1.832,266.43702
57.3,1.832,266.45534
57.31,1.831,266.47365
57.32,1.831,266.49196
57.32,1.831,266.49196
57.33,1.831,266.51027
57.34,1.831,266.52858
57.35,1.831,266.54689
57.36,1.831,266.5652
57.37,1.831,266.58351
57.37,1.831,266.58351
57.38,1.831,266.60182
57.39,1.831,266.62013
57.4,1.83,266.63843
57.41,1.83,266.65673
57.42,1.83,266.67503
57.42,1.83,266.67503
57.43,1.829,266.69332
57.44,1.829,266.71161
57.45,1.829,266.7299
57.46,1.828,266.74818
57.47,1.828,266.76646
57.47,1.827,266.76646
57.48,1.827,266.78473
57.49,1.827,266.803
57.5,1.827,266.82127
57.51,1.827,266.83954
57.52,1.827,266.85781
57.53,1.827,266.87608
57.53,1.827,266.87608
57.54,1.826,266.89434
57.55,1.826,266.9126
57.56,1.826,266.93086
57.57,1.826,266.94912
57.57,1.826,266.94912
57.58,1.826,266.96738
57.59,1.826,266.98564
57.6,1.825,267.00389
57.61,1.825,267.02214
57.62,1.825,267.04039
57.62,1.824,267.04039
57.63,1.824,267.05863
57.64,1.824,267.07687
57.65,1.824,267.09511
57.66,1.824,267.11335
57.67,1.823,267.13158
57.68,1.823,267.14981
57.68,1.823,267.14981
57.69,1.823,267.16804
57.7,1.823,267.18627
57.71,1.822,267.20449
57.72,1.822,267.22271
57.72,1.822,267.22271
57.73,1.821,267.24092
57.74,1.821,267.25913
57.75,1.821,267.27734
57.76,1.821,267.29555
57.77,1.821,267.31376
57.77,1.821,267.31376
57.78,1.821,267.33197
57.79,1.821,267.35018
57.8,1.821,267.36839
57.81,1.821,267.3866
57.82,1.821,267.40481
57.83,1.821,267.42302
57.83,1.821,267.42302
57.84,1.821,267.44123
57.85,1.821,267.45944
57.86,1.82,267.47764
57.87,1.82,267.49584
57.88,1.82,267.51404
57.88,1.82,267.51404
57.89,1.82,267.53224
57.9,1.82,267.55044
57.91,1.82,267.56864
57.92,1.82,267.58684
57.93,1.82,267.60504
57.93,1.819,267.60504
57.94,1.819,267.62323
57.95,1.819,267.64142
57.96,1.819,267.65961
57.97,1.819,267.6778
57.97,1.819,267.6778
57.98,1.819,267.69599
57.99,1.819,267.71418
58,1.819,267.73237
58.01,1.819,267.75056
58.02,1.819,267.76875
58.03,1.819,267.78694
58.03,1.819,267.78694
58.04,1.819,267.80513
58.05,1.819,267.82332
58.06,1.818,267.8415
58.07,1.818,267.85968
58.08,1.818,267.87786
58.08,1.817,267.87786
58.09,1.817,267.89603
58.1,1.817,267.9142
58.11,1.816,267.93236
58.12,1.816,267.95052
58.12,1.816,267.95052
58.13,1.816,267.96868
58.14,1.816,267.98684
58.15,1.816,268.005
58.16,1.816,268.02316
58.17,1.816,268.04132
58.17,1.816,268.04132
58.18,1.816,268.05948
58.19,1.816,268.07764
58.2,1.816,268.0958
58.21,1.816,268.11396
58.22,1.816,268.13212
58.23,1.815,268.15027
58.23,1.815,268.15027
58.24,1.815,268.16842
58.25,1.815,268.18657
58.26,1.815,268.20472
58.27,1.814,268.22286
58.28,1.814,268.241
58.28,1.814,268.241
58.29,1.814,268.25914
58.3,1.814,268.27728
58.31,1.814,268.29542
58.32,1.814,268.31356
58.33,1.814,268.3317
58.33,1.813,268.3317
58.34,1.813,268.34983
58.35,1.813,268.36796
58.36,1.813,268.38609
58.37,1.813,268.40422
58.38,1.812,268.42234
58.38,1.812,268.42234
58.39,1.812,268.44046
58.4,1.812,268.45858
58.41,1.812,268.4767
58.42,1.811,268.49481
58.43,1.811,268.51292
58.43,1.811,268.51292
58.44,1.811,268.53103
58.45,1.811,268.54914
58.46,1.811,268.56725
58.47,1.811,268.58536
58.48,1.811,268.60347
58.48,1.811,268.60347
58.49,1.811,268.62158
58.5,1.811,268.63969
58.51,1.811,268.6578
58.52,1.811,268.67591
58.53,1.811,268.69402
58.53,1.81,268.69402
58.54,1.81,268.71212
58.55,1.81,268.73022
58.56,1.81,268.74832
58.57,1.81,268.76642
58.58,1.809,268.78451
58.58,1.809,268.78451
58.59,1.809,268.8026
58.6,1.809,268.82069
58.61,1.809,268.83878
58.62,1.809,268.85687
58.63,1.809,268.87496
58.63,1.809,268.87496
58.64,1.809,268.89305
58.65,1.809,268.91114
58.66,1.809,268.92923
58.67,1.809,268.94732
58.68,1.809,268.96541
58.68,1.809,268.96541
58.69,1.809,268.9835
58.7,1.809,269.00159
58.71,1.809,269.01968
58.72,1.809,269.03777
58.73,1.809,269.05586
58.73,1.809,269.05586
58.74,1.809,269.07395
58.75,1.809,269.09204
58.76,1.809,269.11013
58.77,1.809,269.12822
58.78,1.808,269.1463
58.78,1.808,269.1463
58.79,1.808,269.16438
58.8,1.808,269.18246
58.81,1.808,269.20054
58.82,1.808,269.21862
58.83,1.808,269.2367
58.83,1.808,269.2367
58.84,1.808,269.25478
58.85,1.808,269.27286
58.86,1.808,269.29094
58.87,1.808,269.30902
58.88,1.807,269.32709
58.88,1.807,269.32709
58.89,1.807,269.34516
58.9,1.807,269.36323
58.91,1.807,269.3813
58.92,1.807,269.39937
58.93,1.807,269.41744
58.93,1.807,269.41744
58.94,1.807,269.43551
58.95,1.806,269.45357
58.96,1.806,269.47163
58.97,1.806,269.48969
58.98,1.806,269.50775
58.98,1.806,269.50775
58.99,1.806,269.52581
59,1.805,269.54386
59.01,1.805,269.56191
59.02,1.805,269.57996
59.03,1.804,269.598
59.03,1.804,269.598
59.04,1.804,269.61604
59.05,1.804,269.63408
59.06,1.804,269.65212
59.07,1.804,269.67016
59.08,1.805,269.68821
59.08,1.805,269.68821
59.09,1.805,269.70626
59.1,1.805,269.72431
59.11,1.806,269.74237
59.12,1.806,269.76043
59.13,1.806,269.77849
59.13,1.806,269.77849
59.14,1.806,269.79655
59.15,1.805,269.8146
59.16,1.805,269.83265
59.17,1.805,269.8507
59.18,1.804,269.86874
59.18,1.804,269.86874
59.19,1.804,269.88678
59.2,1.804,269.90482
59.21,1.804,269.92286
59.22,1.804,269.9409
59.23,1.804,269.95894
59.23,1.804,269.95894
59.24,1.804,269.97698
59.25,1.804,269.99502
59.26,1.804,270.01306
59.27,1.804,270.0311
59.28,1.804,270.04914
59.28,1.804,270.04914
59.29,1.804,270.06718
59.3,1.803,270.08521
59.31,1.803,270.10324
59.32,1.803,270.12127
59.33,1.803,270.1393
59.33,1.803,270.1393
59.34,1.803,270.15733
59.35,1.803,270.17536
59.36,1.803,270.19339
59.37,1.803,270.21142
59.38,1.803,270.22945
59.38,1.803,270.22945
59.39,1.803,270.24748
59.4,1.803,270.26551
59.41,1.803,270.28354
59.42,1.803,270.30157
59.43,1.803,270.3196
59.43,1.802,270.3196
59.44,1.802,270.33762
59.45,1.802,270.35564
59.46,1.802,270.37366
59.47,1.803,270.39169
59.48,1.803,270.40972
59.48,1.803,270.40972
59.49,1.802,270.42774
59.5,1.802,270.44576
59.51,1.802,270.46378
59.52,1.802,270.4818
59.53,1.802,270.49982
59.53,1.802,270.49982
59.54,1.802,270.51784
59.55,1.802,270.53586
59.56,1.802,270.55388
59.57,1.802,270.5719
59.58,1.802,270.58992
59.58,1.802,270.58992
59.59,1.802,270.60794
59.6,1.802,270.62596
59.61,1.801,270.64397
59.62,1.801,270.66198
59.63,1.801,270.67999
59.63,1.801,270.67999
59.64,1.801,270.698
59.65,1.801,270.71601
59.66,1.801,270.73402
59.67,1.801,270.75203
59.68,1.801,270.77004
59.68,1.801,270.77004
59.69,1.801,270.78805
59.7,1.801,270.80606
59.71,1.8,270.82406
59.72,1.8,270.84206
59.73,1.8,270.86006
59.73,1.8,270.86006
59.74,1.8,270.87806
59.75,1.8,270.89606
59.76,1.8,270.91406
59.77,1.8,270.93206
59.78,1.8,270.95006
59.78,1.8,270.95006
59.79,1.8,270.96806
59.8,1.799,270.98605
59.81,1.799,271.00404
59.82,1.799,271.02203
59.83,1.799,271.04002
59.83,1.799,271.04002
59.84,1.799,271.05801
59.85,1.799,271.076
59.86,1.799,271.09399
59.87,1.799,271.11198
59.88,1.799,271.12997
59.88,1.799,271.12997
59.89,1.799,271.14796
59.9,1.799,271.16595
59.91,1.799,271.18394
59.92,1.799,271.20193
59.93,1.799,271.21992
59.93,1.799,271.21992
59.94,1.799,271.23791
59.95,1.799,271.2559
59.96,1.799,271.27389
59.97,1.799,271.29188
59.98,1.799,271.30987
59.98,1.799,271.30987
59.99,1.799,271.32786
60,1.799,271.34585
60.01,1.799,271.36384
60.02,1.8,271.38184
60.03,1.8,271.39984
60.04,1.8,271.41784
60.04,1.8,271.41784
60.05,1.8,271.43584
60.06,1.8,271.45384
60.07,1.799,271.47183
60.08,1.799,271.48982
60.08,1.799,271.48982
60.09,1.799,271.50781
60.1,1.799,271.5258
60.11,1.798,271.54378
60.12,1.799,271.56177
60.13,1.799,271.57976
60.13,1.799,271.57976
60.14,1.799,271.59775
60.15,1.799,271.61574
60.16,1.798,271.63372
60.17,1.798,271.6517
60.18,1.798,271.66968
60.18,1.798,271.66968
60.19,1.798,271.68766
60.2,1.798,271.70564
60.21,1.798,271.72362
60.22,1.798,271.7416
60.23,1.799,271.75959
60.23,1.799,271.75959
60.24,1.799,271.77758
60.25,1.798,271.79556
60.26,1.798,271.81354
60.27,1.799,271.83153
60.28,1.799,271.84952
60.29,1.799,271.86751
60.29,1.799,271.86751
60.3,1.799,271.8855
60.31,1.799,271.90349
60.32,1.799,271.92148
60.33,1.799,271.93947
60.33,1.799,271.93947
60.34,1.799,271.95746
60.35,1.799,271.97545
60.36,1.799,271.99344
60.37,1.799,272.01143
60.38,1.799,272.02942
60.38,1.799,272.02942
60.39,1.799,272.04741
60.4,1.799,272.0654
60.41,1.799,272.08339
60.42,1.799,272.10138
60.43,1.799,272.11937
60.43,1.798,272.11937
60.44,1.798,272.13735
60.45,1.798,272.15533
60.46,1.798,272.17331
60.47,1.798,272.19129
60.48,1.798,272.20927
60.48,1.798,272.20927
60.49,1.798,272.22725
60.5,1.798,272.24523
60.51,1.798,272.26321
60.52,1.798,272.28119
60.53,1.798,272.29917
60.53,1.799,272.29917
60.54,1.799,272.31716
60.55,1.798,272.33514
60.56,1.798,272.35312
60.57,1.798,272.3711
60.58,1.798,272.38908
60.58,1.798,272.38908
60.59,1.798,272.40706
60.6,1.798,272.42504
60.61,1.798,272.44302
60.62,1.798,272.461
60.63,1.798,272.47898
60.63,1.798,272.47898
60.64,1.798,272.49696
60.65,1.797,272.51493
60.66,1.797,272.5329
60.67,1.797,272.55087
60.68,1.797,272.56884
60.68,1.797,272.56884
60.69,1.797,272.58681
60.7,1.797,272.60478
60.71,1.796,272.62274
60.72,1.796,272.6407
60.73,1.796,272.65866
60.74,1.796,272.67662
60.74,1.796,272.67662
60.75,1.796,272.69458
60.76,1.796,272.71254
60.77,1.796,272.7305
60.78,1.796,272.74846
60.78,1.797,272.74846
60.79,1.797,272.76643
60.8,1.797,272.7844
60.81,1.797,272.80237
60.82,1.797,272.82034
60.83,1.796,272.8383
60.83,1.796,272.8383
60.84,1.796,272.85626
60.85,1.796,272.87422
60.86,1.796,272.89218
60.87,1.796,272.91014
60.88,1.796,272.9281
60.88,1.796,272.9281
60.89,1.796,272.94606
60.9,1.796,272.96402
60.91,1.796,272.98198
60.92,1.796,272.99994
60.93,1.796,273.0179
60.93,1.796,273.0179
60.94,1.795,273.03585
60.95,1.796,273.05381
60.96,1.796,273.07177
60.97,1.795,273.08972
60.98,1.795,273.10767
60.99,1.795,273.12562
60.99,1.795,273.12562
61,1.795,273.14357
61.01,1.795,273.16152
61.02,1.795,273.17947
61.03,1.795,273.19742
61.03,1.795,273.19742
61.04,1.795,273.21537
61.05,1.795,273.23332
61.06,1.795,273.25127
61.07,1.795,273.26922
61.08,1.795,273.28717
61.08,1.795,273.28717
61.09,1.795,273.30512
61.1,1.796,273.32308
61.11,1.796,273.34104
61.12,1.795,273.35899
61.13,1.795,273.37694
61.13,1.795,273.37694
61.14,1.795,273.39489
61.15,1.795,273.41284
61.16,1.795,273.43079
61.17,1.794,273.44873
61.18,1.794,273.46667
61.18,1.794,273.46667
61.19,1.794,273.48461
61.2,1.794,273.50255
61.21,1.794,273.52049
61.22,1.794,273.53843
61.23,1.794,273.55637
61.24,1.794,273.57431
61.24,1.794,273.57431
61.25,1.794,273.59225
61.26,1.794,273.61019
61.27,1.794,273.62813
61.28,1.794,273.64607
61.28,1.793,273.64607
61.29,1.793,273.664
61.3,1.793,273.68193
61.31,1.793,273.69986
61.32,1.793,273.71779
61.33,1.793,273.73572
61.33,1.793,273.73572
61.34,1.793,273.75365
61.35,1.793,273.77158
61.36,1.793,273.78951
61.37,1.793,273.80744
61.38,1.793,273.82537
61.38,1.793,273.82537
61.39,1.793,273.8433
61.4,1.793,273.86123
61.41,1.793,273.87916
61.42,1.794,273.8971
61.43,1.794,273.91504
61.44,1.794,273.93298
61.44,1.794,273.93298
61.45,1.795,273.95093
61.46,1.795,273.96888
61.47,1.795,273.98683
61.48,1.795,274.00478
61.48,1.795,274.00478
61.49,1.794,274.02272
61.5,1.794,274.04066
61.51,1.794,274.0586
61.52,1.794,274.07654
61.53,1.794,274.09448
61.53,1.794,274.09448
61.54,1.794,274.11242
61.55,1.794,274.13036
61.56,1.793,274.14829
61.57,1.793,274.16622
61.58,1.793,274.18415
61.58,1.793,274.18415
61.59,1.793,274.20208
61.6,1.793,274.22001
61.61,1.794,274.23795
61.62,1.794,274.25589
61.63,1.794,274.27383
61.63,1.794,274.27383
61.64,1.795,274.29178
61.65,1.795,274.30973
61.66,1.795,274.32768
61.67,1.795,274.34563
61.68,1.795,274.36358
61.68,1.795,274.36358
61.69,1.795,274.38153
61.7,1.795,274.39948
61.71,1.795,274.41743
61.72,1.795,274.43538
61.73,1.795,274.45333
61.74,1.795,274.47128
61.74,1.795,274.47128
61.75,1.795,274.48923
61.76,1.796,274.50719
61.77,1.796,274.52515
61.78,1.795,274.5431
61.78,1.795,274.5431
61.79,1.795,274.56105
61.8,1.795,274.579
61.81,1.794,274.59694
61.82,1.794,274.61488
61.83,1.794,274.63282
61.83,1.794,274.63282
61.84,1.794,274.65076
61.85,1.794,274.6687
61.86,1.794,274.68664
61.87,1.794,274.70458
61.88,1.794,274.72252
61.88,1.794,274.72252
61.89,1.794,274.74046
61.9,1.794,274.7584
61.91,1.794,274.77634
61.92,1.794,274.79428
61.93,1.794,274.81222
61.93,1.794,274.81222
61.94,1.794,274.83016
61.95,1.794,274.8481
61.96,1.794,274.86604
61.97,1.794,274.88398
61.98,1.794,274.90192
61.99,1.794,274.91986
61.99,1.794,274.91986
62,1.794,274.9378
62.01,1.794,274.95574
62.02,1.794,274.97368
62.03,1.794,274.99162
62.04,1.794,275.00956
62.04,1.794,275.00956
62.05,1.794,275.0275
62.06,1.794,275.04544
62.07,1.794,275.06338
62.08,1.794,275.08132
62.09,1.793,275.09925
62.09,1.793,275.09925
62.1,1.793,275.11718
62.11,1.793,275.13511
62.12,1.793,275.15304
62.13,1.793,275.17097
62.13,1.793,275.17097
62.14,1.793,275.1889
62.15,1.793,275.20683
62.16,1.793,275.22476
62.17,1.794,275.2427
62.18,1.794,275.26064
62.18,1.794,275.26064
62.19,1.794,275.27858
62.2,1.794,275.29652
62.21,1.795,275.31447
62.22,1.795,275.33242
62.23,1.795,275.35037
62.23,1.795,275.35037
62.24,1.795,275.36832
62.25,1.795,275.38627
62.26,1.795,275.40422
62.27,1.795,275.42217
62.28,1.795,275.44012
62.28,1.795,275.44012
62.29,1.795,275.45807
62.3,1.794,275.47601
62.31,1.794,275.49395
62.32,1.794,275.51189
62.33,1.794,275.52983
62.34,1.794,275.54777
62.34,1.794,275.54777
62.35,1.794,275.56571
62.36,1.794,275.58365
62.37,1.794,275.60159
62.38,1.794,275.61953
62.39,1.795,275.63748
62.39,1.795,275.63748
62.4,1.795,275.65543
62.41,1.794,275.67337
62.42,1.794,275.69131
62.43,1.794,275.70925
62.44,1.794,275.72719
62.44,1.794,275.72719
62.45,1.794,275.74513
62.46,1.794,275.76307
62.47,1.795,275.78102
62.48,1.795,275.79897
62.48,1.795,275.79897
62.49,1.795,275.81692
62.5,1.795,275.83487
62.51,1.794,275.85281
62.52,1.794,275.87075
62.53,1.794,275.88869
62.53,1.794,275.88869
62.54,1.794,275.90663
62.55,1.794,275.92457
62.56,1.794,275.94251
62.57,1.794,275.96045
62.58,1.794,275.97839
62.58,1.794,275.97839
62.59,1.794,275.99633
62.6,1.794,276.01427
62.61,1.794,276.03221
62.62,1.794,276.05015
62.63,1.794,276.06809
62.64,1.794,276.08603
62.64,1.794,276.08603
62.65,1.794,276.10397
62.66,1.793,276.1219
62.67,1.793,276.13983
62.68,1.793,276.15776
62.68,1.793,276.15776
62.69,1.793,276.17569
62.7,1.793,276.19362
62.71,1.793,276.21155
62.72,1.793,276.22948
62.73,1.793,276.24741
62.73,1.793,276.24741
62.74,1.793,276.26534
62.75,1.793,276.28327
62.76,1.792,276.30119
62.77,1.792,276.31911
62.78,1.792,276.33703
62.78,1.792,276.33703
62.79,1.792,276.35495
62.8,1.792,276.37287
62.81,1.792,276.39079
62.82,1.792,276.40871
62.83,1.792,276.42663
62.83,1.792,276.42663
62.84,1.792,276.44455
62.85,1.792,276.46247
62.86,1.793,276.4804
62.87,1.793,276.49833
62.88,1.792,276.51625
62.88,1.792,276.51625
62.89,1.792,276.53417
62.9,1.792,276.55209
62.91,1.792,276.57001
62.92,1.792,276.58793
62.93,1.792,276.60585
62.93,1.792,276.60585
62.94,1.792,276.62377
62.95,1.792,276.64169
62.96,1.792,276.65961
62.97,1.792,276.67753
62.98,1.792,276.69545
62.98,1.792,276.69545
62.99,1.792,276.71337
63,1.792,276.73129
63.01,1.792,276.74921
63.02,1.792,276.76713
63.03,1.792,276.78505
63.03,1.792,276.78505
63.04,1.792,276.80297
63.05,1.792,276.82089
63.06,1.792,276.83881
63.07,1.792,276.85673
63.08,1.792,276.87465
63.08,1.792,276.87465
63.09,1.792,276.89257
63.1,1.792,276.91049
63.11,1.792,276.92841
63.12,1.792,276.94633
63.13,1.792,276.96425
63.13,1.792,276.96425
63.14,1.792,276.98217
63.15,1.792,277.00009
63.16,1.792,277.01801
63.17,1.792,277.03593
63.18,1.792,277.05385
63.18,1.791,277.05385
63.19,1.791,277.07176
63.2,1.791,277.08967
63.21,1.791,277.10758
63.22,1.791,277.12549
63.23,1.79,277.14339
63.24,1.79,277.16129
63.24,1.79,277.16129
63.25,1.79,277.17919
63.26,1.79,277.19709
63.27,1.79,277.21499
63.28,1.79,277.23289
63.28,1.79,277.23289
63.29,1.79,277.25079
63.3,1.791,277.2687
63.31,1.791,277.28661
63.32,1.791,277.30452
63.33,1.791,277.32243
63.33,1.791,277.32243
63.34,1.791,277.34034
63.35,1.79,277.35824
63.36,1.79,277.37614
63.37,1.79,277.39404
63.38,1.79,277.41194
63.39,1.79,277.42984
63.39,1.79,277.42984
63.4,1.79,277.44774
63.41,1.789,277.46563
63.42,1.789,277.48352
63.43,1.789,277.50141
63.43,1.789,277.50141
63.44,1.79,277.51931
63.45,1.79,277.53721
63.46,1.79,277.55511
63.47,1.79,277.57301
63.48,1.79,277.59091
63.49,1.79,277.60881
63.49,1.79,277.60881
63.5,1.79,277.62671
63.51,1.79,277.64461
63.52,1.79,277.66251
63.53,1.79,277.68041
63.54,1.79,277.69831
63.54,1.79,277.69831
63.55,1.79,277.71621
63.56,1.79,277.73411
63.57,1.79,277.75201
63.58,1.79,277.76991
63.58,1.79,277.76991
63.59,1.79,277.78781
63.6,1.79,277.80571
63.61,1.791,277.82362
63.62,1.791,277.84153
63.63,1.791,277.85944
63.64,1.79,277.87734
63.64,1.79,277.87734
63.65,1.79,277.89524
63.66,1.79,277.91314
63.67,1.79,277.93104
63.68,1.79,277.94894
63.69,1.79,277.96684
63.69,1.79,277.96684
63.7,1.79,277.98474
63.71,1.79,278.00264
63.72,1.791,278.02055
63.73,1.791,278.03846
63.74,1.791,278.05637
63.74,1.791,278.05637
63.75,1.791,278.07428
63.76,1.791,278.09219
63.77,1.791,278.1101
63.78,1.791,278.12801
63.79,1.791,278.14592
63.79,1.791,278.14592
63.8,1.791,278.16383
63.81,1.791,278.18174
63.82,1.791,278.19965
63.83,1.791,278.21756
63.84,1.791,278.23547
63.84,1.791,278.23547
63.85,1.791,278.25338
63.86,1.791,278.27129
63.87,1.791,278.2892
63.88,1.792,278.30712
63.88,1.792,278.30712
63.89,1.792,278.32504
63.9,1.792,278.34296
63.91,1.792,278.36088
63.92,1.792,278.3788
63.93,1.792,278.39672
63.93,1.792,278.39672
63.94,1.792,278.41464
63.95,1.792,278.43256
63.96,1.792,278.45048
63.97,1.792,278.4684
63.98,1.792,278.48632
63.99,1.792,278.50424
63.99,1.792,278.50424
64,1.792,278.52216
64.01,1.792,278.54008
64.02,1.792,278.558
64.03,1.792,278.57592
64.03,1.792,278.57592
64.04,1.792,278.59384
64.05,1.792,278.61176
64.06,1.792,278.62968
64.07,1.792,278.6476
64.08,1.792,278.66552
64.09,1.792,278.68344
64.09,1.792,278.68344
64.1,1.792,278.70136
64.11,1.792,278.71928
64.12,1.792,278.7372
64.13,1.792,278.75512
64.13,1.792,278.75512
64.14,1.792,278.77304
64.15,1.792,278.79096
64.16,1.792,278.80888
64.17,1.791,278.82679
64.18,1.791,278.8447
64.19,1.792,278.86262
64.19,1.792,278.86262
64.2,1.792,278.88054
64.21,1.792,278.89846
64.22,1.792,278.91638
64.23,1.792,278.9343
64.24,1.792,278.95222
64.24,1.792,278.95222
64.25,1.792,278.97014
64.26,1.792,278.98806
64.27,1.792,279.00598
64.28,1.792,279.0239
64.29,1.792,279.04182
64.29,1.792,279.04182
64.3,1.792,279.05974
64.31,1.792,279.07766
64.32,1.792,279.09558
64.33,1.792,279.1135
64.34,1.793,279.13143
64.34,1.793,279.13143
64.35,1.792,279.14935
64.36,1.792,279.16727
64.37,1.792,279.18519
64.38,1.792,279.20311
64.38,1.792,279.20311
64.39,1.792,279.22103
64.4,1.792,279.23895
64.41,1.792,279.25687
64.42,1.792,279.27479
64.43,1.792,279.29271
64.44,1.792,279.31063
64.44,1.792,279.31063
64.45,1.792,279.32855
64.46,1.792,279.34647
64.47,1.792,279.36439
64.48,1.793,279.38232
64.49,1.793,279.40025
64.49,1.793,279.40025
64.5,1.793,279.41818
64.51,1.793,279.43611
64.52,1.793,279.45404
64.53,1.793,279.47197
64.54,1.793,279.4899
64.54,1.793,279.4899
64.55,1.793,279.50783
64.56,1.793,279.52576
64.57,1.793,279.54369
64.58,1.793,279.56162
64.58,1.794,279.56162
64.59,1.793,279.57955
64.6,1.793,279.59748
64.61,1.793,279.61541
64.62,1.793,279.63334
64.63,1.793,279.65127
64.64,1.793,279.6692
64.64,1.793,279.6692
64.65,1.793,279.68713
64.66,1.794,279.70507
64.67,1.794,279.72301
64.68,1.794,279.74095
64.69,1.794,279.75889
64.69,1.794,279.75889
64.7,1.794,279.77683
64.71,1.794,279.79477
64.72,1.793,279.8127
64.73,1.793,279.83063
64.74,1.793,279.84856
64.74,1.793,279.84856
64.75,1.793,279.86649
64.76,1.793,279.88442
64.77,1.793,279.90235
64.78,1.793,279.92028
64.79,1.793,279.93821
64.79,1.793,279.93821
64.8,1.794,279.95615
64.81,1.794,279.97409
64.82,1.794,279.99203
64.83,1.794,280.00997
64.83,1.794,280.00997
64.84,1.794,280.02791
64.85,1.794,280.04585
64.86,1.793,280.06378
64.87,1.793,280.08171
64.88,1.793,280.09964
64.89,1.792,280.11756
64.89,1.792,280.11756
64.9,1.792,280.13548
64.91,1.792,280.1534
64.92,1.792,280.17132
64.93,1.792,280.18924
64.94,1.792,280.20716
64.94,1.793,280.20716
64.95,1.793,280.22509
64.96,1.793,280.24302
64.97,1.793,280.26095
64.98,1.793,280.27888
64.99,1.793,280.29681
64.99,1.793,280.29681
65,1.793,280.31474
65.01,1.793,280.33267
65.02,1.793,280.3506
65.03,1.793,280.36853
65.04,1.792,280.38645
65.04,1.792,280.38645
65.05,1.792,280.40437
65.06,1.792,280.42229
65.07,1.792,280.44021
65.08,1.792,280.45813
65.09,1.793,280.47606
65.09,1.793,280.47606
65.1,1.793,280.49399
65.11,1.793,280.51192
65.12,1.793,280.52985
65.13,1.793,280.54778
65.14,1.793,280.56571
65.14,1.793,280.56571
65.15,1.793,280.58364
65.16,1.793,280.60157
65.17,1.794,280.61951
65.18,1.794,280.63745
65.18,1.794,280.63745
65.19,1.794,280.65539
65.2,1.794,280.67333
65.21,1.794,280.69127
65.22,1.794,280.70921
65.23,1.793,280.72714
65.24,1.793,280.74507
65.24,1.793,280.74507
65.25,1.793,280.763
65.26,1.793,280.78093
65.27,1.793,280.79886
65.28,1.793,280.81679
65.29,1.793,280.83472
65.29,1.793,280.83472
65.3,1.793,280.85265
65.31,1.793,280.87058
65.32,1.793,280.88851
65.33,1.793,280.90644
65.34,1.793,280.92437
65.34,1.793,280.92437
65.35,1.793,280.9423
65.36,1.793,280.96023
65.37,1.793,280.97816
65.38,1.793,280.99609
65.39,1.793,281.01402
65.39,1.793,281.01402
65.4,1.793,281.03195
65.41,1.793,281.04988
65.42,1.793,281.06781
65.43,1.793,281.08574
65.44,1.794,281.10368
65.44,1.794,281.10368
65.45,1.794,281.12162
65.46,1.794,281.13956
65.47,1.794,281.1575
65.48,1.794,281.17544
65.49,1.794,281.19338
65.49,1.794,281.19338
65.5,1.794,281.21132
65.51,1.793,281.22925
65.52,1.793,281.24718
65.53,1.793,281.26511
65.54,1.793,281.28304
65.54,1.793,281.28304
65.55,1.794,281.30098
65.56,1.794,281.31892
65.57,1.794,281.33686
65.58,1.794,281.3548
65.59,1.794,281.37274
65.59,1.793,281.37274
65.6,1.793,281.39067
65.61,1.793,281.4086
65.62,1.793,281.42653
65.63,1.793,281.44446
65.64,1.793,281.46239
65.64,1.793,281.46239
65.65,1.793,281.48032
65.66,1.794,281.49826
65.67,1.794,281.5162
65.68,1.794,281.53414
65.69,1.794,281.55208
65.69,1.794,281.55208
65.7,1.794,281.57002
65.71,1.794,281.58796
65.72,1.794,281.6059
65.73,1.794,281.62384
65.74,1.795,281.64179
65.74,1.795,281.64179
65.75,1.795,281.65974
65.76,1.795,281.67769
65.77,1.795,281.69564
65.78,1.795,281.71359
65.79,1.795,281.73154
65.79,1.795,281.73154
65.8,1.795,281.74949
65.81,1.795,281.76744
65.82,1.795,281.78539
65.83,1.795,281.80334
65.84,1.795,281.82129
65.84,1.795,281.82129
65.85,1.795,281.83924
65.86,1.795,281.85719
65.87,1.795,281.87514
65.88,1.795,281.89309
65.89,1.795,281.91104
65.89,1.796,281.91104
65.9,1.796,281.929
65.91,1.796,281.94696
65.92,1.796,281.96492
65.93,1.796,281.98288
65.94,1.796,282.00084
65.94,1.796,282.00084
65.95,1.796,282.0188
65.96,1.796,282.03676
65.97,1.796,282.05472
65.98,1.796,282.07268
65.99,1.796,282.09064
65.99,1.795,282.09064
66,1.795,282.10859
66.01,1.795,282.12654
66.02,1.795,282.14449
66.03,1.795,282.16244
66.04,1.795,282.18039
66.04,1.796,282.18039
66.05,1.796,282.19835
66.06,1.796,282.21631
66.07,1.796,282.23427
66.08,1.796,282.25223
66.09,1.796,282.27019
66.09,1.796,282.27019
66.1,1.796,282.28815
66.11,1.795,282.3061
66.12,1.795,282.32405
66.13,1.795,282.342
66.14,1.795,282.35995
66.14,1.795,282.35995
66.15,1.795,282.3779
66.16,1.795,282.39585
66.17,1.795,282.4138
66.18,1.794,282.43174
66.19,1.794,282.44968
66.19,1.794,282.44968
66.2,1.794,282.46762
66.21,1.794,282.48556
66.22,1.794,282.5035
66.23,1.794,282.52144
66.24,1.794,282.53938
66.24,1.795,282.53938
66.25,1.795,282.55733
66.26,1.795,282.57528
66.27,1.795,282.59323
66.28,1.795,282.61118
66.29,1.794,282.62912
66.29,1.794,282.62912
66.3,1.794,282.64706
66.31,1.794,282.665
66.32,1.794,282.68294
66.33,1.794,282.70088
66.34,1.794,282.71882
66.34,1.794,282.71882
66.35,1.794,282.73676
66.36,1.794,282.7547
66.37,1.794,282.77264
66.38,1.794,282.79058
66.39,1.794,282.80852
66.39,1.794,282.80852
66.4,1.794,282.82646
66.41,1.794,282.8444
66.42,1.794,282.86234
66.43,1.794,282.88028
66.44,1.794,282.89822
66.44,1.794,282.89822
66.45,1.794,282.91616
66.46,1.794,282.9341
66.47,1.794,282.95204
66.48,1.794,282.96998
66.49,1.794,282.98792
66.49,1.794,282.98792
66.5,1.794,283.00586
66.51,1.794,283.0238
66.52,1.795,283.04175
66.53,1.795,283.0597
66.54,1.795,283.07765
66.54,1.795,283.07765
66.55,1.795,283.0956
66.56,1.795,283.11355
66.57,1.795,283.1315
66.58,1.795,283.14945
66.59,1.795,283.1674
66.59,1.795,283.1674
66.6,1.795,283.18535
66.61,1.796,283.20331
66.62,1.796,283.22127
66.63,1.796,283.23923
66.64,1.795,283.25718
66.64,1.795,283.25718
66.65,1.795,283.27513
66.66,1.795,283.29308
66.67,1.795,283.31103
66.68,1.794,283.32897
66.69,1.794,283.34691
66.7,1.794,283.36485
66.7,1.795,283.36485
66.71,1.795,283.3828
66.72,1.795,283.40075
66.73,1.795,283.4187
66.74,1.795,283.43665
66.74,1.796,283.43665
66.75,1.796,283.45461
66.76,1.796,283.47257
66.77,1.796,283.49053
66.78,1.796,283.50849
66.79,1.796,283.52645
66.8,1.796,283.54441
66.8,1.796,283.54441
66.81,1.796,283.56237
66.82,1.796,283.58033
66.83,1.796,283.59829
66.84,1.796,283.61625
66.84,1.796,283.61625
66.85,1.796,283.63421
66.86,1.796,283.65217
66.87,1.797,283.67014
66.88,1.797,283.68811
66.89,1.797,283.70608
66.89,1.797,283.70608
66.9,1.796,283.72404
66.91,1.796,283.742
66.92,1.796,283.75996
66.93,1.796,283.77792
66.94,1.796,283.79588
66.94,1.796,283.79588
66.95,1.796,283.81384
66.96,1.796,283.8318
66.97,1.796,283.84976
66.98,1.796,283.86772
66.99,1.796,283.88568
66.99,1.797,283.88568
67,1.797,283.90365
67.01,1.797,283.92162
67.02,1.798,283.9396
67.03,1.798,283.95758
67.04,1.798,283.97556
67.04,1.798,283.97556
67.05,1.798,283.99354
67.06,1.798,284.01152
67.07,1.798,284.0295
67.08,1.798,284.04748
67.09,1.798,284.06546
67.09,1.798,284.06546
67.1,1.798,284.08344
67.11,1.798,284.10142
67.12,1.798,284.1194
67.13,1.798,284.13738
67.14,1.798,284.15536
67.14,1.799,284.15536
67.15,1.799,284.17335
67.16,1.799,284.19134
67.17,1.799,284.20933
67.18,1.799,284.22732
67.19,1.799,284.24531
67.19,1.799,284.24531
67.2,1.799,284.2633
67.21,1.799,284.28129
67.22,1.799,284.29928
67.23,1.799,284.31727
67.24,1.799,284.33526
67.24,1.799,284.33526
67.25,1.799,284.35325
67.26,1.799,284.37124
67.27,1.799,284.38923
67.28,1.799,284.40722
67.29,1.799,284.42521
67.29,1.799,284.42521
67.3,1.799,284.4432
67.31,1.799,284.46119
67.32,1.799,284.47918
67.33,1.799,284.49717
67.34,1.799,284.51516
67.34,1.799,284.51516
67.35,1.799,284.53315
67.36,1.799,284.55114
67.37,1.8,284.56914
67.38,1.8,284.58714
67.39,1.8,284.60514
67.39,1.8,284.60514
67.4,1.8,284.62314
67.41,1.8,284.64114
67.42,1.8,284.65914
67.43,1.8,284.67714
67.44,1.8,284.69514
67.44,1.799,284.69514
67.45,1.799,284.71313
67.46,1.799,284.73112
67.47,1.799,284.74911
67.48,1.799,284.7671
67.49,1.798,284.78508
67.5,1.798,284.80306
67.5,1.799,284.80306
67.51,1.799,284.82105
67.52,1.799,284.83904
67.53,1.799,284.85703
67.54,1.799,284.87502
67.54,1.799,284.87502
67.55,1.799,284.89301
67.56,1.799,284.911
67.57,1.799,284.92899
67.58,1.799,284.94698
67.59,1.799,284.96497
67.59,1.799,284.96497
67.6,1.798,284.98295
67.61,1.798,285.00093
67.62,1.798,285.01891
67.63,1.798,285.03689
67.64,1.798,285.05487
67.64,1.799,285.05487
67.65,1.799,285.07286
67.66,1.799,285.09085
67.67,1.799,285.10884
67.68,1.799,285.12683
67.69,1.799,285.14482
67.69,1.8,285.14482
67.7,1.8,285.16282
67.71,1.8,285.18082
67.72,1.8,285.19882
67.73,1.799,285.21681
67.74,1.799,285.2348
67.74,1.799,285.2348
67.75,1.799,285.25279
67.76,1.799,285.27078
67.77,1.799,285.28877
67.78,1.798,285.30675
67.79,1.798,285.32473
67.8,1.798,285.34271
67.8,1.798,285.34271
67.81,1.798,285.36069
67.82,1.798,285.37867
67.83,1.798,285.39665
67.84,1.799,285.41464
67.84,1.799,285.41464
67.85,1.799,285.43263
67.86,1.799,285.45062
67.87,1.799,285.46861
67.88,1.799,285.4866
67.88,1.799,285.4866
67.89,1.8,285.5046
67.9,1.799,285.52259
67.91,1.799,285.54058
67.92,1.799,285.55857
67.93,1.799,285.57656
67.94,1.799,285.59455
67.94,1.799,285.59455
67.95,1.799,285.61254
67.96,1.799,285.63053
67.97,1.799,285.64852
67.98,1.799,285.66651
67.99,1.799,285.6845
68,1.799,285.70249
68,1.799,285.70249
68.01,1.798,285.72047
68.02,1.798,285.73845
68.03,1.798,285.75643
68.04,1.798,285.77441
68.04,1.798,285.77441
68.05,1.798,285.79239
68.06,1.799,285.81038
68.07,1.799,285.82837
68.08,1.799,285.84636
68.09,1.799,285.86435
68.09,1.799,285.86435
68.1,1.799,285.88234
68.11,1.799,285.90033
68.12,1.799,285.91832
68.13,1.799,285.93631
68.14,1.799,285.9543
68.14,1.798,285.9543
68.15,1.798,285.97228
68.16,1.798,285.99026
68.17,1.798,286.00824
68.18,1.798,286.02622
68.19,1.798,286.0442
68.19,1.798,286.0442
68.2,1.798,286.06218
68.21,1.798,286.08016
68.22,1.799,286.09815
68.23,1.799,286.11614
68.24,1.799,286.13413
68.24,1.799,286.13413
68.25,1.799,286.15212
68.26,1.798,286.1701
68.27,1.798,286.18808
68.28,1.798,286.20606
68.29,1.798,286.22404
68.29,1.799,286.22404
68.3,1.799,286.24203
68.31,1.799,286.26002
68.32,1.799,286.27801
68.33,1.799,286.296
68.34,1.799,286.31399
68.34,1.799,286.31399
68.35,1.799,286.33198
68.36,1.799,286.34997
68.37,1.799,286.36796
68.38,1.799,286.38595
68.39,1.798,286.40393
68.39,1.798,286.40393
68.4,1.798,286.42191
68.41,1.798,286.43989
68.42,1.798,286.45787
68.43,1.798,286.47585
68.44,1.798,286.49383
68.44,1.799,286.49383
68.45,1.799,286.51182
68.46,1.799,286.52981
68.47,1.8,286.54781
68.48,1.8,286.56581
68.49,1.8,286.58381
68.49,1.8,286.58381
68.5,1.8,286.60181
68.51,1.799,286.6198
68.52,1.799,286.63779
68.53,1.799,286.65578
68.54,1.799,286.67377
68.54,1.799,286.67377
68.55,1.799,286.69176
68.56,1.799,286.70975
68.57,1.799,286.72774
68.58,1.799,286.74573
68.58,1.8,286.74573
68.59,1.8,286.76373
68.6,1.799,286.78172
68.61,1.799,286.79971
68.62,1.799,286.8177
68.63,1.8,286.8357
68.64,1.8,286.8537
68.64,1.8,286.8537
68.65,1.8,286.8717
68.66,1.8,286.8897
68.67,1.8,286.9077
68.68,1.8,286.9257
68.69,1.8,286.9437
68.69,1.8,286.9437
68.7,1.8,286.9617
68.71,1.8,286.9797
68.72,1.8,286.9977
68.73,1.8,287.0157
68.74,1.8,287.0337
68.74,1.8,287.0337
68.75,1.8,287.0517
68.76,1.8,287.0697
68.77,1.8,287.0877
68.78,1.8,287.1057
68.79,1.8,287.1237
68.8,1.8,287.1417
68.8,1.8,287.1417
68.81,1.8,287.1597
68.82,1.8,287.1777
68.83,1.8,287.1957
68.84,1.8,287.2137
68.84,1.8,287.2137
68.85,1.801,287.23171
68.86,1.801,287.24972
68.87,1.801,287.26773
68.88,1.8,287.28573
68.88,1.8,287.28573
68.89,1.8,287.30373
68.9,1.8,287.32173
68.91,1.8,287.33973
68.92,1.8,287.35773
68.93,1.8,287.37573
68.94,1.8,287.39373
68.94,1.801,287.39373
68.95,1.801,287.41174
68.96,1.801,287.42975
68.97,1.801,287.44776
68.98,1.802,287.46578
68.99,1.801,287.48379
68.99,1.801,287.48379
69,1.801,287.5018
69.01,1.801,287.51981
69.02,1.801,287.53782
69.03,1.801,287.55583
69.04,1.801,287.57384
69.04,1.801,287.57384
69.05,1.801,287.59185
69.06,1.801,287.60986
69.07,1.801,287.62787
69.08,1.801,287.64588
69.09,1.8,287.66388
69.09,1.8,287.66388
69.1,1.8,287.68188
69.11,1.8,287.69988
69.12,1.801,287.71789
69.13,1.801,287.7359
69.14,1.801,287.75391
69.14,1.802,287.75391
69.15,1.802,287.77193
69.16,1.802,287.78995
69.17,1.802,287.80797
69.18,1.802,287.82599
69.19,1.802,287.84401
69.19,1.802,287.84401
69.2,1.802,287.86203
69.21,1.802,287.88005
69.22,1.802,287.89807
69.23,1.802,287.91609
69.24,1.802,287.93411
69.24,1.802,287.93411
69.25,1.802,287.95213
69.26,1.802,287.97015
69.27,1.803,287.98818
69.28,1.803,288.00621
69.29,1.803,288.02424
69.29,1.803,288.02424
69.3,1.803,288.04227
69.31,1.803,288.0603
69.32,1.803,288.07833
69.33,1.803,288.09636
69.34,1.803,288.11439
69.34,1.802,288.11439
69.35,1.802,288.13241
69.36,1.802,288.15043
69.37,1.802,288.16845
69.38,1.802,288.18647
69.38,1.802,288.18647
69.39,1.802,288.20449
69.4,1.802,288.22251
69.41,1.802,288.24053
69.42,1.802,288.25855
69.43,1.802,288.27657
69.44,1.802,288.29459
69.44,1.802,288.29459
69.45,1.802,288.31261
69.46,1.802,288.33063
69.47,1.802,288.34865
69.48,1.802,288.36667
69.48,1.802,288.36667
69.49,1.802,288.38469
69.5,1.802,288.40271
69.51,1.802,288.42073
69.52,1.802,288.43875
69.53,1.802,288.45677
69.54,1.802,288.47479
69.54,1.801,288.47479
69.55,1.801,288.4928
69.56,1.801,288.51081
69.57,1.801,288.52882
69.58,1.801,288.54683
69.59,1.801,288.56484
69.59,1.801,288.56484
69.6,1.801,288.58285
69.61,1.801,288.60086
69.62,1.802,288.61888
69.63,1.801,288.63689
69.64,1.801,288.6549
69.64,1.801,288.6549
69.65,1.802,288.67292
69.66,1.802,288.69094
69.67,1.802,288.70896
69.68,1.802,288.72698
69.68,1.802,288.72698
69.69,1.802,288.745
69.7,1.802,288.76302
69.71,1.802,288.78104
69.72,1.801,288.79905
69.73,1.801,288.81706
69.73,1.801,288.81706
69.74,1.801,288.83507
69.75,1.801,288.85308
69.76,1.801,288.87109
69.77,1.801,288.8891
69.78,1.801,288.90711
69.78,1.801,288.90711
69.79,1.801,288.92512
69.8,1.801,288.94313
69.81,1.801,288.96114
69.82,1.802,288.97916
69.83,1.802,288.99718
69.84,1.802,289.0152
69.84,1.802,289.0152
69.85,1.802,289.03322
69.86,1.802,289.05124
69.87,1.802,289.06926
69.88,1.802,289.08728
69.88,1.801,289.08728
69.89,1.801,289.10529
69.9,1.801,289.1233
69.91,1.801,289.14131
69.92,1.801,289.15932
69.93,1.801,289.17733
69.94,1.802,289.19535
69.94,1.802,289.19535
69.95,1.801,289.21336
69.96,1.801,289.23137
69.97,1.801,289.24938
69.98,1.801,289.26739
69.98,1.801,289.26739
69.99,1.801,289.2854
70,1.801,289.30341
70.01,1.802,289.32143
70.02,1.802,289.33945
70.03,1.802,289.35747
70.04,1.802,289.37549
70.04,1.802,289.37549
70.05,1.802,289.39351
70.06,1.802,289.41153
70.07,1.802,289.42955
70.08,1.802,289.44757
70.09,1.802,289.46559
70.09,1.802,289.46559
70.1,1.803,289.48362
70.11,1.803,289.50165
70.12,1.803,289.51968
70.13,1.803,289.53771
70.14,1.803,289.55574
70.14,1.802,289.55574
70.15,1.802,289.57376
70.16,1.802,289.59178
70.17,1.801,289.60979
70.18,1.801,289.6278
70.18,1.801,289.6278
70.19,1.801,289.64581
70.2,1.801,289.66382
70.21,1.801,289.68183
70.22,1.801,289.69984
70.23,1.801,289.71785
70.23,1.801,289.71785
70.24,1.801,289.73586
70.25,1.802,289.75388
70.26,1.802,289.7719
70.27,1.802,289.78992
70.28,1.802,289.80794
70.28,1.802,289.80794
70.29,1.802,289.82596
70.3,1.802,289.84398
70.31,1.802,289.862
70.32,1.802,289.88002
70.33,1.802,289.89804
70.34,1.802,289.91606
70.34,1.802,289.91606
70.35,1.803,289.93409
70.36,1.803,289.95212
70.37,1.803,289.97015
70.38,1.803,289.98818
70.39,1.803,290.00621
70.39,1.804,290.00621
70.4,1.804,290.02425
70.41,1.804,290.04229
70.42,1.804,290.06033
70.43,1.804,290.07837
70.44,1.804,290.09641
70.44,1.804,290.09641
70.45,1.803,290.11444
70.46,1.803,290.13247
70.47,1.803,290.1505
70.48,1.803,290.16853
70.49,1.802,290.18655
70.49,1.802,290.18655
70.5,1.802,290.20457
70.51,1.802,290.22259
70.52,1.803,290.24062
70.53,1.803,290.25865
70.54,1.803,290.27668
70.54,1.803,290.27668
70.55,1.803,290.29471
70.56,1.803,290.31274
70.57,1.803,290.33077
70.58,1.803,290.3488
70.59,1.803,290.36683
70.59,1.804,290.36683
70.6,1.804,290.38487
70.61,1.804,290.40291
70.62,1.804,290.42095
70.63,1.805,290.439
70.63,1.805,290.439
70.64,1.805,290.45705
70.65,1.805,290.4751
70.66,1.805,290.49315
70.67,1.805,290.5112
70.68,1.805,290.52925
70.69,1.805,290.5473
70.69,1.805,290.5473
70.7,1.805,290.56535
70.71,1.805,290.5834
70.72,1.805,290.60145
70.73,1.805,290.6195
70.74,1.805,290.63755
70.74,1.805,290.63755
70.75,1.805,290.6556
70.76,1.805,290.67365
70.77,1.805,290.6917
70.78,1.805,290.70975
70.79,1.805,290.7278
70.79,1.805,290.7278
70.8,1.806,290.74586
70.81,1.806,290.76392
70.82,1.806,290.78198
70.83,1.806,290.80004
70.84,1.806,290.8181
70.84,1.805,290.8181
70.85,1.805,290.83615
70.86,1.805,290.8542
70.87,1.805,290.87225
70.88,1.805,290.8903
70.89,1.805,290.90835
70.89,1.805,290.90835
70.9,1.805,290.9264
70.91,1.805,290.94445
70.92,1.806,290.96251
70.93,1.806,290.98057
70.94,1.806,290.99863
70.94,1.806,290.99863
70.95,1.805,291.01668
70.96,1.805,291.03473
70.97,1.805,291.05278
70.98,1.805,291.07083
70.99,1.805,291.08888
70.99,1.805,291.08888
71,1.805,291.10693
71.01,1.805,291.12498
71.02,1.805,291.14303
71.03,1.805,291.16108
71.04,1.805,291.17913
71.04,1.805,291.17913
71.05,1.805,291.19718
71.06,1.805,291.21523
71.07,1.805,291.23328
71.08,1.805,291.25133
71.09,1.805,291.26938
71.09,1.805,291.26938
71.1,1.805,291.28743
71.11,1.805,291.30548
71.12,1.806,291.32354
71.13,1.806,291.3416
71.14,1.806,291.35966
71.14,1.806,291.35966
71.15,1.806,291.37772
71.16,1.807,291.39579
71.17,1.807,291.41386
71.18,1.807,291.43193
71.18,1.807,291.43193
71.19,1.807,291.45
71.2,1.807,291.46807
71.21,1.808,291.48615
71.22,1.808,291.50423
71.23,1.808,291.52231
71.24,1.808,291.54039
71.24,1.807,291.54039
71.25,1.807,291.55846
71.26,1.807,291.57653
71.27,1.807,291.5946
71.28,1.807,291.61267
71.29,1.806,291.63073
71.29,1.806,291.63073
71.3,1.806,291.64879
71.31,1.806,291.66685
71.32,1.807,291.68492
71.33,1.807,291.70299
71.34,1.807,291.72106
71.34,1.807,291.72106
71.35,1.807,291.73913
71.36,1.806,291.75719
71.37,1.806,291.77525
71.38,1.806,291.79331
71.39,1.806,291.81137
71.39,1.806,291.81137
71.4,1.806,291.82943
71.41,1.806,291.84749
71.42,1.807,291.86556
71.43,1.807,291.88363
71.44,1.807,291.9017
71.44,1.806,291.9017
71.45,1.806,291.91976
71.46,1.806,291.93782
71.47,1.806,291.95588
71.48,1.806,291.97394
71.49,1.807,291.99201
71.49,1.807,291.99201
71.5,1.807,292.01008
71.51,1.807,292.02815
71.52,1.807,292.04622
71.53,1.807,292.06429
71.54,1.807,292.08236
71.54,1.807,292.08236
71.55,1.807,292.10043
71.56,1.808,292.11851
71.57,1.808,292.13659
71.58,1.808,292.15467
71.59,1.808,292.17275
71.59,1.808,292.17275
71.6,1.808,292.19083
71.61,1.807,292.2089
71.62,1.807,292.22697
71.63,1.807,292.24504
71.64,1.807,292.26311
71.64,1.807,292.26311
71.65,1.806,292.28117
71.66,1.806,292.29923
71.67,1.806,292.31729
71.68,1.806,292.33535
71.69,1.806,292.35341
71.69,1.806,292.35341
71.7,1.806,292.37147
71.71,1.806,292.38953
71.72,1.806,292.40759
71.73,1.806,292.42565
71.74,1.807,292.44372
71.74,1.807,292.44372
71.75,1.807,292.46179
71.76,1.807,292.47986
71.77,1.807,292.49793
71.78,1.807,292.516
71.79,1.807,292.53407
71.79,1.806,292.53407
71.8,1.806,292.55213
71.81,1.806,292.57019
71.82,1.806,292.58825
71.83,1.806,292.60631
71.84,1.806,292.62437
71.84,1.806,292.62437
71.85,1.806,292.64243
71.86,1.806,292.66049
71.87,1.806,292.67855
71.88,1.806,292.69661
71.89,1.807,292.71468
71.89,1.807,292.71468
71.9,1.808,292.73276
71.91,1.808,292.75084
71.92,1.808,292.76892
71.93,1.808,292.787
71.94,1.808,292.80508
71.94,1.808,292.80508
71.95,1.808,292.82316
71.96,1.808,292.84124
71.97,1.808,292.85932
71.98,1.808,292.8774
71.99,1.808,292.89548
71.99,1.808,292.89548
72,1.808,292.91356
72.01,1.808,292.93164
72.02,1.808,292.94972
72.03,1.808,292.9678
72.04,1.808,292.98588
72.04,1.808,292.98588
72.05,1.808,293.00396
72.06,1.809,293.02205
72.07,1.809,293.04014
72.08,1.809,293.05823
72.09,1.808,293.07631
72.09,1.808,293.07631
72.1,1.808,293.09439
72.11,1.808,293.11247
72.12,1.808,293.13055
72.13,1.808,293.14863
72.14,1.808,293.16671
72.14,1.809,293.16671
72.15,1.809,293.1848
72.16,1.809,293.20289
72.17,1.809,293.22098
72.18,1.809,293.23907
72.19,1.809,293.25716
72.19,1.809,293.25716
72.2,1.809,293.27525
72.21,1.809,293.29334
72.22,1.809,293.31143
72.23,1.808,293.32951
72.24,1.808,293.34759
72.24,1.808,293.34759
72.25,1.808,293.36567
72.26,1.808,293.38375
72.27,1.808,293.40183
72.28,1.808,293.41991
72.29,1.808,293.43799
72.29,1.808,293.43799
72.3,1.808,293.45607
72.31,1.808,293.47415
72.32,1.808,293.49223
72.33,1.808,293.51031
72.34,1.808,293.52839
72.35,1.808,293.54647
72.35,1.808,293.54647
72.36,1.809,293.56456
72.37,1.809,293.58265
72.38,1.809,293.60074
72.39,1.809,293.61883
72.4,1.809,293.63692
72.4,1.809,293.63692
72.41,1.809,293.65501
72.42,1.809,293.6731
72.43,1.809,293.69119
72.44,1.809,293.70928
72.45,1.809,293.72737
72.45,1.809,293.72737
72.46,1.81,293.74547
72.47,1.81,293.76357
72.48,1.81,293.78167
72.49,1.81,293.79977
72.5,1.81,293.81787
72.5,1.81,293.81787
72.51,1.81,293.83597
72.52,1.81,293.85407
72.53,1.81,293.87217
72.54,1.81,293.89027
72.54,1.81,293.89027
72.55,1.81,293.90837
72.56,1.809,293.92646
72.57,1.809,293.94455
72.58,1.809,293.96264
72.59,1.809,293.98073
72.6,1.809,293.99882
72.6,1.809,293.99882
72.61,1.81,294.01692
72.62,1.81,294.03502
72.63,1.81,294.05312
72.64,1.81,294.07122
72.64,1.81,294.07122
72.65,1.81,294.08932
72.66,1.81,294.10742
72.67,1.81,294.12552
72.68,1.81,294.14362
72.69,1.81,294.16172
72.69,1.81,294.16172
72.7,1.81,294.17982
72.71,1.81,294.19792
72.72,1.81,294.21602
72.73,1.811,294.23413
72.74,1.811,294.25224
72.75,1.811,294.27035
72.75,1.811,294.27035
72.76,1.811,294.28846
72.77,1.811,294.30657
72.78,1.811,294.32468
72.79,1.811,294.34279
72.79,1.811,294.34279
72.8,1.811,294.3609
72.81,1.811,294.37901
72.82,1.811,294.39712
72.83,1.811,294.41523
72.84,1.811,294.43334
72.85,1.812,294.45146
72.85,1.812,294.45146
72.86,1.812,294.46958
72.87,1.812,294.4877
72.88,1.813,294.50583
72.89,1.813,294.52396
72.89,1.813,294.52396
72.9,1.812,294.54208
72.91,1.812,294.5602
72.92,1.812,294.57832
72.93,1.812,294.59644
72.94,1.811,294.61455
72.95,1.811,294.63266
72.95,1.811,294.63266
72.96,1.811,294.65077
72.97,1.812,294.66889
72.98,1.812,294.68701
72.99,1.812,294.70513
72.99,1.812,294.70513
73,1.812,294.72325
73.01,1.812,294.74137
73.02,1.812,294.75949
73.03,1.812,294.77761
73.04,1.812,294.79573
73.05,1.812,294.81385
73.05,1.812,294.81385
73.06,1.812,294.83197
73.07,1.812,294.85009
73.08,1.812,294.86821
73.09,1.812,294.88633
73.1,1.812,294.90445
73.1,1.812,294.90445
73.11,1.812,294.92257
73.12,1.812,294.94069
73.13,1.812,294.95881
73.14,1.812,294.97693
73.14,1.812,294.97693
73.15,1.812,294.99505
73.16,1.812,295.01317
73.17,1.812,295.03129
73.18,1.812,295.04941
73.19,1.812,295.06753
73.2,1.813,295.08566
73.2,1.813,295.08566
73.21,1.812,295.10378
73.22,1.813,295.12191
73.23,1.813,295.14004
73.24,1.813,295.15817
73.25,1.813,295.1763
73.25,1.813,295.1763
73.26,1.813,295.19443
73.27,1.813,295.21256
73.28,1.813,295.23069
73.29,1.813,295.24882
73.3,1.813,295.26695
73.3,1.813,295.26695
73.31,1.814,295.28509
73.32,1.814,295.30323
73.33,1.814,295.32137
73.34,1.814,295.33951
73.35,1.814,295.35765
73.35,1.814,295.35765
73.36,1.814,295.37579
73.37,1.814,295.39393
73.38,1.814,295.41207
73.39,1.814,295.43021
73.39,1.813,295.43021
73.4,1.813,295.44834
73.41,1.813,295.46647
73.42,1.813,295.4846
73.43,1.813,295.50273
73.44,1.813,295.52086
73.44,1.813,295.52086
73.45,1.813,295.53899
73.46,1.813,295.55712
73.47,1.814,295.57526
73.48,1.814,295.5934
73.49,1.814,295.61154
73.49,1.813,295.61154
73.5,1.813,295.62967
73.51,1.813,295.6478
73.52,1.813,295.66593
73.53,1.813,295.68406
73.54,1.813,295.70219
73.55,1.813,295.72032
73.55,1.813,295.72032
73.56,1.813,295.73845
73.57,1.813,295.75658
73.58,1.814,295.77472
73.59,1.814,295.79286
73.59,1.814,295.79286
73.6,1.814,295.811
73.61,1.814,295.82914
73.62,1.814,295.84728
73.63,1.814,295.86542
73.64,1.814,295.88356
73.65,1.814,295.9017
73.65,1.815,295.9017
73.66,1.815,295.91985
73.67,1.815,295.938
73.68,1.815,295.95615
73.69,1.815,295.9743
73.69,1.815,295.9743
73.7,1.815,295.99245
73.71,1.814,296.01059
73.72,1.814,296.02873
73.73,1.814,296.04687
73.74,1.814,296.06501
73.75,1.814,296.08315
73.75,1.814,296.08315
73.76,1.814,296.10129
73.77,1.814,296.11943
73.78,1.814,296.13757
73.79,1.814,296.15571
73.79,1.814,296.15571
73.8,1.814,296.17385
73.81,1.814,296.19199
73.82,1.814,296.21013
73.83,1.814,296.22827
73.84,1.814,296.24641
73.84,1.814,296.24641
73.85,1.814,296.26455
73.86,1.814,296.28269
73.87,1.814,296.30083
73.88,1.813,296.31896
73.89,1.813,296.33709
73.89,1.813,296.33709
73.9,1.813,296.35522
73.91,1.813,296.37335
73.92,1.813,296.39148
73.93,1.813,296.40961
73.94,1.813,296.42774
73.95,1.813,296.44587
73.95,1.813,296.44587
73.96,1.814,296.46401
73.97,1.814,296.48215
73.98,1.813,296.50028
73.99,1.813,296.51841
73.99,1.813,296.51841
74,1.813,296.53654
74.01,1.813,296.55467
74.02,1.813,296.5728
74.03,1.813,296.59093
74.04,1.813,296.60906
74.04,1.813,296.60906
74.05,1.814,296.6272
74.06,1.814,296.64534
74.07,1.814,296.66348
74.08,1.814,296.68162
74.09,1.814,296.69976
74.09,1.814,296.69976
74.1,1.814,296.7179
74.11,1.814,296.73604
74.12,1.814,296.75418
74.13,1.814,296.77232
74.14,1.814,296.79046
74.14,1.814,296.79046
74.15,1.814,296.8086
74.16,1.814,296.82674
74.17,1.814,296.84488
74.18,1.814,296.86302
74.19,1.813,296.88115
74.19,1.813,296.88115
74.2,1.813,296.89928
74.21,1.813,296.91741
74.22,1.813,296.93554
74.23,1.813,296.95367
74.24,1.813,296.9718
74.24,1.813,296.9718
74.25,1.814,296.98994
74.26,1.814,297.00808
74.27,1.814,297.02622
74.28,1.814,297.04436
74.29,1.814,297.0625
74.29,1.814,297.0625
74.3,1.814,297.08064
74.31,1.813,297.09877
74.32,1.813,297.1169
74.33,1.813,297.13503
74.34,1.813,297.15316
74.34,1.814,297.15316
74.35,1.814,297.1713
74.36,1.814,297.18944
74.37,1.814,297.20758
74.38,1.813,297.22571
74.39,1.813,297.24384
74.39,1.813,297.24384
74.4,1.813,297.26197
74.41,1.813,297.2801
74.42,1.813,297.29823
74.43,1.814,297.31637
74.44,1.814,297.33451
74.44,1.814,297.33451
74.45,1.814,297.35265
74.46,1.814,297.37079
74.47,1.813,297.38892
74.48,1.813,297.40705
74.49,1.813,297.42518
74.49,1.813,297.42518
74.5,1.814,297.44332
74.51,1.814,297.46146
74.52,1.814,297.4796
74.53,1.814,297.49774
74.54,1.815,297.51589
74.54,1.815,297.51589
74.55,1.815,297.53404
74.56,1.815,297.55219
74.57,1.815,297.57034
74.58,1.815,297.58849
74.59,1.815,297.60664
74.6,1.814,297.62478
74.6,1.814,297.62478
74.61,1.814,297.64292
74.62,1.814,297.66106
74.63,1.814,297.6792
74.64,1.814,297.69734
74.64,1.814,297.69734
74.65,1.814,297.71548
74.66,1.814,297.73362
74.67,1.814,297.75176
74.68,1.814,297.7699
74.69,1.814,297.78804
74.69,1.814,297.78804
74.7,1.815,297.80619
74.71,1.815,297.82434
74.72,1.815,297.84249
74.73,1.815,297.86064
74.74,1.815,297.87879
74.74,1.815,297.87879
74.75,1.815,297.89694
74.76,1.815,297.91509
74.77,1.815,297.93324
74.78,1.815,297.95139
74.79,1.815,297.96954
74.79,1.815,297.96954
74.8,1.815,297.98769
74.81,1.815,298.00584
74.82,1.815,298.02399
74.83,1.815,298.04214
74.84,1.815,298.06029
74.84,1.815,298.06029
74.85,1.815,298.07844
74.86,1.815,298.09659
74.87,1.814,298.11473
74.88,1.814,298.13287
74.89,1.815,298.15102
74.9,1.815,298.16917
74.9,1.815,298.16917
74.91,1.815,298.18732
74.92,1.815,298.20547
74.93,1.815,298.22362
74.94,1.815,298.24177
74.94,1.816,298.24177
74.95,1.816,298.25993
74.96,1.816,298.27809
74.97,1.815,298.29624
74.98,1.815,298.31439
74.99,1.815,298.33254
74.99,1.816,298.33254
75,1.816,298.3507
75.01,1.815,298.36885
75.02,1.815,298.387
75.03,1.815,298.40515
75.04,1.815,298.4233
75.04,1.815,298.4233
75.05,1.815,298.44145
75.06,1.814,298.45959
75.07,1.814,298.47773
75.08,1.815,298.49588
75.09,1.815,298.51403
75.1,1.815,298.53218
75.1,1.815,298.53218
75.11,1.815,298.55033
75.12,1.815,298.56848
75.13,1.815,298.58663
75.14,1.815,298.60478
75.15,1.815,298.62293
75.15,1.816,298.62293
75.16,1.815,298.64108
75.17,1.815,298.65923
75.18,1.815,298.67738
75.19,1.815,298.69553
75.19,1.816,298.69553
75.2,1.816,298.71369
75.21,1.816,298.73185
75.22,1.816,298.75001
75.23,1.816,298.76817
75.24,1.816,298.78633
75.24,1.816,298.78633
75.25,1.816,298.80449
75.26,1.815,298.82264
75.27,1.815,298.84079
75.28,1.815,298.85894
75.29,1.815,298.87709
75.29,1.816,298.87709
75.3,1.816,298.89525
75.31,1.816,298.91341
75.32,1.816,298.93157
75.33,1.816,298.94973
75.34,1.816,298.96789
75.35,1.816,298.98605
75.35,1.815,298.98605
75.36,1.815,299.0042
75.37,1.815,299.02235
75.38,1.815,299.0405
75.39,1.815,299.05865
75.4,1.815,299.0768
75.4,1.816,299.0768
75.41,1.816,299.09496
75.42,1.816,299.11312
75.43,1.816,299.13128
75.44,1.816,299.14944
75.44,1.816,299.14944
75.45,1.816,299.1676
75.46,1.816,299.18576
75.47,1.816,299.20392
75.48,1.816,299.22208
75.49,1.816,299.24024
75.49,1.816,299.24024
75.5,1.816,299.2584
75.51,1.815,299.27655
75.52,1.815,299.2947
75.53,1.815,299.31285
75.54,1.815,299.331
75.55,1.815,299.34915
75.55,1.815,299.34915
75.56,1.815,299.3673
75.57,1.815,299.38545
75.58,1.816,299.40361
75.59,1.816,299.42177
75.6,1.816,299.43993
75.6,1.816,299.43993
75.61,1.817,299.4581
75.62,1.817,299.47627
75.63,1.817,299.49444
75.64,1.817,299.51261
75.65,1.817,299.53078
75.65,1.817,299.53078
75.66,1.817,299.54895
75.67,1.817,299.56712
75.68,1.817,299.58529
75.69,1.816,299.60345
75.7,1.816,299.62161
75.7,1.816,299.62161
75.71,1.816,299.63977
75.72,1.816,299.65793
75.73,1.816,299.67609
75.74,1.817,299.69426
75.74,1.817,299.69426
75.75,1.817,299.71243
75.76,1.817,299.7306
75.77,1.817,299.74877
75.78,1.817,299.76694
75.79,1.817,299.78511
75.8,1.817,299.80328
75.8,1.817,299.80328
75.81,1.817,299.82145
75.82,1.817,299.83962
75.83,1.817,299.85779
75.84,1.817,299.87596
75.84,1.818,299.87596
75.85,1.818,299.89414
75.86,1.818,299.91232
75.87,1.819,299.93051
75.88,1.819,299.9487
75.89,1.819,299.96689
75.9,1.819,299.98508
75.9,1.819,299.98508
75.91,1.819,300.00327
75.92,1.819,300.02146
75.93,1.819,300.03965
75.94,1.819,300.05784
75.95,1.819,300.07603
75.95,1.818,300.07603
75.96,1.818,300.09421
75.97,1.818,300.11239
75.98,1.818,300.13057
75.99,1.818,300.14875
76,1.818,300.16693
76,1.818,300.16693
76.01,1.818,300.18511
76.02,1.818,300.20329
76.03,1.818,300.22147
76.04,1.818,300.23965
76.05,1.818,300.25783
76.05,1.818,300.25783
76.06,1.818,300.27601
76.07,1.819,300.2942
76.08,1.819,300.31239
76.09,1.819,300.33058
76.1,1.819,300.34877
76.1,1.819,300.34877
76.11,1.819,300.36696
76.12,1.819,300.38515
76.13,1.819,300.40334
76.14,1.819,300.42153
76.15,1.818,300.43971
76.15,1.818,300.43971
76.16,1.818,300.45789
76.17,1.818,300.47607
76.18,1.818,300.49425
76.19,1.819,300.51244
76.19,1.819,300.51244
76.2,1.819,300.53063
76.21,1.82,300.54883
76.22,1.82,300.56703
76.23,1.82,300.58523
76.24,1.82,300.60343
76.25,1.821,300.62164
76.25,1.821,300.62164
76.26,1.821,300.63985
76.27,1.821,300.65806
76.28,1.821,300.67627
76.29,1.821,300.69448
76.3,1.82,300.71268
76.3,1.82,300.71268
76.31,1.82,300.73088
76.32,1.82,300.74908
76.33,1.82,300.76728
76.34,1.82,300.78548
76.35,1.821,300.80369
76.35,1.821,300.80369
76.36,1.821,300.8219
76.37,1.821,300.84011
76.38,1.822,300.85833
76.39,1.822,300.87655
76.39,1.821,300.87655
76.4,1.821,300.89476
76.41,1.821,300.91297
76.42,1.821,300.93118
76.43,1.821,300.94939
76.44,1.821,300.9676
76.45,1.821,300.98581
76.45,1.822,300.98581
76.46,1.822,301.00403
76.47,1.822,301.02225
76.48,1.822,301.04047
76.49,1.822,301.05869
76.5,1.822,301.07691
76.5,1.822,301.07691
76.51,1.822,301.09513
76.52,1.821,301.11334
76.53,1.821,301.13155
76.54,1.821,301.14976
76.55,1.82,301.16796
76.55,1.82,301.16796
76.56,1.82,301.18616
76.57,1.82,301.20436
76.58,1.82,301.22256
76.59,1.82,301.24076
76.59,1.82,301.24076
76.6,1.821,301.25897
76.61,1.821,301.27718
76.62,1.821,301.29539
76.63,1.821,301.3136
76.64,1.821,301.33181
76.64,1.821,301.33181
76.65,1.821,301.35002
76.66,1.82,301.36822
76.67,1.82,301.38642
76.68,1.82,301.40462
76.69,1.82,301.42282
76.7,1.82,301.44102
76.7,1.82,301.44102
76.71,1.82,301.45922
76.72,1.821,301.47743
76.73,1.821,301.49564
76.74,1.821,301.51385
76.75,1.821,301.53206
76.75,1.821,301.53206
76.76,1.82,301.55026
76.77,1.82,301.56846
76.78,1.82,301.58666
76.79,1.82,301.60486
76.8,1.82,301.62306
76.8,1.82,301.62306
76.81,1.82,301.64126
76.82,1.82,301.65946
76.83,1.82,301.67766
76.84,1.82,301.69586
76.84,1.82,301.69586
76.85,1.821,301.71407
76.86,1.821,301.73228
76.87,1.821,301.75049
76.88,1.821,301.7687
76.89,1.821,301.78691
76.9,1.821,301.80512
76.9,1.821,301.80512
76.91,1.82,301.82332
76.92,1.82,301.84152
76.93,1.82,301.85972
76.94,1.82,301.87792
76.95,1.821,301.89613
76.95,1.821,301.89613
76.96,1.821,301.91434
76.97,1.821,301.93255
76.98,1.822,301.95077
76.99,1.822,301.96899
77,1.822,301.98721
77,1.822,301.98721
77.01,1.822,302.00543
77.02,1.822,302.02365
77.03,1.823,302.04188
77.04,1.823,302.06011
77.04,1.823,302.06011
77.05,1.823,302.07834
77.06,1.823,302.09657
77.07,1.823,302.1148
77.08,1.823,302.13303
77.09,1.823,302.15126
77.1,1.823,302.16949
77.1,1.823,302.16949
77.11,1.823,302.18772
77.12,1.823,302.20595
77.13,1.823,302.22418
77.14,1.823,302.24241
77.14,1.823,302.24241
77.15,1.824,302.26065
77.16,1.824,302.27889
77.17,1.824,302.29713
77.18,1.823,302.31536
77.19,1.823,302.33359
77.2,1.823,302.35182
77.2,1.822,302.35182
77.21,1.822,302.37004
77.22,1.822,302.38826
77.23,1.822,302.40648
77.24,1.822,302.4247
77.25,1.822,302.44292
77.25,1.822,302.44292
77.26,1.822,302.46114
77.27,1.823,302.47937
77.28,1.823,302.4976
77.29,1.823,302.51583
77.3,1.824,302.53407
77.3,1.824,302.53407
77.31,1.824,302.55231
77.32,1.824,302.57055
77.33,1.824,302.58879
77.34,1.824,302.60703
77.35,1.824,302.62527
77.35,1.824,302.62527
77.36,1.823,302.6435
77.37,1.823,302.66173
77.38,1.823,302.67996
77.39,1.823,302.69819
77.4,1.823,302.71642
77.4,1.823,302.71642
77.41,1.824,302.73466
77.42,1.824,302.7529
77.43,1.824,302.77114
77.44,1.824,302.78938
77.45,1.824,302.80762
77.46,1.824,302.82586
77.46,1.824,302.82586
77.47,1.823,302.84409
77.48,1.823,302.86232
77.49,1.823,302.88055
77.5,1.823,302.89878
77.5,1.823,302.89878
77.51,1.823,302.91701
77.52,1.823,302.93524
77.53,1.823,302.95347
77.54,1.823,302.9717
77.54,1.824,302.9717
77.55,1.824,302.98994
77.56,1.824,303.00818
77.57,1.825,303.02643
77.58,1.825,303.04468
77.59,1.825,303.06293
77.6,1.825,303.08118
77.6,1.825,303.08118
77.61,1.824,303.09942
77.62,1.824,303.11766
77.63,1.824,303.1359
77.64,1.824,303.15414
77.64,1.824,303.15414
77.65,1.824,303.17238
77.66,1.824,303.19062
77.67,1.824,303.20886
77.68,1.824,303.2271
77.69,1.824,303.24534
77.7,1.824,303.26358
77.7,1.824,303.26358
77.71,1.824,303.28182
77.72,1.824,303.30006
77.73,1.824,303.3183
77.74,1.824,303.33654
77.74,1.824,303.33654
77.75,1.824,303.35478
77.76,1.824,303.37302
77.77,1.824,303.39126
77.78,1.824,303.4095
77.79,1.824,303.42774
77.8,1.824,303.44598
77.8,1.824,303.44598
77.81,1.824,303.46422
77.82,1.824,303.48246
77.83,1.824,303.5007
77.84,1.824,303.51894
77.84,1.824,303.51894
77.85,1.824,303.53718
77.86,1.824,303.55542
77.87,1.824,303.57366
77.88,1.824,303.5919
77.89,1.824,303.61014
77.9,1.824,303.62838
77.9,1.824,303.62838
77.91,1.824,303.64662
77.92,1.824,303.66486
77.93,1.824,303.6831
77.94,1.824,303.70134
77.95,1.824,303.71958
77.95,1.824,303.71958
77.96,1.824,303.73782
77.97,1.824,303.75606
77.98,1.824,303.7743
77.99,1.824,303.79254
78,1.824,303.81078
78,1.824,303.81078
78.01,1.824,303.82902
78.02,1.824,303.84726
78.03,1.824,303.8655
78.04,1.824,303.88374
78.05,1.824,303.90198
78.05,1.824,303.90198
78.06,1.824,303.92022
78.07,1.824,303.93846
78.08,1.825,303.95671
78.09,1.825,303.97496
78.09,1.825,303.97496
78.1,1.825,303.99321
78.11,1.824,304.01145
78.12,1.824,304.02969
78.13,1.824,304.04793
78.14,1.824,304.06617
78.15,1.824,304.08441
78.15,1.824,304.08441
78.16,1.824,304.10265
78.17,1.825,304.1209
78.18,1.825,304.13915
78.19,1.825,304.1574
78.2,1.825,304.17565
78.2,1.825,304.17565
78.21,1.825,304.1939
78.22,1.825,304.21215
78.23,1.825,304.2304
78.24,1.825,304.24865
78.24,1.825,304.24865
78.25,1.825,304.2669
78.26,1.824,304.28514
78.27,1.824,304.30338
78.28,1.824,304.32162
78.29,1.824,304.33986
78.3,1.824,304.3581
78.3,1.824,304.3581
78.31,1.824,304.37634
78.32,1.824,304.39458
78.33,1.824,304.41282
78.34,1.824,304.43106
78.35,1.824,304.4493
78.35,1.824,304.4493
78.36,1.824,304.46754
78.37,1.824,304.48578
78.38,1.824,304.50402
78.39,1.824,304.52226
78.4,1.825,304.54051
78.4,1.825,304.54051
78.41,1.825,304.55876
78.42,1.825,304.57701
78.43,1.825,304.59526
78.44,1.825,304.61351
78.45,1.825,304.63176
78.45,1.825,304.63176
78.46,1.825,304.65001
78.47,1.825,304.66826
78.48,1.825,304.68651
78.49,1.825,304.70476
78.5,1.825,304.72301
78.5,1.826,304.72301
78.51,1.826,304.74127
78.52,1.826,304.75953
78.53,1.826,304.77779
78.54,1.826,304.79605
78.55,1.826,304.81431
78.55,1.826,304.81431
78.56,1.826,304.83257
78.57,1.826,304.85083
78.58,1.825,304.86908
78.59,1.825,304.88733
78.59,1.825,304.88733
78.6,1.825,304.90558
78.61,1.825,304.92383
78.62,1.825,304.94208
78.63,1.825,304.96033
78.64,1.825,304.97858
78.65,1.825,304.99683
78.65,1.826,304.99683
78.66,1.826,305.01509
78.67,1.826,305.03335
78.68,1.826,305.05161
78.69,1.826,305.06987
78.69,1.826,305.06987
78.7,1.826,305.08813
78.71,1.826,305.10639
78.72,1.826,305.12465
78.73,1.826,305.14291
78.74,1.826,305.16117
78.74,1.826,305.16117
78.75,1.826,305.17943
78.76,1.826,305.19769
78.77,1.826,305.21595
78.78,1.826,305.23421
78.79,1.826,305.25247
78.8,1.826,305.27073
78.8,1.826,305.27073
78.81,1.826,305.28899
78.82,1.826,305.30725
78.83,1.826,305.32551
78.84,1.826,305.34377
78.84,1.826,305.34377
78.85,1.826,305.36203
78.86,1.826,305.38029
78.87,1.826,305.39855
78.88,1.826,305.41681
78.89,1.826,305.43507
78.9,1.826,305.45333
78.9,1.826,305.45333
78.91,1.826,305.47159
78.92,1.826,305.48985
78.93,1.826,305.50811
78.94,1.826,305.52637
78.94,1.826,305.52637
78.95,1.827,305.54464
78.96,1.827,305.56291
78.97,1.826,305.58117
78.98,1.826,305.59943
78.99,1.826,305.61769
78.99,1.826,305.61769
79,1.826,305.63595
79.01,1.826,305.65421
79.02,1.826,305.67247
79.03,1.826,305.69073
79.04,1.826,305.70899
79.05,1.826,305.72725
79.05,1.826,305.72725
79.06,1.826,305.74551
79.07,1.826,305.76377
79.08,1.826,305.78203
79.09,1.826,305.80029
79.1,1.826,305.81855
79.1,1.826,305.81855
79.11,1.826,305.83681
79.12,1.826,305.85507
79.13,1.826,305.87333
79.14,1.826,305.89159
79.14,1.826,305.89159
79.15,1.826,305.90985
79.16,1.826,305.92811
79.17,1.826,305.94637
79.18,1.826,305.96463
79.19,1.826,305.98289
79.2,1.826,306.00115
79.2,1.826,306.00115
79.21,1.826,306.01941
79.22,1.827,306.03768
79.23,1.827,306.05595
79.24,1.827,306.07422
79.25,1.827,306.09249
79.25,1.827,306.09249
79.26,1.827,306.11076
79.27,1.827,306.12903
79.28,1.827,306.1473
79.29,1.827,306.16557
79.3,1.828,306.18385
79.3,1.828,306.18385
79.31,1.828,306.20213
79.32,1.828,306.22041
79.33,1.828,306.23869
79.34,1.828,306.25697
79.35,1.828,306.27525
79.35,1.827,306.27525
79.36,1.827,306.29352
79.37,1.827,306.31179
79.38,1.827,306.33006
79.39,1.827,306.34833
79.4,1.828,306.36661
79.4,1.828,306.36661
79.41,1.828,306.38489
79.42,1.828,306.40317
79.43,1.828,306.42145
79.44,1.827,306.43972
79.45,1.827,306.45799
79.45,1.827,306.45799
79.46,1.827,306.47626
79.47,1.827,306.49453
79.48,1.827,306.5128
79.49,1.827,306.53107
79.5,1.827,306.54934
79.5,1.828,306.54934
79.51,1.828,306.56762
79.52,1.828,306.5859
79.53,1.828,306.60418
79.54,1.829,306.62247
79.55,1.829,306.64076
79.55,1.829,306.64076
79.56,1.829,306.65905
79.57,1.828,306.67733
79.58,1.828,306.69561
79.59,1.828,306.71389
79.6,1.828,306.73217
79.6,1.828,306.73217
79.61,1.828,306.75045
79.62,1.828,306.76873
79.63,1.829,306.78702
79.64,1.829,306.80531
79.65,1.829,306.8236
79.65,1.829,306.8236
79.66,1.829,306.84189
79.67,1.829,306.86018
79.68,1.829,306.87847
79.69,1.829,306.89676
79.7,1.829,306.91505
79.7,1.829,306.91505
79.71,1.829,306.93334
79.72,1.829,306.95163
79.73,1.829,306.96992
79.74,1.829,306.98821
79.75,1.829,307.0065
79.75,1.829,307.0065
79.76,1.829,307.02479
79.77,1.829,307.04308
79.78,1.829,307.06137
79.79,1.829,307.07966
79.8,1.829,307.09795
79.8,1.829,307.09795
79.81,1.829,307.11624
79.82,1.829,307.13453
79.83,1.829,307.15282
79.84,1.829,307.17111
79.85,1.829,307.1894
79.85,1.829,307.1894
79.86,1.829,307.20769
79.87,1.829,307.22598
79.88,1.829,307.24427
79.89,1.83,307.26257
79.9,1.83,307.28087
79.9,1.83,307.28087
79.91,1.83,307.29917
79.92,1.83,307.31747
79.93,1.83,307.33577
79.94,1.83,307.35407
79.95,1.83,307.37237
79.95,1.83,307.37237
79.96,1.83,307.39067
79.97,1.83,307.40897
79.98,1.83,307.42727
79.99,1.83,307.44557
80,1.83,307.46387
80,1.83,307.46387
80.01,1.829,307.48216
80.02,1.829,307.50045
80.03,1.829,307.51874
80.04,1.829,307.53703
80.05,1.829,307.55532
80.05,1.829,307.55532
80.06,1.83,307.57362
80.07,1.83,307.59192
80.08,1.83,307.61022
80.09,1.83,307.62852
80.1,1.83,307.64682
80.1,1.83,307.64682
80.11,1.83,307.66512
80.12,1.83,307.68342
80.13,1.83,307.70172
80.14,1.83,307.72002
80.15,1.83,307.73832
80.15,1.83,307.73832
80.16,1.831,307.75663
80.17,1.831,307.77494
80.18,1.831,307.79325
80.19,1.831,307.81156
80.2,1.831,307.82987
80.2,1.831,307.82987
80.21,1.831,307.84818
80.22,1.831,307.86649
80.23,1.831,307.8848
80.24,1.831,307.90311
80.25,1.831,307.92142
80.25,1.831,307.92142
80.26,1.831,307.93973
80.27,1.831,307.95804
80.28,1.831,307.97635
80.29,1.831,307.99466
80.3,1.831,308.01297
80.3,1.831,308.01297
80.31,1.83,308.03127
80.32,1.83,308.04957
80.33,1.83,308.06787
80.34,1.83,308.08617
80.35,1.83,308.10447
80.35,1.83,308.10447
80.36,1.83,308.12277
80.37,1.831,308.14108
80.38,1.831,308.15939
80.39,1.831,308.1777
80.4,1.831,308.19601
80.4,1.831,308.19601
80.41,1.831,308.21432
80.42,1.831,308.23263
80.43,1.831,308.25094
80.44,1.831,308.26925
80.45,1.831,308.28756
80.45,1.831,308.28756
80.46,1.831,308.30587
80.47,1.831,308.32418
80.48,1.831,308.34249
80.49,1.831,308.3608
80.5,1.832,308.37912
80.5,1.832,308.37912
80.51,1.831,308.39743
80.52,1.831,308.41574
80.53,1.831,308.43405
80.54,1.831,308.45236
80.55,1.83,308.47066
80.55,1.83,308.47066
80.56,1.83,308.48896
80.57,1.831,308.50727
80.58,1.831,308.52558
80.59,1.831,308.54389
80.6,1.832,308.56221
80.6,1.832,308.56221
80.61,1.832,308.58053
80.62,1.832,308.59885
80.63,1.832,308.61717
80.64,1.832,308.63549
80.65,1.832,308.65381
80.65,1.831,308.65381
80.66,1.831,308.67212
80.67,1.831,308.69043
80.68,1.831,308.70874
80.69,1.831,308.72705
80.69,1.831,308.72705
80.7,1.831,308.74536
80.71,1.831,308.76367
80.72,1.831,308.78198
80.73,1.831,308.80029
80.74,1.831,308.8186
80.75,1.831,308.83691
80.75,1.831,308.83691
80.76,1.831,308.85522
80.77,1.831,308.87353
80.78,1.831,308.89184
80.79,1.831,308.91015
80.8,1.831,308.92846
80.8,1.831,308.92846
80.81,1.831,308.94677
80.82,1.831,308.96508
80.83,1.831,308.98339
80.84,1.831,309.0017
80.85,1.831,309.02001
80.85,1.831,309.02001
80.86,1.831,309.03832
80.87,1.832,309.05664
80.88,1.832,309.07496
80.89,1.832,309.09328
80.9,1.832,309.1116
80.9,1.832,309.1116
80.91,1.832,309.12992
80.92,1.832,309.14824
80.93,1.832,309.16656
80.94,1.832,309.18488
80.95,1.832,309.2032
80.95,1.831,309.2032
80.96,1.831,309.22151
80.97,1.831,309.23982
80.98,1.831,309.25813
80.99,1.83,309.27643
81,1.83,309.29473
81,1.831,309.29473
81.01,1.831,309.31304
81.02,1.831,309.33135
81.03,1.831,309.34966
81.04,1.832,309.36798
81.05,1.832,309.3863
81.05,1.832,309.3863
81.06,1.832,309.40462
81.07,1.832,309.42294
81.08,1.832,309.44126
81.09,1.832,309.45958
81.1,1.832,309.4779
81.1,1.833,309.4779
81.11,1.833,309.49623
81.12,1.833,309.51456
81.13,1.833,309.53289
81.14,1.833,309.55122
81.15,1.833,309.56955
81.15,1.832,309.56955
81.16,1.832,309.58787
81.17,1.832,309.60619
81.18,1.832,309.62451
81.19,1.832,309.64283
81.2,1.832,309.66115
81.2,1.831,309.66115
81.21,1.831,309.67946
81.22,1.831,309.69777
81.23,1.831,309.71608
81.24,1.831,309.73439
81.25,1.831,309.7527
81.25,1.832,309.7527
81.26,1.832,309.77102
81.27,1.832,309.78934
81.28,1.832,309.80766
81.29,1.833,309.82599
81.3,1.833,309.84432
81.3,1.833,309.84432
81.31,1.833,309.86265
81.32,1.833,309.88098
81.33,1.833,309.89931
81.34,1.833,309.91764
81.35,1.833,309.93597
81.36,1.833,309.9543
81.36,1.833,309.9543
81.37,1.833,309.97263
81.38,1.833,309.99096
81.39,1.834,310.0093
81.4,1.834,310.02764
81.4,1.834,310.02764
81.41,1.834,310.04598
81.42,1.834,310.06432
81.43,1.834,310.08266
81.44,1.834,310.101
81.45,1.834,310.11934
81.45,1.834,310.11934
81.46,1.834,310.13768
81.47,1.834,310.15602
81.48,1.834,310.17436
81.49,1.834,310.1927
81.5,1.834,310.21104
81.51,1.834,310.22938
81.51,1.834,310.22938
81.52,1.834,310.24772
81.53,1.834,310.26606
81.54,1.835,310.28441
81.55,1.835,310.30276
81.55,1.835,310.30276
81.56,1.835,310.32111
81.57,1.835,310.33946
81.58,1.836,310.35782
81.59,1.835,310.37617
81.6,1.835,310.39452
81.6,1.835,310.39452
81.61,1.835,310.41287
81.62,1.835,310.43122
81.63,1.835,310.44957
81.64,1.835,310.46792
81.65,1.835,310.48627
81.66,1.835,310.50462
81.66,1.835,310.50462
81.67,1.835,310.52297
81.68,1.835,310.54132
81.69,1.835,310.55967
81.7,1.835,310.57802
81.7,1.835,310.57802
81.71,1.835,310.59637
81.72,1.836,310.61473
81.73,1.836,310.63309
81.74,1.836,310.65145
81.75,1.837,310.66982
81.75,1.837,310.66982
81.76,1.837,310.68819
81.77,1.837,310.70656
81.78,1.838,310.72494
81.79,1.838,310.74332
81.8,1.838,310.7617
81.8,1.838,310.7617
81.81,1.838,310.78008
81.82,1.838,310.79846
81.83,1.838,310.81684
81.84,1.838,310.83522
81.85,1.838,310.8536
81.85,1.839,310.8536
81.86,1.839,310.87199
81.87,1.839,310.89038
81.88,1.839,310.90877
81.89,1.839,310.92716
81.9,1.839,310.94555
81.9,1.839,310.94555
81.91,1.838,310.96393
81.92,1.838,310.98231
81.93,1.838,311.00069
81.94,1.838,311.01907
81.95,1.838,311.03745
81.95,1.838,311.03745
81.96,1.838,311.05583
81.97,1.839,311.07422
81.98,1.839,311.09261
81.99,1.839,311.111
82,1.839,311.12939
82,1.839,311.12939
82.01,1.84,311.14779
82.02,1.839,311.16618
82.03,1.84,311.18458
82.04,1.84,311.20298
82.05,1.839,311.22137
82.05,1.839,311.22137
82.06,1.84,311.23977
82.07,1.84,311.25817
82.08,1.84,311.27657
82.09,1.839,311.29496
82.1,1.839,311.31335
82.1,1.839,311.31335
82.11,1.839,311.33174
82.12,1.839,311.35013
82.13,1.839,311.36852
82.14,1.839,311.38691
82.15,1.84,311.40531
82.15,1.84,311.40531
82.16,1.84,311.42371
82.17,1.84,311.44211
82.18,1.84,311.46051
82.19,1.84,311.47891
82.2,1.84,311.49731
82.2,1.84,311.49731
82.21,1.84,311.51571
82.22,1.84,311.53411
82.23,1.84,311.55251
82.24,1.84,311.57091
82.25,1.84,311.58931
82.25,1.84,311.58931
82.26,1.84,311.60771
82.27,1.84,311.62611
82.28,1.84,311.64451
82.29,1.839,311.6629
82.3,1.839,311.68129
82.3,1.839,311.68129
82.31,1.839,311.69968
82.32,1.839,311.71807
82.33,1.839,311.73646
82.34,1.839,311.75485
82.35,1.84,311.77325
82.35,1.84,311.77325
82.36,1.84,311.79165
82.37,1.84,311.81005
82.38,1.84,311.82845
82.39,1.84,311.84685
82.39,1.839,311.84685
82.4,1.839,311.86524
82.41,1.839,311.88363
82.42,1.839,311.90202
82.43,1.839,311.92041
82.44,1.84,311.93881
82.45,1.84,311.95721
82.45,1.84,311.95721
82.46,1.84,311.97561
82.47,1.84,311.99401
82.48,1.84,312.01241
82.49,1.839,312.0308
82.5,1.839,312.04919
82.5,1.839,312.04919
82.51,1.839,312.06758
82.52,1.839,312.08597
82.53,1.839,312.10436
82.54,1.84,312.12276
82.55,1.84,312.14116
82.55,1.839,312.14116
82.56,1.839,312.15955
82.57,1.839,312.17794
82.58,1.839,312.19633
82.59,1.839,312.21472
82.6,1.839,312.23311
82.6,1.839,312.23311
82.61,1.839,312.2515
82.62,1.839,312.26989
82.63,1.839,312.28828
82.64,1.839,312.30667
82.65,1.839,312.32506
82.65,1.839,312.32506
82.66,1.84,312.34346
82.67,1.84,312.36186
82.68,1.84,312.38026
82.69,1.84,312.39866
82.7,1.839,312.41705
82.7,1.839,312.41705
82.71,1.839,312.43544
82.72,1.839,312.45383
82.73,1.839,312.47222
82.74,1.839,312.49061
82.74,1.838,312.49061
82.75,1.838,312.50899
82.76,1.838,312.52737
82.77,1.838,312.54575
82.78,1.838,312.56413
82.79,1.838,312.58251
82.8,1.838,312.60089
82.8,1.838,312.60089
82.81,1.838,312.61927
82.82,1.838,312.63765
82.83,1.838,312.65603
82.84,1.839,312.67442
82.85,1.839,312.69281
82.85,1.839,312.69281
82.86,1.838,312.71119
82.87,1.838,312.72957
82.88,1.838,312.74795
82.89,1.838,312.76633
82.9,1.837,312.7847
82.9,1.837,312.7847
82.91,1.837,312.80307
82.92,1.837,312.82144
82.93,1.837,312.83981
82.94,1.837,312.85818
82.94,1.838,312.85818
82.95,1.838,312.87656
82.96,1.838,312.89494
82.97,1.838,312.91332
82.98,1.838,312.9317
82.99,1.839,312.95009
83,1.839,312.96848
83,1.839,312.96848
83.01,1.839,312.98687
83.02,1.839,313.00526
83.03,1.839,313.02365
83.04,1.839,313.04204
83.05,1.839,313.06043
83.05,1.839,313.06043
83.06,1.839,313.07882
83.07,1.839,313.09721
83.08,1.839,313.1156
83.09,1.839,313.13399
83.09,1.839,313.13399
83.1,1.838,313.15237
83.11,1.838,313.17075
83.12,1.838,313.18913
83.13,1.838,313.20751
83.14,1.838,313.22589
83.15,1.838,313.24427
83.15,1.838,313.24427
83.16,1.838,313.26265
83.17,1.838,313.28103
83.18,1.838,313.29941
83.19,1.838,313.31779
83.2,1.838,313.33617
83.2,1.838,313.33617
83.21,1.838,313.35455
83.22,1.838,313.37293
83.23,1.838,313.39131
83.24,1.838,313.40969
83.25,1.838,313.42807
83.25,1.838,313.42807
83.26,1.838,313.44645
83.27,1.838,313.46483
83.28,1.838,313.48321
83.29,1.838,313.50159
83.3,1.838,313.51997
83.3,1.838,313.51997
83.31,1.838,313.53835
83.32,1.838,313.55673
83.33,1.838,313.57511
83.34,1.838,313.59349
83.35,1.839,313.61188
83.35,1.839,313.61188
83.36,1.839,313.63027
83.37,1.839,313.64866
83.38,1.839,313.66705
83.39,1.839,313.68544
83.4,1.839,313.70383
83.4,1.839,313.70383
83.41,1.839,313.72222
83.42,1.839,313.74061
83.43,1.839,313.759
83.44,1.839,313.77739
83.45,1.838,313.79577
83.45,1.838,313.79577
83.46,1.838,313.81415
83.47,1.838,313.83253
83.48,1.839,313.85092
83.49,1.839,313.86931
83.5,1.839,313.8877
83.5,1.839,313.8877
83.51,1.839,313.90609
83.52,1.84,313.92449
83.53,1.84,313.94289
83.54,1.839,313.96128
83.55,1.839,313.97967
83.55,1.839,313.97967
83.56,1.839,313.99806
83.57,1.839,314.01645
83.58,1.839,314.03484
83.59,1.839,314.05323
83.6,1.839,314.07162
83.6,1.839,314.07162
83.61,1.839,314.09001
83.62,1.839,314.1084
83.63,1.838,314.12678
83.64,1.838,314.14516
83.65,1.839,314.16355
83.65,1.839,314.16355
83.66,1.839,314.18194
83.67,1.839,314.20033
83.68,1.839,314.21872
83.69,1.84,314.23712
83.69,1.84,314.23712
83.7,1.84,314.25552
83.71,1.84,314.27392
83.72,1.841,314.29233
83.73,1.841,314.31074
83.74,1.84,314.32914
83.74,1.84,314.32914
83.75,1.84,314.34754
83.76,1.84,314.36594
83.77,1.84,314.38434
83.78,1.84,314.40274
83.79,1.841,314.42115
83.8,1.841,314.43956
83.8,1.841,314.43956
83.81,1.841,314.45797
83.82,1.841,314.47638
83.83,1.841,314.49479
83.84,1.841,314.5132
83.85,1.84,314.5316
83.85,1.84,314.5316
83.86,1.84,314.55
83.87,1.84,314.5684
83.88,1.84,314.5868
83.89,1.84,314.6052
83.9,1.84,314.6236
83.9,1.841,314.6236
83.91,1.841,314.64201
83.92,1.841,314.66042
83.93,1.842,314.67884
83.94,1.842,314.69726
83.95,1.842,314.71568
83.95,1.842,314.71568
83.96,1.842,314.7341
83.97,1.842,314.75252
83.98,1.841,314.77093
83.99,1.841,314.78934
84,1.841,314.80775
84,1.841,314.80775
84.01,1.841,314.82616
84.02,1.841,314.84457
84.03,1.841,314.86298
84.04,1.841,314.88139
84.05,1.841,314.8998
84.05,1.841,314.8998
84.06,1.841,314.91821
84.07,1.841,314.93662
84.08,1.841,314.95503
84.09,1.841,314.97344
84.1,1.842,314.99186
84.1,1.842,314.99186
84.11,1.842,315.01028
84.12,1.842,315.0287
84.13,1.842,315.04712
84.14,1.843,315.06555
84.15,1.843,315.08398
84.15,1.843,315.08398
84.16,1.843,315.10241
84.17,1.843,315.12084
84.18,1.843,315.13927
84.19,1.843,315.1577
84.2,1.843,315.17613
84.2,1.843,315.17613
84.21,1.843,315.19456
84.22,1.843,315.21299
84.23,1.843,315.23142
84.24,1.843,315.24985
84.25,1.843,315.26828
84.25,1.843,315.26828
84.26,1.844,315.28672
84.27,1.844,315.30516
84.28,1.844,315.3236
84.29,1.844,315.34204
84.29,1.844,315.34204
84.3,1.844,315.36048
84.31,1.844,315.37892
84.32,1.844,315.39736
84.33,1.844,315.4158
84.34,1.844,315.43424
84.35,1.844,315.45268
84.35,1.844,315.45268
84.36,1.844,315.47112
84.37,1.844,315.48956
84.38,1.844,315.508
84.39,1.844,315.52644
84.4,1.844,315.54488
84.4,1.844,315.54488
84.41,1.844,315.56332
84.42,1.844,315.58176
84.43,1.844,315.6002
84.44,1.845,315.61865
84.45,1.845,315.6371
84.45,1.845,315.6371
84.46,1.845,315.65555
84.47,1.845,315.674
84.48,1.845,315.69245
84.49,1.845,315.7109
84.5,1.845,315.72935
84.5,1.845,315.72935
84.51,1.845,315.7478
84.52,1.845,315.76625
84.53,1.846,315.78471
84.54,1.846,315.80317
84.55,1.846,315.82163
84.55,1.846,315.82163
84.56,1.846,315.84009
84.57,1.846,315.85855
84.58,1.846,315.87701
84.59,1.846,315.89547
84.6,1.846,315.91393
84.6,1.846,315.91393
84.61,1.846,315.93239
84.62,1.846,315.95085
84.63,1.846,315.96931
84.64,1.846,315.98777
84.64,1.846,315.98777
84.65,1.846,316.00623
84.66,1.846,316.02469
84.67,1.846,316.04315
84.68,1.846,316.06161
84.69,1.846,316.08007
84.7,1.846,316.09853
84.7,1.846,316.09853
84.71,1.846,316.11699
84.72,1.845,316.13544
84.73,1.845,316.15389
84.74,1.845,316.17234
84.75,1.846,316.1908
84.75,1.846,316.1908
84.76,1.846,316.20926
84.77,1.846,316.22772
84.78,1.846,316.24618
84.79,1.846,316.26464
84.8,1.846,316.2831
84.8,1.845,316.2831
84.81,1.845,316.30155
84.82,1.845,316.32
84.83,1.845,316.33845
84.84,1.845,316.3569
84.85,1.845,316.37535
84.85,1.845,316.37535
84.86,1.846,316.39381
84.87,1.846,316.41227
84.88,1.847,316.43074
84.89,1.847,316.44921
84.9,1.847,316.46768
84.9,1.847,316.46768
84.91,1.847,316.48615
84.92,1.847,316.50462
84.93,1.846,316.52308
84.94,1.846,316.54154
84.95,1.845,316.55999
84.95,1.845,316.55999
84.96,1.845,316.57844
84.97,1.844,316.59688
84.98,1.844,316.61532
84.99,1.845,316.63377
85,1.845,316.65222
85,1.845,316.65222
85.01,1.845,316.67067
85.02,1.846,316.68913
85.03,1.846,316.70759
85.04,1.846,316.72605
85.05,1.846,316.74451
85.05,1.846,316.74451
85.06,1.846,316.76297
85.07,1.846,316.78143
85.08,1.846,316.79989
85.09,1.845,316.81834
85.1,1.845,316.83679
85.1,1.845,316.83679
85.11,1.845,316.85524
85.12,1.845,316.87369
85.13,1.845,316.89214
85.14,1.845,316.91059
85.15,1.845,316.92904
85.15,1.845,316.92904
85.16,1.846,316.9475
85.17,1.846,316.96596
85.18,1.846,316.98442
85.19,1.846,317.00288
85.2,1.846,317.02134
85.2,1.846,317.02134
85.21,1.846,317.0398
85.22,1.846,317.05826
85.23,1.846,317.07672
85.24,1.846,317.09518
85.25,1.846,317.11364
85.25,1.846,317.11364
85.26,1.846,317.1321
85.27,1.846,317.15056
85.28,1.847,317.16903
85.29,1.846,317.18749
85.3,1.846,317.20595
85.3,1.846,317.20595
85.31,1.846,317.22441
85.32,1.846,317.24287
85.33,1.846,317.26133
85.34,1.846,317.27979
85.35,1.846,317.29825
85.35,1.846,317.29825
85.36,1.846,317.31671
85.37,1.847,317.33518
85.38,1.847,317.35365
85.39,1.847,317.37212
85.4,1.847,317.39059
85.4,1.848,317.39059
85.41,1.848,317.40907
85.42,1.848,317.42755
85.43,1.848,317.44603
85.44,1.848,317.46451
85.45,1.848,317.48299
85.45,1.848,317.48299
85.46,1.848,317.50147
85.47,1.848,317.51995
85.48,1.848,317.53843
85.49,1.848,317.55691
85.5,1.848,317.57539
85.51,1.847,317.59386
85.51,1.847,317.59386
85.52,1.847,317.61233
85.53,1.847,317.6308
85.54,1.847,317.64927
85.55,1.847,317.66774
85.55,1.847,317.66774
85.56,1.848,317.68622
85.57,1.848,317.7047
85.58,1.848,317.72318
85.59,1.848,317.74166
85.6,1.848,317.76014
85.6,1.848,317.76014
85.61,1.848,317.77862
85.62,1.848,317.7971
85.63,1.848,317.81558
85.64,1.849,317.83407
85.65,1.849,317.85256
85.65,1.849,317.85256
85.66,1.849,317.87105
85.67,1.849,317.88954
85.68,1.849,317.90803
85.69,1.849,317.92652
85.7,1.849,317.94501
85.7,1.849,317.94501
85.71,1.849,317.9635
85.72,1.849,317.98199
85.73,1.849,318.00048
85.74,1.849,318.01897
85.75,1.849,318.03746
85.75,1.849,318.03746
85.76,1.849,318.05595
85.77,1.85,318.07445
85.78,1.85,318.09295
85.79,1.85,318.11145
85.8,1.85,318.12995
85.8,1.85,318.12995
85.81,1.85,318.14845
85.82,1.85,318.16695
85.83,1.85,318.18545
85.84,1.85,318.20395
85.85,1.85,318.22245
85.85,1.85,318.22245
85.86,1.85,318.24095
85.87,1.85,318.25945
85.88,1.85,318.27795
85.89,1.85,318.29645
85.9,1.85,318.31495
85.9,1.849,318.31495
85.91,1.849,318.33344
85.92,1.849,318.35193
85.93,1.849,318.37042
85.94,1.85,318.38892
85.95,1.85,318.40742
85.95,1.85,318.40742
85.96,1.851,318.42593
85.97,1.851,318.44444
85.98,1.851,318.46295
85.99,1.852,318.48147
86,1.852,318.49999
86,1.852,318.49999
86.01,1.852,318.51851
86.02,1.851,318.53702
86.03,1.851,318.55553
86.04,1.851,318.57404
86.05,1.851,318.59255
86.05,1.85,318.59255
86.06,1.851,318.61106
86.07,1.851,318.62957
86.08,1.851,318.64808
86.09,1.851,318.66659
86.1,1.852,318.68511
86.1,1.852,318.68511
86.11,1.852,318.70363
86.12,1.852,318.72215
86.13,1.852,318.74067
86.14,1.852,318.75919
86.15,1.851,318.7777
86.15,1.851,318.7777
86.16,1.851,318.79621
86.17,1.851,318.81472
86.18,1.851,318.83323
86.19,1.851,318.85174
86.2,1.851,318.87025
86.2,1.851,318.87025
86.21,1.851,318.88876
86.22,1.851,318.90727
86.23,1.852,318.92579
86.24,1.852,318.94431
86.25,1.852,318.96283
86.25,1.852,318.96283
86.26,1.852,318.98135
86.27,1.852,318.99987
86.28,1.851,319.01838
86.29,1.851,319.03689
86.3,1.851,319.0554
86.3,1.851,319.0554
86.31,1.852,319.07392
86.32,1.852,319.09244
86.33,1.852,319.11096
86.34,1.852,319.12948
86.35,1.852,319.148
86.35,1.852,319.148
86.36,1.852,319.16652
86.37,1.852,319.18504
86.38,1.851,319.20355
86.39,1.851,319.22206
86.39,1.851,319.22206
86.4,1.851,319.24057
86.41,1.85,319.25907
86.42,1.85,319.27757
86.43,1.85,319.29607
86.44,1.85,319.31457
86.45,1.85,319.33307
86.45,1.85,319.33307
86.46,1.85,319.35157
86.47,1.85,319.37007
86.48,1.851,319.38858
86.49,1.851,319.40709
86.5,1.851,319.4256
86.5,1.851,319.4256
86.51,1.851,319.44411
86.52,1.851,319.46262
86.53,1.851,319.48113
86.54,1.851,319.49964
86.54,1.851,319.49964
86.55,1.851,319.51815
86.56,1.85,319.53665
86.57,1.85,319.55515
86.58,1.85,319.57365
86.59,1.85,319.59215
86.6,1.85,319.61065
86.6,1.85,319.61065
86.61,1.85,319.62915
86.62,1.85,319.64765
86.63,1.85,319.66615
86.64,1.85,319.68465
86.64,1.85,319.68465
86.65,1.85,319.70315
86.66,1.85,319.72165
86.67,1.85,319.74015
86.68,1.85,319.75865
86.69,1.85,319.77715
86.7,1.85,319.79565
86.7,1.85,319.79565
86.71,1.85,319.81415
86.72,1.85,319.83265
86.73,1.85,319.85115
86.74,1.85,319.86965
86.75,1.85,319.88815
86.75,1.85,319.88815
86.76,1.85,319.90665
86.77,1.85,319.92515
86.78,1.85,319.94365
86.79,1.85,319.96215
86.8,1.85,319.98065
86.8,1.849,319.98065
86.81,1.849,319.99914
86.82,1.849,320.01763
86.83,1.849,320.03612
86.84,1.849,320.05461
86.84,1.849,320.05461
86.85,1.849,320.0731
86.86,1.85,320.0916
86.87,1.849,320.11009
86.88,1.849,320.12858
86.89,1.849,320.14707
86.89,1.849,320.14707
86.9,1.849,320.16556
86.91,1.85,320.18406
86.92,1.85,320.20256
86.93,1.85,320.22106
86.94,1.85,320.23956
86.95,1.85,320.25806
86.95,1.85,320.25806
86.96,1.85,320.27656
86.97,1.85,320.29506
86.98,1.85,320.31356
86.99,1.85,320.33206
87,1.85,320.35056
87,1.85,320.35056
87.01,1.85,320.36906
87.02,1.85,320.38756
87.03,1.85,320.40606
87.04,1.85,320.42456
87.05,1.85,320.44306
87.05,1.85,320.44306
87.06,1.85,320.46156
87.07,1.85,320.48006
87.08,1.85,320.49856
87.09,1.85,320.51706
87.1,1.85,320.53556
87.1,1.85,320.53556
87.11,1.849,320.55405
87.12,1.849,320.57254
87.13,1.849,320.59103
87.14,1.849,320.60952
87.15,1.849,320.62801
87.15,1.85,320.62801
87.16,1.85,320.64651
87.17,1.85,320.66501
87.18,1.851,320.68352
87.19,1.851,320.70203
87.2,1.851,320.72054
87.2,1.851,320.72054
87.21,1.851,320.73905
87.22,1.851,320.75756
87.23,1.851,320.77607
87.24,1.851,320.79458
87.25,1.851,320.81309
87.25,1.851,320.81309
87.26,1.851,320.8316
87.27,1.851,320.85011
87.28,1.852,320.86863
87.29,1.852,320.88715
87.3,1.852,320.90567
87.3,1.852,320.90567
87.31,1.853,320.9242
87.32,1.853,320.94273
87.33,1.852,320.96125
87.34,1.852,320.97977
87.35,1.852,320.99829
87.35,1.852,320.99829
87.36,1.852,321.01681
87.37,1.852,321.03533
87.38,1.852,321.05385
87.39,1.852,321.07237
87.4,1.852,321.09089
87.4,1.853,321.09089
87.41,1.853,321.10942
87.42,1.853,321.12795
87.43,1.854,321.14649
87.44,1.854,321.16503
87.45,1.854,321.18357
87.45,1.854,321.18357
87.46,1.854,321.20211
87.47,1.854,321.22065
87.48,1.854,321.23919
87.49,1.854,321.25773
87.5,1.854,321.27627
87.5,1.854,321.27627
87.51,1.854,321.29481
87.52,1.854,321.31335
87.53,1.854,321.33189
87.54,1.854,321.35043
87.55,1.854,321.36897
87.55,1.854,321.36897
87.56,1.854,321.38751
87.57,1.854,321.40605
87.58,1.854,321.42459
87.59,1.854,321.44313
87.6,1.854,321.46167
87.6,1.854,321.46167
87.61,1.855,321.48022
87.62,1.855,321.49877
87.63,1.855,321.51732
87.64,1.855,321.53587
87.65,1.855,321.55442
87.65,1.855,321.55442
87.66,1.855,321.57297
87.67,1.855,321.59152
87.68,1.856,321.61008
87.69,1.856,321.62864
87.7,1.856,321.6472
87.7,1.856,321.6472
87.71,1.856,321.66576
87.72,1.856,321.68432
87.73,1.856,321.70288
87.74,1.856,321.72144
87.75,1.856,321.74
87.75,1.856,321.74
87.76,1.856,321.75856
87.77,1.856,321.77712
87.78,1.855,321.79567
87.79,1.856,321.81423
87.8,1.856,321.83279
87.8,1.856,321.83279
87.81,1.856,321.85135
87.82,1.857,321.86992
87.83,1.857,321.88849
87.84,1.857,321.90706
87.85,1.857,321.92563
87.85,1.858,321.92563
87.86,1.858,321.94421
87.87,1.857,321.96278
87.88,1.857,321.98135
87.89,1.857,321.99992
87.9,1.857,322.01849
87.9,1.858,322.01849
87.91,1.858,322.03707
87.92,1.858,322.05565
87.93,1.858,322.07423
87.94,1.858,322.09281
87.95,1.858,322.11139
87.95,1.858,322.11139
87.96,1.858,322.12997
87.97,1.858,322.14855
87.98,1.858,322.16713
87.99,1.858,322.18571
88,1.858,322.20429
88,1.858,322.20429
88.01,1.858,322.22287
88.02,1.858,322.24145
88.03,1.858,322.26003
88.04,1.858,322.27861
88.05,1.859,322.2972
88.05,1.859,322.2972
88.06,1.859,322.31579
88.07,1.859,322.33438
88.08,1.859,322.35297
88.09,1.859,322.37156
88.1,1.859,322.39015
88.1,1.859,322.39015
88.11,1.859,322.40874
88.12,1.859,322.42733
88.13,1.859,322.44592
88.14,1.859,322.46451
88.15,1.859,322.4831
88.15,1.86,322.4831
88.16,1.86,322.5017
88.17,1.86,322.5203
88.18,1.86,322.5389
88.19,1.86,322.5575
88.2,1.86,322.5761
88.2,1.86,322.5761
88.21,1.86,322.5947
88.22,1.859,322.61329
88.23,1.859,322.63188
88.24,1.859,322.65047
88.25,1.859,322.66906
88.25,1.859,322.66906
88.26,1.859,322.68765
88.27,1.859,322.70624
88.28,1.859,322.72483
88.29,1.859,322.74342
88.3,1.859,322.76201
88.3,1.859,322.76201
88.31,1.859,322.7806
88.32,1.859,322.79919
88.33,1.859,322.81778
88.34,1.859,322.83637
88.35,1.86,322.85497
88.35,1.86,322.85497
88.36,1.861,322.87358
88.37,1.861,322.89219
88.38,1.861,322.9108
88.39,1.861,322.92941
88.4,1.861,322.94802
88.4,1.86,322.94802
88.41,1.86,322.96662
88.42,1.859,322.98521
88.43,1.859,323.0038
88.44,1.859,323.02239
88.45,1.859,323.04098
88.45,1.859,323.04098
88.46,1.859,323.05957
88.47,1.86,323.07817
88.48,1.859,323.09676
88.49,1.859,323.11535
88.5,1.859,323.13394
88.5,1.859,323.13394
88.51,1.859,323.15253
88.52,1.859,323.17112
88.53,1.859,323.18971
88.54,1.859,323.2083
88.55,1.859,323.22689
88.55,1.86,323.22689
88.56,1.86,323.24549
88.57,1.86,323.26409
88.58,1.86,323.28269
88.59,1.86,323.30129
88.6,1.86,323.31989
88.6,1.86,323.31989
88.61,1.86,323.33849
88.62,1.86,323.35709
88.63,1.86,323.37569
88.64,1.86,323.39429
88.65,1.86,323.41289
88.65,1.86,323.41289
88.66,1.86,323.43149
88.67,1.86,323.45009
88.68,1.859,323.46868
88.69,1.859,323.48727
88.7,1.859,323.50586
88.7,1.858,323.50586
88.71,1.858,323.52444
88.72,1.858,323.54302
88.73,1.858,323.5616
88.74,1.859,323.58019
88.75,1.859,323.59878
88.76,1.859,323.61737
88.76,1.859,323.61737
88.77,1.859,323.63596
88.78,1.859,323.65455
88.79,1.86,323.67315
88.8,1.86,323.69175
88.8,1.859,323.69175
88.81,1.859,323.71034
88.82,1.859,323.72893
88.83,1.859,323.74752
88.84,1.859,323.76611
88.85,1.858,323.78469
88.85,1.858,323.78469
88.86,1.858,323.80327
88.87,1.858,323.82185
88.88,1.859,323.84044
88.89,1.859,323.85903
88.9,1.859,323.87762
88.9,1.859,323.87762
88.91,1.859,323.89621
88.92,1.859,323.9148
88.93,1.859,323.93339
88.94,1.859,323.95198
88.95,1.859,323.97057
88.95,1.86,323.97057
88.96,1.86,323.98917
88.97,1.86,324.00777
88.98,1.86,324.02637
88.99,1.86,324.04497
89,1.86,324.06357
89,1.86,324.06357
89.01,1.86,324.08217
89.02,1.86,324.10077
89.03,1.86,324.11937
89.04,1.86,324.13797
89.05,1.86,324.15657
89.05,1.86,324.15657
89.06,1.861,324.17518
89.07,1.861,324.19379
89.08,1.861,324.2124
89.09,1.861,324.23101
89.1,1.861,324.24962
89.1,1.861,324.24962
89.11,1.861,324.26823
89.12,1.861,324.28684
89.13,1.861,324.30545
89.14,1.861,324.32406
89.15,1.861,324.34267
89.15,1.861,324.34267
89.16,1.861,324.36128
89.17,1.861,324.37989
89.18,1.861,324.3985
89.19,1.861,324.41711
89.2,1.862,324.43573
89.2,1.862,324.43573
89.21,1.862,324.45435
89.22,1.863,324.47298
89.23,1.863,324.49161
89.24,1.863,324.51024
89.25,1.863,324.52887
89.25,1.863,324.52887
89.26,1.862,324.54749
89.27,1.862,324.56611
89.28,1.862,324.58473
89.29,1.862,324.60335
89.3,1.862,324.62197
89.3,1.862,324.62197
89.31,1.863,324.6406
89.32,1.863,324.65923
89.33,1.863,324.67786
89.34,1.863,324.69649
89.35,1.863,324.71512
89.36,1.863,324.73375
89.36,1.863,324.73375
89.37,1.863,324.75238
89.38,1.863,324.77101
89.39,1.863,324.78964
89.4,1.863,324.80827
89.4,1.863,324.80827
89.41,1.863,324.8269
89.42,1.864,324.84554
89.43,1.864,324.86418
89.44,1.864,324.88282
89.45,1.864,324.90146
89.45,1.864,324.90146
89.46,1.863,324.92009
89.47,1.863,324.93872
89.48,1.864,324.95736
89.49,1.864,324.976
89.5,1.864,324.99464
89.5,1.864,324.99464
89.51,1.865,325.01329
89.52,1.865,325.03194
89.53,1.865,325.05059
89.54,1.865,325.06924
89.55,1.864,325.08788
89.55,1.864,325.08788
89.56,1.864,325.10652
89.57,1.864,325.12516
89.58,1.864,325.1438
89.59,1.864,325.16244
89.6,1.864,325.18108
89.6,1.865,325.18108
89.61,1.865,325.19973
89.62,1.865,325.21838
89.63,1.865,325.23703
89.64,1.866,325.25569
89.65,1.866,325.27435
89.65,1.866,325.27435
89.66,1.866,325.29301
89.67,1.866,325.31167
89.68,1.866,325.33033
89.69,1.866,325.34899
89.7,1.866,325.36765
89.7,1.866,325.36765
89.71,1.867,325.38632
89.72,1.867,325.40499
89.73,1.867,325.42366
89.74,1.867,325.44233
89.75,1.866,325.46099
89.75,1.866,325.46099
89.76,1.866,325.47965
89.77,1.866,325.49831
89.78,1.866,325.51697
89.79,1.865,325.53562
89.8,1.865,325.55427
89.8,1.865,325.55427
89.81,1.865,325.57292
89.82,1.865,325.59157
89.83,1.866,325.61023
89.84,1.866,325.62889
89.85,1.867,325.64756
89.85,1.867,325.64756
89.86,1.867,325.66623
89.87,1.868,325.68491
89.88,1.868,325.70359
89.89,1.868,325.72227
89.9,1.868,325.74095
89.9,1.867,325.74095
89.91,1.867,325.75962
89.92,1.867,325.77829
89.93,1.867,325.79696
89.94,1.867,325.81563
89.95,1.867,325.8343
89.96,1.867,325.85297
89.96,1.867,325.85297
89.97,1.867,325.87164
89.98,1.867,325.89031
89.99,1.867,325.90898
90,1.867,325.92765
90,1.867,325.92765
90.01,1.867,325.94632
90.02,1.867,325.96499
90.03,1.867,325.98366
90.04,1.867,326.00233
90.05,1.867,326.021
90.05,1.867,326.021
90.06,1.867,326.03967
90.07,1.867,326.05834
90.08,1.867,326.07701
90.09,1.867,326.09568
90.1,1.868,326.11436
90.1,1.868,326.11436
90.11,1.868,326.13304
90.12,1.868,326.15172
90.13,1.868,326.1704
90.14,1.868,326.18908
90.15,1.868,326.20776
90.15,1.868,326.20776
90.16,1.868,326.22644
90.17,1.868,326.24512
90.18,1.867,326.26379
90.19,1.867,326.28246
90.2,1.867,326.30113
90.2,1.867,326.30113
90.21,1.867,326.3198
90.22,1.867,326.33847
90.23,1.867,326.35714
90.24,1.867,326.37581
90.25,1.867,326.39448
90.25,1.867,326.39448
90.26,1.867,326.41315
90.27,1.868,326.43183
90.28,1.868,326.45051
90.29,1.868,326.46919
90.3,1.868,326.48787
90.3,1.868,326.48787
90.31,1.868,326.50655
90.32,1.867,326.52522
90.33,1.867,326.54389
90.34,1.867,326.56256
90.35,1.867,326.58123
90.35,1.867,326.58123
90.36,1.867,326.5999
90.37,1.867,326.61857
90.38,1.867,326.63724
90.39,1.867,326.65591
90.39,1.867,326.65591
90.4,1.867,326.67458
90.41,1.867,326.69325
90.42,1.867,326.71192
90.43,1.867,326.73059
90.44,1.867,326.74926
90.45,1.867,326.76793
90.45,1.867,326.76793
90.46,1.867,326.7866
90.47,1.867,326.80527
90.48,1.867,326.82394
90.49,1.867,326.84261
90.5,1.867,326.86128
90.5,1.867,326.86128
90.51,1.867,326.87995
90.52,1.867,326.89862
90.53,1.867,326.91729
90.54,1.867,326.93596
90.55,1.867,326.95463
90.55,1.867,326.95463
90.56,1.867,326.9733
90.57,1.867,326.99197
90.58,1.868,327.01065
90.59,1.868,327.02933
90.6,1.868,327.04801
90.6,1.868,327.04801
90.61,1.867,327.06668
90.62,1.867,327.08535
90.63,1.867,327.10402
90.64,1.867,327.12269
90.65,1.866,327.14135
90.65,1.866,327.14135
90.66,1.866,327.16001
90.67,1.866,327.17867
90.68,1.867,327.19734
90.69,1.867,327.21601
90.7,1.867,327.23468
90.7,1.867,327.23468
90.71,1.868,327.25336
90.72,1.867,327.27203
90.73,1.868,327.29071
90.74,1.868,327.30939
90.75,1.867,327.32806
90.75,1.867,327.32806
90.76,1.868,327.34674
90.77,1.868,327.36542
90.78,1.868,327.3841
90.79,1.868,327.40278
90.8,1.869,327.42147
90.8,1.869,327.42147
90.81,1.869,327.44016
90.82,1.869,327.45885
90.83,1.87,327.47755
90.84,1.87,327.49625
90.85,1.869,327.51494
90.85,1.869,327.51494
90.86,1.869,327.53363
90.87,1.869,327.55232
90.88,1.868,327.571
90.89,1.868,327.58968
90.9,1.868,327.60836
90.9,1.868,327.60836
90.91,1.868,327.62704
90.92,1.868,327.64572
90.93,1.868,327.6644
90.94,1.868,327.68308
90.95,1.869,327.70177
90.95,1.869,327.70177
90.96,1.869,327.72046
90.97,1.869,327.73915
90.98,1.869,327.75784
90.99,1.869,327.77653
91,1.87,327.79523
91.01,1.87,327.81393
91.01,1.87,327.81393
91.02,1.87,327.83263
91.03,1.87,327.85133
91.04,1.87,327.87003
91.05,1.869,327.88872
91.05,1.869,327.88872
91.06,1.869,327.90741
91.07,1.87,327.92611
91.08,1.87,327.94481
91.09,1.87,327.96351
91.1,1.87,327.98221
91.1,1.869,327.98221
91.11,1.869,328.0009
91.12,1.869,328.01959
91.13,1.869,328.03828
91.14,1.869,328.05697
91.15,1.869,328.07566
91.15,1.869,328.07566
91.16,1.87,328.09436
91.17,1.87,328.11306
91.18,1.87,328.13176
91.19,1.871,328.15047
91.2,1.871,328.16918
91.2,1.871,328.16918
91.21,1.871,328.18789
91.22,1.871,328.2066
91.23,1.871,328.22531
91.24,1.871,328.24402
91.25,1.871,328.26273
91.26,1.871,328.28144
91.26,1.871,328.28144
91.27,1.872,328.30016
91.28,1.871,328.31887
91.29,1.871,328.33758
91.3,1.871,328.35629
91.3,1.871,328.35629
91.31,1.871,328.375
91.32,1.871,328.39371
91.33,1.871,328.41242
91.34,1.871,328.43113
91.35,1.872,328.44985
91.35,1.872,328.44985
91.36,1.872,328.46857
91.37,1.873,328.4873
91.38,1.873,328.50603
91.39,1.873,328.52476
91.4,1.873,328.54349
91.4,1.873,328.54349
91.41,1.873,328.56222
91.42,1.872,328.58094
91.43,1.872,328.59966
91.44,1.872,328.61838
91.45,1.872,328.6371
91.45,1.872,328.6371
91.46,1.873,328.65583
91.47,1.873,328.67456
91.48,1.873,328.69329
91.49,1.874,328.71203
91.5,1.874,328.73077
91.5,1.874,328.73077
91.51,1.873,328.7495
91.52,1.873,328.76823
91.53,1.873,328.78696
91.54,1.873,328.80569
91.55,1.873,328.82442
91.55,1.873,328.82442
91.56,1.873,328.84315
91.57,1.873,328.86188
91.58,1.873,328.88061
91.59,1.873,328.89934
91.6,1.873,328.91807
91.6,1.873,328.91807
91.61,1.873,328.9368
91.62,1.873,328.95553
91.63,1.874,328.97427
91.64,1.874,328.99301
91.65,1.874,329.01175
91.66,1.874,329.03049
91.66,1.874,329.03049
91.67,1.874,329.04923
91.68,1.874,329.06797
91.69,1.874,329.08671
91.7,1.874,329.10545
91.7,1.874,329.10545
91.71,1.874,329.12419
91.72,1.874,329.14293
91.73,1.874,329.16167
91.74,1.874,329.18041
91.75,1.874,329.19915
91.75,1.875,329.19915
91.76,1.875,329.2179
91.77,1.875,329.23665
91.78,1.875,329.2554
91.79,1.875,329.27415
91.8,1.875,329.2929
91.8,1.875,329.2929
91.81,1.875,329.31165
91.82,1.875,329.3304
91.83,1.875,329.34915
91.84,1.876,329.36791
91.85,1.876,329.38667
91.86,1.877,329.40544
91.86,1.877,329.40544
91.87,1.878,329.42422
91.88,1.879,329.44301
91.89,1.879,329.4618
91.9,1.88,329.4806
91.9,1.881,329.4806
91.91,1.882,329.49942
91.92,1.883,329.51825
91.93,1.884,329.53709
91.94,1.886,329.55595
91.95,1.887,329.57482
91.95,1.888,329.57482
91.96,1.889,329.59371
91.97,1.891,329.61262
91.98,1.892,329.63154
91.99,1.894,329.65048
92,1.895,329.66943
92,1.897,329.66943
92.01,1.9,329.68843
92.02,1.902,329.70745
92.03,1.905,329.7265
92.04,1.908,329.74558
92.05,1.912,329.7647
92.05,1.915,329.7647
92.06,1.919,329.78389
92.07,1.923,329.80312
92.08,1.927,329.82239
92.09,1.931,329.8417
92.1,1.935,329.86105
92.1,1.94,329.86105
92.11,1.945,329.8805
92.12,1.95,329.9
92.13,1.955,329.91955
92.14,1.961,329.93916
92.15,1.967,329.95883
92.15,1.973,329.95883
92.16,1.979,329.97862
92.17,1.986,329.99848
92.18,1.992,330.0184
92.19,1.999,330.03839
92.2,2.007,330.05846
92.2,2.014,330.05846
92.21,2.022,330.07868
